tree
version=v4
num_class=1
num_tree_per_iteration=1
label_index=0
max_feature_idx=43
objective=binary sigmoid:1
feature_names=f_atr_rel f_bars_left f_bb_pos f_body f_close f_dist_hi_12 f_dist_hi_24 f_dist_hi_75 f_dist_lo_12 f_dist_lo_24 f_dist_lo_75 f_dow f_dte f_ema_rel_12 f_ema_rel_48 f_hl_range f_hma_rel f_hma_slope f_idx_ret_24 f_idx_ret_6 f_idx_rsi f_idx_vol_24 f_is_ce f_log_close f_lower_wick f_minute_of_day f_moneyness f_oi_chg_24 f_oi_chg_6 f_req_move f_ret_1 f_ret_12 f_ret_24 f_ret_3 f_ret_48 f_ret_6 f_rsi f_tsi f_upper_wick f_vol_12 f_vol_24 f_vol_48 f_vol_6 f_vol_rel
feature_infos=[0:0.56438818565400839] [-1:75] [-2.1242645786247984:2.1242645786247927] [-0.89758612608389987:0.33551500360530262] [142.40000000000001:4080] [0:1.7733955329375177] [0:1.8730001830496066] [0:2.7192417061611378] [0:0.60268964616790699] [0:0.60673717195456323] [0:0.70323264440911504] [0:4] [26:147] [-1.4057034934680079:0.41095881012988233] [-1.5934783571594671:0.47609769788191375] [0:0.90508554019217258] [-1.5043201971431894:0.49984278909081958] [-0.47950583428169052:0.15834085172530554] [-0.019347257829387288:0.011601225756955547] [-0.018031296806834463:0.010303499546309602] [8.9482549215627358:87.722314619238205] [0.0002299653909949357:0.0033040978873432763] [0:1] [4.9586399989778753:8.3138522673982074] [0:0.24501236603462492] [555:935] [-0.02093232217298735:0.020691627161617626] [-1:857] [-1:208] [0.050007242705914112:0.59999655331170398] [-0.62424180641215155:0.96380334954078872] [-0.63950762016412666:1.4130434782608696] [-0.65193180080534185:1.4706451612903226] [-0.62424180641215155:1.1377419354838709] [-0.65208471379784894:1.3421052631578947] [-0.63457617615576734:1.4706451612903226] [0:99.999999999998565] [-99.999999999999574:99.999999999998579] [0:0.17904799840669183] [0:0.27949738393551365] [0:0.1994518822190057] [0:0.14162116314599116] [0:0.39866234157345359] [0:47.999999999934474]
tree_sizes=6759 6879 6883 6911 6898 6893 6916 6914 6987 6906 6890 6899 6980 6972 6906 6930 6926 6947 6961 6993 6939 6935 6924 6957 6983 7003 6910 6985 6972 6965 6952 6914 6951 6954 6996 6971 6967 6973 6960 6939 7002 6995 6970 6949 6966 6972 6984 6994 6983 6995 6993 6968 6977 6946 6977 7000 6979

Tree=0
num_leaves=63
num_cat=0
split_feature=4 12 12 12 12 10 10 39 11 10 21 21 12 4 26 11 10 12 12 10 10 18 21 4 27 4 11 12 20 8 26 21 34 18 1 26 14 34 36 11 12 12 12 11 1 26 20 12 26 10 11 12 1 16 37 39 6 1 26 26 26 36
split_gain=4293.92 3126.54 1249.23 1077.07 1141.15 979.43 944.301 705.045 585.897 564.564 453.572 369.717 331.105 323.851 288.966 277.284 302.978 246.1 308.507 243.992 237.144 235.841 293.333 186.087 179.439 178.188 174.155 386.072 173.808 201.667 170.189 161.665 152.989 142.325 140.706 128.92 125.58 123.787 123.088 432.328 115.165 114.782 131.25 111.159 111.087 105.203 113.686 98.0454 113.151 92.7414 90.1539 88.5233 87.1461 127.107 78.8162 73.8485 71.1205 70.1772 69.8744 66.923 125.881 81.1355
threshold=1160.0250000000003 34.500000000000007 33.500000000000007 41.500000000000007 61.500000000000007 0.38228988095593647 0.057329826298775276 0.021824756007203246 1.0000000180025095e-35 0.21480776052235154 0.00050332780956397068 0.0024105775746217106 27.500000000000004 664.82500000000016 0.0053088632770896997 1.0000000180025095e-35 0.29167868820927106 55.500000000000007 53.500000000000007 0.26975503513094518 0.070702694944594205 -0.0087747700571931247 0.00084956341151054516 1473.9250000000002 0.21436633344082548 489.22500000000008 2.5000000000000004 59.500000000000007 53.224461222035103 0.054044054616771094 0.0016893894219066584 0.00084956341151054516 0.16855673129241147 0.001632451504082755 37.500000000000007 -0.010978769071233985 -0.065711782430373497 -0.21724261039776435 47.889437174791688 2.5000000000000004 35.500000000000007 40.500000000000007 58.000000000000007 1.5000000000000002 29.500000000000004 0.0089283371322727428 57.900079879421689 47.500000000000007 0.0034991263494981791 0.092843556796842017 1.5000000000000002 46.500000000000007 30.500000000000004 -0.033091336477551095 -16.079418615114207 0.025965792837381714 0.070540225464114523 19.500000000000004 0.0071186002046812217 0.0016893894219066584 0.016167284842638827 40.334055481785931
decision_type=2 2 2 2 2 10 8 10 2 10 8 10 2 2 2 2 8 2 2 10 10 8 8 2 8 2 2 2 10 10 2 8 10 10 2 2 2 10 10 2 2 2 2 2 2 2 10 2 2 8 2 2 2 8 10 10 10 2 2 2 2 8
left_child=1 2 6 36 8 12 7 33 30 17 -8 21 32 14 19 -15 28 18 24 54 -4 -9 55 41 47 -20 -19 49 29 -17 -5 -16 45 -1 -33 -6 40 -27 39 -30 -3 -14 59 -31 -21 -2 -47 51 -49 -28 -40 -10 53 -39 -12 -23 -11 -7 -26 -43 61 -61
right_child=5 3 20 4 35 57 10 11 9 56 13 -13 23 15 31 16 -18 26 25 44 -22 22 -24 -25 58 37 27 -29 38 43 -32 34 -34 -35 -36 -37 -38 52 50 -41 -42 42 -44 -45 -46 46 -48 48 -50 -51 -52 -53 -54 -55 -56 -57 -58 -59 -60 60 -62 -63
leaf_value=-1.1978861641082501 -1.1474143953578579 -1.0910411079014601 -0.93608339681831498 -1.1175203696928702 -1.0985599106323543 -1.1071180017953346 -0.98317761705784035 -0.97990209828541563 -1.0492989729103273 -1.131676838213769 -1.0315564133794377 -1.2075825502303204 -1.1942406188109889 -1.0014097598899045 -1.1397574057799729 -1.1242810695723571 -1.1491615149964556 -0.96142541239459878 -1.1928098348376419 -1.1351641302075168 -1.0746942581830483 -1.0686580701600967 -1.1508486658901771 -1.1962141832232331 -1.0620209878243168 -1.0588718444629195 -1.0604019867730663 -1.1571091059720027 -1.1548782355075466 -1.0964081480087102 -1.1972253994685136 -1.0025099168519349 -1.1933445189395411 -1.0992740327257908 -1.0911014361328313 -1.1685838526685877 -1.1950658929194011 -1.1638388985397783 -1.0732792985516666 -0.96208830858241834 -1.1712181335250402 -1.1686208213334297 -1.1854949580222351 -1.0042466747896697 -1.0317592084679756 -1.0333631332591389 -1.1364332372396799 -1.0223326992061343 -1.0885044244558428 -0.96105663765626814 -1.163102827477678 -0.9675259250992978 -1.16067988501131 -1.0574789160012368 -0.95502045077557296 -0.97261996488987645 -1.1849771451004103 -1.0376249983202344 -1.126118892661093 -1.1518695780910793 -1.1784870263187752 -1.0917114072565939
leaf_weight=283.61081802845001 97.227512001991272 53.199959397315979 189.13502806425095 105.48267811536789 69.710291624069214 53.75030380487442 165.10332226753235 75.764080107212067 64.757191956043243 326.72112995386124 44.027552604675293 46.045482099056244 498.42858511209488 78.332354009151459 79.616490960121155 68.426154673099518 222.52258878946304 70.077187895774841 67.692362129688263 37.97376412153244 36.873075306415558 37.790315985679626 85.486831307411194 2462.974671959877 67.325465857982635 104.56543743610382 36.689627170562744 59.437196016311646 66.408225178718567 41.826174974441528 183.44813585281372 76.314424514770508 73.746150612831116 42.009623110294342 108.60129642486572 1151.3205006122589 782.95664381980896 44.577897012233734 37.97376412153244 51.732374310493469 283.24392175674438 284.89495497941971 466.32516133785248 150.24402326345444 82.184764862060547 64.57374382019043 45.678585827350616 112.82060354948044 151.16126394271851 65.307536363601685 105.6661262512207 67.692362129688263 95.943375051021576 75.94752824306488 142.53920155763626 42.559967517852783 77.41511332988739 112.08681100606918 115.38887745141983 91.540619790554047 116.85646253824234 144.55713105201721
leaf_count=1546 530 290 1031 575 380 293 900 413 353 1781 240 251 2717 427 434 373 1213 382 369 207 201 206 466 13426 367 570 200 324 362 228 1000 416 402 229 592 6276 4268 243 207 282 1544 1553 2542 819 448 352 249 615 824 356 576 369 523 414 777 232 422 611 629 499 637 788
internal_value=-1.14178 -1.11618 -1.07057 -1.14202 -1.1269 -1.17941 -1.08221 -1.13478 -1.10259 -1.09078 -1.06154 -1.07774 -1.18396 -1.07082 -1.0419 -1.09089 -1.10031 -1.07356 -1.08463 -1.00887 -0.958698 -1.05299 -1.08638 -1.18759 -1.06151 -1.11909 -1.02725 -1.05582 -1.07949 -1.05057 -1.16813 -1.08019 -1.13149 -1.18516 -1.05454 -1.16459 -1.18409 -1.10354 -1.10826 -1.07046 -1.15854 -1.17432 -1.16533 -1.02432 -1.06444 -1.1095 -1.07607 -1.04261 -1.06022 -0.996792 -1.13936 -1.00751 -1.12512 -1.09682 -0.973082 -1.01779 -1.14189 -1.06015 -1.1025 -1.15059 -1.13604 -1.11504
internal_weight=11144.3 6631.65 2398.77 4232.88 3113.48 4512.64 2172.76 613.267 1892.45 1603.52 1559.49 287.647 4346.8 1394.39 571.257 823.132 744.799 1199.38 967.872 306.725 226.008 241.601 165.837 4065.58 579.146 388.727 231.512 161.434 522.277 260.496 288.931 264.532 281.226 325.62 184.916 1221.03 1119.4 321.034 261.78 118.141 336.444 1602.6 1104.17 192.07 120.159 207.48 110.252 396.431 263.982 101.997 143.64 132.45 216.469 120.525 186.567 80.3503 404.136 165.837 182.714 637.849 352.954 236.098
internal_count=60749 36150 13076 23074 16972 24599 11844 3343 10316 8741 8501 1568 23695 7601 3114 4487 4060 6538 5276 1672 1232 1317 904 22162 3157 2119 1262 880 2847 1420 1575 1442 1533 1775 1008 6656 6102 1750 1427 644 1834 8736 6019 1047 655 1131 601 2161 1439 556 783 722 1180 657 1017 438 2203 904 996 3477 1924 1287
is_linear=0
shrinkage=1


Tree=1
num_leaves=63
num_cat=0
split_feature=29 12 22 4 12 10 29 12 18 11 21 4 12 12 12 10 29 20 34 29 12 12 1 11 12 12 12 12 14 22 12 4 29 40 41 12 34 11 41 41 4 22 11 4 29 41 29 29 0 29 12 34 22 4 29 25 29 10 11 34 6 12
split_gain=5275.61 2849.54 2129.22 2097.45 1439.04 1019.48 716.084 713.804 731.995 631.249 535.107 531.875 498.697 545.085 522.661 474.124 473.415 443.865 386.564 373.568 260.541 356.278 253.936 249.101 245.593 353.264 341.72 243.498 233.972 232.439 365.081 216.225 210.101 189.69 172.482 215.483 171.226 170.758 166.782 166.447 163.29 149.45 289.259 141.208 140.974 130.555 121.545 120.495 115.851 109.802 107.11 104.063 128.846 93.1684 87.3783 86.5014 85.569 84.5128 83.0889 80.328 78.2672 85.1623
threshold=0.20412411425957727 34.500000000000007 1.0000000180025095e-35 1299.2500000000002 28.500000000000004 0.22843195373843822 0.38101020701913374 28.500000000000004 -0.0072413795610132827 1.5000000000000002 0.0012911939358669045 1173.9750000000001 34.500000000000007 41.500000000000007 55.500000000000007 0.34482466377410775 0.2895285269477394 60.834321422847644 -0.3242662188677114 0.34141945071899432 41.500000000000007 61.500000000000007 36.500000000000007 1.5000000000000002 41.500000000000007 61.500000000000007 58.000000000000007 32.500000000000007 -0.065711782430373497 1.0000000180025095e-35 61.500000000000007 633.87500000000011 0.4595652679090611 0.018006481170256671 0.060050925976615301 32.500000000000007 0.0083588674043060269 2.5000000000000004 0.035566725601822662 0.033765773037720125 1274.1000000000001 1.0000000180025095e-35 3.5000000000000004 1588.5500000000004 0.13295664517288758 0.035566725601822662 0.10925838096855407 0.082832950532611083 0.037972627574612429 0.45521234604898669 53.500000000000007 -0.097494650691197379 1.0000000180025095e-35 828.07500000000016 0.45099395964118766 597.50000000000011 0.37673425660216409 0.34482466377410775 1.5000000000000002 0.069240942891206317 0.021438172914424545 27.500000000000004
decision_type=2 2 2 2 2 10 2 2 8 2 10 2 2 2 2 10 2 8 8 2 2 2 2 2 2 2 2 2 2 2 2 2 2 10 10 2 10 2 8 10 2 2 2 2 2 10 2 2 2 2 2 8 2 2 2 2 2 10 2 10 8 2
left_child=3 2 4 12 9 55 27 8 32 -2 17 16 18 28 38 33 20 40 -1 23 -3 45 -19 -10 -18 26 37 -7 58 30 -16 -20 -4 46 35 60 53 56 50 41 -11 42 54 -35 -32 51 -5 -30 -25 -8 -15 -22 -53 -28 -39 -6 59 -13 -14 -26 -33 -62
right_child=1 11 7 15 5 6 49 -9 19 10 -12 57 13 14 29 -17 24 22 31 -21 21 -23 -24 48 25 -27 36 -29 47 -31 44 34 -34 43 -36 -37 -38 39 -40 -41 -42 -43 -44 -45 -46 -47 -48 -49 -50 -51 -52 52 -54 -55 -56 -57 -58 -59 -60 -61 61 -63
leaf_value=-0.0056724269936800778 -0.064528708274186664 -0.045261076389106973 0.16975853137298533 -0.00015329006178387461 0.099681761658195131 0.18562645005943701 0.035167330955803065 -0.065336982140154251 0.13378632116506681 0.14971324700563812 -0.059046777506106478 -0.060103722496619265 0.12757485354027864 0.15918531880416611 0.14002125531433504 0.14638502376740112 -0.064434984242542168 0.10328754393249262 0.16047400497437314 -0.049194609172373387 0.13105885357072281 -0.02672145041518725 -0.048975581592567541 -0.04772341972241121 0.018808848950276139 -0.056477675489818635 0.15157207138123344 0.05945943689902803 0.050092644228801012 -0.025332423951730632 0.069159535531928884 0.1693460420649108 0.034309595702103728 0.051088737109331643 0.19373635095514463 -0.013202370439390158 -0.0055943658010728196 0.1518799030395761 0.063783298204734898 -0.057504187515958982 0.037346105756097807 -0.030305498863641658 -0.020473152253540499 -0.016558565544326675 0.0060840857136960427 -0.013383861849118254 -0.045191544408563322 -0.03741013258976255 0.050626302094200465 -0.045433754083494655 0.10302938539889084 0.079930021706082335 -0.017431291749148477 0.052005005552371066 0.057575238520227515 0.17794092592203142 -0.049308111585715624 0.0011517057023193689 0.035022735510550101 -0.051128154828999489 0.12480811778874197 0.071840070778307272
leaf_weight=60.633944272994995 194.92063277959824 157.14400282502174 79.045505061745644 242.15562643110752 39.33984412252903 86.543206006288528 66.300312519073486 579.92918826639652 52.536711022257805 146.61830291152 94.718572497367859 2391.9761984944344 41.321438133716583 228.22122666239738 119.68041679263115 49.500753745436668 628.46882472932339 41.39561165869236 276.0843538492918 302.81860865652561 64.328844621777534 181.28523924946785 80.890558257699013 57.801871672272682 107.44720461964607 680.03253030776978 45.606928363442421 68.520609706640244 50.328031331300735 84.885858103632927 185.52586671710014 42.747139796614647 44.88776583969593 166.20707815885544 47.662072375416756 42.567713394761086 64.289012730121613 53.461216762661934 94.670886605978012 77.472834542393684 41.477364957332611 80.586988657712936 77.461173608899117 143.96151839196682 169.53304493427277 48.572914198040962 392.77848650515079 180.24470791220665 62.125994026660919 116.50253763794899 135.22706982493401 148.0897745937109 44.100821331143379 48.460010156035423 45.440373629331589 344.66377784311771 442.73304624855518 57.665907993912697 58.696639984846115 66.448864623904228 145.02768333256245 159.17252841591835
leaf_count=333 1078 876 406 1355 202 445 347 3232 278 751 518 13352 225 1211 631 264 3503 219 1420 1625 339 1000 437 316 580 3753 230 365 282 472 1024 227 230 917 249 232 348 276 514 424 216 427 410 806 936 266 2199 1010 330 611 730 786 239 252 235 1724 2396 310 325 360 771 852
internal_value=0.000261981 -0.0212095 0.0230536 0.0554565 0.0666254 0.114188 0.0508407 -0.025793 0.0124781 0.00940451 0.0449787 -0.041297 0.0835359 0.0651733 0.0832921 -0.00445776 -0.0274024 0.0767239 0.115528 -0.0157414 0.01071 0.0287938 0.00256766 0.0429967 -0.037546 -0.0281023 -0.0107091 0.129875 0.00939342 0.0508729 0.0644988 0.125832 0.1207 -0.0123583 0.103955 0.0929686 0.0572965 -0.0220324 0.122894 0.00673641 0.124935 0.0261056 0.051882 0.0196909 0.0390424 0.0617808 -0.0280145 -0.0183106 0.00322449 -0.0162007 0.138292 0.0760135 0.0575891 0.100279 0.108552 0.169924 -0.0376349 -0.0586617 0.0732597 -0.00791536 0.105995 0.0970926
internal_weight=11128.9 8012.11 2501.04 3116.83 1321.89 721.87 337.867 1179.15 599.216 600.021 405.1 5511.07 2122.23 1348.34 1017.74 994.603 3061.43 310.382 773.895 475.283 643.522 486.378 122.286 172.465 2417.91 1789.44 1109.41 155.064 330.591 559.625 474.739 713.261 123.933 945.103 437.177 389.515 158.356 951.052 458.119 334.423 188.096 256.95 176.363 310.169 355.059 305.092 634.934 230.573 119.928 182.803 363.448 256.519 192.191 94.0669 98.9016 384.004 616.629 2449.64 100.018 173.896 346.947 304.2
internal_count=60677 43692 13330 16985 6913 3694 1768 6417 3185 3219 2141 30362 11444 7360 5518 5541 16700 1623 4084 2549 3506 2630 656 924 13194 9691 5938 810 1842 3063 2591 3751 636 5277 2331 2082 830 5108 2455 1772 967 1348 921 1723 1960 1630 3554 1292 646 958 1941 1364 1025 482 511 1926 3336 13662 550 940 1850 1623
is_linear=0
shrinkage=0.05


Tree=2
num_leaves=63
num_cat=0
split_feature=29 4 12 22 12 10 12 12 12 10 11 29 0 7 12 22 34 20 12 12 12 4 12 34 29 22 12 29 14 34 29 41 12 29 1 29 4 12 12 11 12 11 29 1 18 0 7 11 34 18 29 4 11 4 14 12 41 10 12 34 7 29
split_gain=4700.45 2301.81 2226.51 1726.82 959.527 849.641 584.005 618.159 569.25 487.249 473.945 468.375 451.479 439.861 506.496 379.5 358.947 372.496 319.787 544.856 393.087 301.208 290.895 288.061 267.304 251.959 398.05 248.39 245.464 221.483 210.372 172.543 170.775 165.776 153.662 166.089 148.66 145.348 127.195 123.986 121.198 194.824 229.957 113.939 110.48 108.942 105.164 100.236 96.0237 90.6498 152.366 86.8202 85.8441 84.3327 82.2912 82.042 78.6287 77.5387 73.5986 72.6219 71.9141 66.5161
threshold=0.24614391330214966 1299.2500000000002 34.500000000000007 1.0000000180025095e-35 28.500000000000004 0.21480776052235154 34.500000000000007 41.500000000000007 55.500000000000007 0.34482466377410775 1.5000000000000002 0.42536985175034114 0.043730610855844648 0.56377910163985523 28.500000000000004 1.0000000180025095e-35 0.17773105983594431 57.900079879421689 41.500000000000007 61.500000000000007 58.000000000000007 994.22500000000014 32.500000000000007 0.0083588674043060269 0.10925838096855407 1.0000000180025095e-35 61.500000000000007 0.43622239852976441 -0.07736998269618163 0.098462464018067478 0.12640874451937309 0.035566725601822662 30.500000000000004 0.10496558069453282 36.500000000000007 0.45307202587110013 1224.8750000000002 53.500000000000007 53.500000000000007 1.5000000000000002 28.500000000000004 1.5000000000000002 0.4296410740538022 39.500000000000007 -0.0049201968242391638 0.0068602884353518067 0.082313813994070742 2.5000000000000004 0.1333657560056524 -0.0072413795610132827 0.32674410511522151 1762.3500000000001 1.5000000000000002 612.02500000000009 0.085683332277717614 55.500000000000007 0.060050925976615301 0.20591175948865567 119.50000000000001 0.12990228798576034 0.22300503825512433 0.12880692951316039
decision_type=2 2 2 2 2 10 2 2 2 10 2 2 2 10 2 2 10 10 2 2 2 2 2 10 2 2 2 2 2 8 2 8 2 2 2 2 2 2 2 2 2 2 2 2 8 2 8 2 10 8 2 2 2 2 2 2 8 10 2 8 8 2
left_child=1 6 3 4 10 -6 13 28 31 24 -2 22 40 21 -15 18 17 36 -4 20 27 53 -7 -22 45 26 -10 29 52 37 -28 38 60 -30 35 -14 -12 46 54 -40 41 42 -5 -19 51 -3 -20 -36 -33 50 -17 -26 -8 -1 -9 57 -55 -31 -32 -47 -23 -41
right_child=2 9 15 12 5 11 7 8 25 -11 16 -13 34 14 -16 49 -18 43 19 -21 23 32 -24 -25 44 -27 30 -29 33 55 58 48 -34 -35 47 -37 -38 -39 39 61 -42 -43 -44 -45 -46 59 -48 -49 -50 -51 -52 -53 -54 56 -56 -57 -58 -59 -60 -61 -62 -63
leaf_value=0.14798873552832423 -0.063968724966124935 -0.0067483164212066866 -0.061540165179326034 0.086379558735261971 0.14873030399457204 0.15110077459856908 0.12817430737378324 0.14662521311539231 0.11916937635055076 0.11898755354535513 0.14073926712195145 -0.030212971482515318 0.1302070659400538 0.14265680797748456 -0.05484716903076238 0.050383537557163197 -0.058720811582482407 0.071266380360138049 0.011799271452889613 -0.051144354632502935 0.12959582694426905 0.11609314420188184 0.019115588316794219 -0.0025216341427891243 0.033257863846783066 -0.033322444434036307 0.070138868017777856 -0.037983472705295077 0.033775344795507742 0.0029451661900825182 0.011384210253554756 0.080163655509838824 -0.0091480764962764399 -0.044297325843041149 0.035165999051569835 0.0013708367825964716 0.035198200381911231 0.0089677479386431943 0.13855689134753588 0.099489718536125649 -0.064381544705480048 -0.054483413343548018 -0.04593413281182665 -0.031208660641900612 -0.042891131542307108 0.069253690957838718 0.10975551777863934 -0.057643099349912935 -0.016781961904346412 -0.062025973342897493 -0.051341830247333332 -0.055638378341096764 0.031214944823417426 0.10191580813088263 0.070287297643104193 0.036149275280902358 0.16912975638526848 -0.059321922228249606 -0.056295004380048266 -0.01053070675851058 0.048467753324571615 0.022134492897105219
leaf_weight=315.60749085247517 162.26118661463261 212.21092517673969 634.92957432568073 68.138419315218925 364.91661460697651 94.323483869433403 37.771948873996735 267.19373701512814 155.90977275371552 66.969832479953766 122.77818717062473 143.07285064458847 60.945786356925964 50.990253493189812 89.33004230260849 48.521833464503288 75.913013949990273 38.643862053751945 38.665789917111397 852.80696399509907 95.067433178424835 97.767901048064232 74.895423963665962 72.891186237335205 92.836781054735184 105.64102748036385 169.89199951291084 448.28912106156349 96.044777780771255 82.743070125579834 227.37695699930191 81.36921826004982 60.968223541975021 232.79786758124828 65.254483625292778 42.431264787912369 45.81517830491066 146.44552589952946 66.009521037340164 45.991749584674835 466.45222707092762 217.3665127903223 63.385285571217537 91.004122823476791 708.20385055243969 111.84265847504139 94.036395639181137 52.497562527656555 37.228838592767715 1981.8898944109678 152.50681635737419 39.005828067660332 57.700447037816048 287.85092054307461 40.677626743912697 50.823344707489014 51.259662583470345 126.33106055855751 48.789062082767487 38.284532129764557 65.752013623714447 70.218689262866974
leaf_count=1513 929 1188 3662 349 1706 454 196 1322 778 336 591 760 301 256 497 266 425 197 206 4850 460 493 389 394 519 595 905 2464 530 440 1256 427 329 1327 346 218 233 798 338 237 2692 1205 342 494 4038 615 482 285 200 11365 858 223 316 1459 206 276 248 707 270 213 341 366
internal_value=0.000345644 0.0434519 -0.0242014 0.0168736 0.0573525 0.0969207 0.0690793 0.0514773 0.0683948 -0.0122735 0.00739893 0.0363806 -0.030524 0.0991307 0.0169228 -0.0433527 0.0383493 0.063057 -0.0306102 -0.0208307 0.00154611 0.112251 0.0926848 0.0722591 -0.0195845 0.0378986 0.0503974 -0.0104831 -0.00100366 0.0123872 0.0263597 0.103847 0.0622719 -0.0214947 0.0328422 0.077326 0.112059 0.0433123 0.116942 0.0838329 -0.0477095 -0.0254196 0.0226136 -0.000664172 -0.0350675 0.0163115 0.0812137 -0.00621121 0.0497317 -0.0587809 -0.0267886 0.00695778 0.0695752 0.129388 0.136539 -0.0208285 0.112076 -0.0346791 -0.000572385 0.0489076 0.0889007 0.0527488
internal_weight=11105.5 4029.49 7076.04 2250.1 1213.62 677.208 2760.14 1740.61 1316.3 1269.35 536.416 312.292 1036.47 1019.53 140.32 4825.95 374.154 298.241 2643.03 2008.1 1155.29 879.206 169.219 167.959 1202.38 707.609 601.968 987.334 424.315 539.045 446.058 608.689 224.488 328.843 221.129 103.377 168.593 279.148 490.091 182.22 815.342 348.89 131.524 129.648 840.046 362.338 132.702 117.752 118.598 2182.92 201.029 131.843 95.4724 654.718 307.871 259.897 339.111 209.074 276.166 150.127 163.52 116.21
internal_count=60681 21537 39144 11916 6178 3309 14405 9269 6900 7132 2869 1603 5738 5136 753 27228 1940 1515 14739 11077 6227 4383 843 854 6796 3804 3209 5373 2369 2909 2431 3096 1163 1857 1150 519 824 1486 2469 941 4588 1896 691 691 4780 2016 688 631 627 12489 1124 742 512 3220 1528 1423 1707 1147 1526 828 834 603
is_linear=0
shrinkage=0.05


Tree=3
num_leaves=63
num_cat=0
split_feature=29 12 4 22 12 10 40 29 11 29 12 12 22 21 10 12 12 12 12 20 12 7 29 7 12 0 12 34 29 4 1 14 29 29 11 12 4 7 37 21 29 4 12 7 34 40 12 4 14 18 11 21 11 6 10 34 4 11 12 26 7 7
split_gain=4275.21 2202.23 1834.1 1601.18 933.289 686.945 507.296 495.632 471.893 463.423 418.165 433.29 417.233 403.999 359.345 338.508 331.187 558.342 355.405 316.546 308.018 322.053 306.703 269.712 310.109 219.305 215.52 197.768 194.282 183.906 180.907 151.415 146.949 130.671 129.562 127.316 123.929 122.475 119.939 105.626 150.569 149.836 104.664 112.154 100.705 94.0491 90.9101 90.6808 87.2175 83.5603 83.4141 102.064 77.9411 116.033 76.0149 69.8619 68.0989 62.7993 60.97 71.6334 59.7308 58.8888
threshold=0.23063828901821426 34.500000000000007 1312.0250000000003 1.0000000180025095e-35 28.500000000000004 0.22594225259171877 0.030905438580901414 0.10703862176965512 1.5000000000000002 0.4296410740538022 34.500000000000007 41.500000000000007 1.0000000180025095e-35 0.0012911939358669045 0.38228988095593647 61.500000000000007 41.500000000000007 61.500000000000007 58.000000000000007 60.834321422847644 28.500000000000004 0.39715038510133943 0.39363927728458398 0.51184422806249452 28.500000000000004 0.014282869068929314 32.500000000000007 0.098462464018067478 0.10275596211085056 1032.4750000000001 35.500000000000007 -0.08582893686317801 0.39157741890675668 0.47029437612498098 1.0000000180025095e-35 53.500000000000007 1548.9500000000003 0.13635447564228506 -23.148131146328087 0.0012911939358669045 0.32674410511522151 1173.9750000000001 28.500000000000004 0.52209049180755673 0.93170452204040011 0.0072798586105607384 55.500000000000007 1079.3000000000004 0.092948075792978119 -0.0047604649590813888 2.5000000000000004 0.0013108307044690231 3.5000000000000004 0.051658139385175335 0.20591175948865567 0.10110450447682386 1837.9250000000004 1.5000000000000002 116.50000000000001 0.016167284842638827 0.080928659181361759 0.22501508750754387
decision_type=2 2 2 2 2 10 10 2 2 2 2 2 2 10 10 2 2 2 2 8 2 10 2 10 2 2 2 8 2 2 2 2 2 2 2 2 2 10 8 10 2 2 2 10 10 10 2 2 2 8 2 10 2 8 10 8 2 2 2 2 10 10
left_child=2 3 7 4 8 -6 -5 42 -2 26 23 31 16 19 28 34 -3 18 22 37 21 32 27 29 -25 55 -7 35 45 -9 -21 -12 -8 -23 38 60 49 -10 -13 -14 41 -41 -1 -44 -28 -4 54 48 57 -30 61 52 53 -52 -29 -20 -47 -36 59 -17 -18 -24
right_child=1 12 14 6 5 9 20 10 13 -11 11 15 39 -15 -16 58 17 -19 25 30 -22 33 50 24 -26 -27 44 46 36 -31 -32 -33 -34 -35 47 -37 -38 -39 -40 40 -42 -43 43 -45 -46 56 -48 -49 -50 -51 51 -53 -54 -55 -56 -57 -58 -59 -60 -61 -62 -63
leaf_value=0.13551043505557914 -0.062595303787701229 -0.059810730802660778 -0.019645585428179832 -0.053616703665176013 0.13559680905898755 0.13290895107173187 0.048699324490975748 0.11117210465116384 0.033932009128403648 -0.033444192361363492 0.057947444825063602 -0.049296131736877101 -0.062131096764867201 -0.059858881249152257 0.13426110345505438 0.031124983284537174 0.043890096330541882 -0.049355182200192665 0.14581606849656864 0.085310741939693346 -0.063745541446592197 0.1428404105683051 -0.057004138059704293 0.10924445296288304 -0.058182673312936077 -0.0034768922882042366 -0.027621351873487333 0.011455628409667809 0.052698726583566002 0.041757307863400511 -0.048227326094200766 -0.041433662112164642 -0.046194289516509085 0.033883008639259644 0.13991606768476514 0.019026736845483897 -0.044540116545610797 0.12477499238567553 0.072821405834304631 0.099337808128082628 -0.052582105379928634 -0.031471063471553984 0.094142212197809702 0.0073411498671322253 0.083722738769477181 0.054690942881567152 0.050265091679843492 0.043744089219250791 0.026185189316115673 -0.016555539792630639 -0.010071322853309431 -0.064263413773759298 -0.034049716077519561 0.098831149882904645 -0.056770310454913701 0.065728868876786417 -0.0080119474682150138 0.090233825256336553 -0.037160293102198316 -0.037558717728722643 0.11869826256822713 -0.0058841922862065809
leaf_weight=148.09546202421188 172.49994097650051 640.79559822380543 116.61727629601955 691.20285159349442 402.83056420087814 111.23539806902409 76.418233141303062 442.31924629211426 49.761226415634155 133.87373594939709 46.570766866207123 38.669594198465347 1895.4989903271198 85.186794131994247 41.332498863339424 210.38983392715454 41.937678471207619 863.90961018204689 63.632940083742142 38.230706617236137 86.781212657690048 79.964772909879684 289.86829005181789 47.510142028331757 66.184436604380608 66.048304259777069 42.303501918911934 68.409461498260498 54.991944938898087 121.66377729177475 75.346894383430481 216.50819839537144 87.523161262273788 41.954666897654533 87.288239315152168 127.82861258089542 495.71687136590481 145.85220788419247 41.886659681797028 37.968383982777596 227.56307099759579 51.702054977416992 655.37777695059776 39.454005539417267 39.055955678224564 148.27617837488651 45.593152448534966 113.40441274642944 40.886464640498161 209.44451892375946 52.664542958140373 57.41251714527607 54.471017494797707 45.670372948050499 101.25386507809162 47.599774464964867 61.163505747914314 234.42830446362495 60.242798447608948 46.31966707110405 73.358786910772324 69.927296176552773
leaf_count=704 1021 3821 655 4021 1789 507 388 2072 243 724 243 213 11250 490 193 1145 217 5046 295 187 514 373 1641 226 376 346 219 361 297 615 419 1256 477 213 417 687 2893 676 204 198 1323 299 3275 217 198 801 241 580 205 1194 282 333 296 233 580 233 342 1127 336 256 356 392
internal_value=-0.000114599 -0.022516 0.0429934 0.0171944 0.0545056 0.0919113 -0.0282652 0.0656668 0.00638241 0.0380076 0.0509477 0.0324124 -0.0415522 0.0365531 -0.0104396 0.0493543 -0.0284003 -0.0186749 0.00330865 0.0631161 0.0187587 0.0438052 -0.00796248 0.0820351 0.011781 0.0686917 0.0876741 0.0224869 -0.0159458 0.0961978 -0.00327784 -0.023841 -0.0019614 0.105346 0.072843 0.0533897 -0.029795 0.101666 0.0142011 -0.057662 -0.0309588 0.0239162 0.0973475 0.0892135 0.0258285 0.0163417 -0.0124168 0.0827672 0.0949717 -0.00215349 -0.0324486 -0.00742558 0.0139296 0.040507 -0.0292611 0.111544 0.0363796 0.103714 0.00810858 0.018732 0.0914877 -0.0470688
internal_weight=11067.9 7283.14 3784.74 2360.02 1296.18 729.299 1063.84 2657.2 566.878 326.469 1814.27 1136.59 4923.11 394.378 1127.54 873.516 2710.38 2069.59 1205.68 309.191 372.642 285.861 1028.4 677.678 113.695 177.281 192.595 458.382 1086.21 563.983 113.578 263.079 163.941 121.919 556.564 243.125 760.153 195.613 80.5563 2212.73 317.234 89.6704 842.927 694.832 81.3595 326.057 215.256 476.007 362.603 264.436 570.014 210.218 152.806 98.3349 169.663 111.233 209.44 321.717 316.952 256.71 115.296 359.796
internal_count=60731 40889 19842 12459 6473 3437 5986 13467 3036 1648 9271 5982 28430 2015 6375 4483 15360 11539 6493 1525 1965 1451 5619 3289 602 874 924 2442 6182 2687 606 1499 865 586 2746 1260 4384 919 417 13070 1820 497 4196 3492 417 1798 1182 2329 1749 1491 3177 1144 811 515 941 528 1143 1544 1737 1401 573 2033
is_linear=0
shrinkage=0.05


Tree=4
num_leaves=63
num_cat=0
split_feature=4 12 12 12 4 10 7 12 11 10 7 10 12 11 10 7 18 37 26 41 4 11 21 4 12 7 41 12 26 12 18 14 18 41 14 11 12 4 10 40 12 26 21 26 12 12 41 4 4 12 11 26 20 1 0 7 4 21 4 20 7 4
split_gain=3000.74 1798.79 792.922 759.054 715.948 685.055 575.161 378.889 367.932 381.381 295.055 292.345 245.047 238.519 162.081 273.919 161.113 155.635 147.749 132.37 131.89 125.514 183.623 124.683 175.291 175.161 165.883 219.989 121.57 121.47 121.038 197.621 151.584 108.523 104.27 107.34 101.801 99.7038 98.1475 85.491 84.4323 80.7633 80.2452 74.8842 71.2866 141.838 129.994 198.562 143.247 62.2033 80.5415 60.5829 72.7137 60.0619 56.7661 56.0165 54.9946 52.0655 51.95 73.1013 49.0469 48.5983
threshold=1202.2500000000002 34.500000000000007 41.500000000000007 61.500000000000007 640.02500000000009 0.37440042452090649 0.89624157730712006 32.500000000000007 1.0000000180025095e-35 0.22377039503656201 0.28047119967892736 0.19994936384141837 27.500000000000004 1.0000000180025095e-35 0.47318908727718739 0.14776466357901388 -0.0079374358957235974 -21.781460549662267 0.0016893894219066584 0.090371922916657091 1548.9500000000003 1.5000000000000002 0.00077686116519515964 1102.1250000000002 55.500000000000007 0.11665101611465169 0.034450089528694113 47.500000000000007 0.0034991263494981791 30.500000000000004 0.00029508658584775921 -0.0071433912615823441 -0.0063420411413055424 0.035052912210281097 -0.065711782430373497 3.5000000000000004 40.500000000000007 840.02500000000009 0.24176966012995146 0.033398291936211168 58.000000000000007 0.017977021770230344 0.0012418158609305509 -0.012788505998825505 73.500000000000014 97.500000000000014 0.032747467444403627 545.05000000000007 970.57500000000016 55.500000000000007 1.5000000000000002 0.0089283371322727428 57.651723150105632 16.500000000000004 0.0083878786840815046 0.20582994218409725 790.02500000000009 0.00088511897350622025 652.67500000000007 57.651723150105632 0.39209278091621519 607.32500000000016
decision_type=2 2 2 2 2 10 10 2 2 10 10 10 2 2 10 10 8 10 2 10 2 2 8 2 2 8 8 2 2 2 10 2 8 10 2 2 2 2 10 8 2 2 8 2 2 2 8 2 2 2 2 2 8 2 2 8 2 10 2 8 10 2
left_child=1 4 34 8 6 12 11 10 17 23 14 29 38 -12 15 30 -15 -4 56 -9 36 -18 -23 24 26 -26 27 61 58 -1 31 -6 -33 -13 35 -3 -14 -19 51 -27 -38 -25 -30 -28 -5 46 47 -46 -49 50 53 -2 -53 -11 -42 -56 -17 -32 -29 -60 -24 -10
right_child=5 2 3 44 7 -7 -8 19 9 49 13 33 20 16 -16 18 21 37 -20 -21 -22 22 60 41 25 39 43 28 42 -31 57 32 -34 -35 -36 -37 40 -39 -40 -41 54 -43 -44 -45 45 -47 -48 48 -50 -51 -52 52 -54 -55 55 -57 -58 -59 59 -61 -62 -63
leaf_value=0.084952173433131273 -0.012151082410210673 0.0033536227844347443 -0.05596573015532598 -0.037792396747677912 -0.031451834903357616 0.059085387219739882 -0.050589779714798382 -0.05250162975370757 0.12239416062938804 -0.039479271805207876 -0.061795316686552852 0.018874876560600603 -0.051603607222856167 0.096613277438268169 0.10728265464393801 0.09531326326314607 -0.03837019773846416 -0.02183554199815561 0.11825236300651076 0.030017804389375138 -0.051927591412381506 0.11737237368815157 0.035646123906847009 0.029654578451167247 0.017330044491545338 0.13338135840069271 0.06711884768454944 0.022844271682458776 0.0084932082862595581 0.12631109422151771 -0.02817153590820369 0.01211584072078308 0.11219947025086247 0.075545178203773086 -0.049292450754127901 -0.060544208898508756 -0.01222059839695238 0.066211210247231173 -0.038817474994053941 0.054290619534852064 -0.051333344605708237 -0.048915918914825114 0.060946098016539323 -0.0086960042005184389 -0.021922092313863221 -0.034792250790070908 -0.033118384183459013 0.11140549432901417 0.017399669160682925 0.040331230749998115 -0.040587177793981889 0.085276117628092951 0.0042590385626055721 0.02983314338584241 0.02328925100982962 -0.052207299485318527 0.032587777525161003 0.021993354914723966 0.09919441666352817 0.037531398666930636 -0.023255744171359689 0.060081559156732467
leaf_weight=310.75900828838348 58.660372540354729 228.38601392507553 159.80461202561855 405.73500846326351 58.986813500523567 183.31656269729137 77.533832788467407 170.36370375752449 126.02234047651291 43.780017182230949 99.710815533995628 139.86630339920521 473.93082477152348 65.442123368382454 132.0932492762804 48.815074101090431 92.091849237680435 71.579894781112671 150.62878322601318 67.993581131100655 1958.136033654213 47.936765536665916 66.194173514842987 128.59590826928616 59.735290378332138 149.2426692545414 40.379389956593513 51.630743637681007 256.66881631314754 414.09109331667423 117.21550261974335 59.853478580713272 102.83057314157486 213.33358450233936 722.74840417504311 92.281672298908234 636.44119150936604 58.374905616044998 77.14866703748703 44.311784610152245 321.29053474962711 43.862324327230453 101.84929716587067 168.41484159231186 118.2221999168396 360.31370337307453 130.06670774519444 79.159896895289421 83.03041984140873 58.023490428924561 161.91434313356876 64.473665177822113 48.550179183483124 109.24655348062515 58.633629962801933 42.291741549968719 122.97419303655624 92.573857963085175 144.34447181224823 72.056888520717621 75.828215911984444 41.625534296035767
leaf_count=1469 327 1299 923 2330 328 894 460 982 592 238 604 714 2833 304 608 231 507 386 674 348 11919 223 340 680 301 673 204 254 1352 1773 640 311 472 1026 4377 539 3633 304 446 207 1919 243 525 902 673 2080 741 445 481 300 909 314 262 579 340 249 628 492 701 366 400 206
internal_value=-0.000243807 0.0192867 -0.00081637 0.0112998 0.0510684 -0.0352859 0.0809442 0.0291 0.0293732 0.0377834 0.0394809 0.0904042 -0.0399121 0.00637273 0.0561926 0.0472407 0.0259331 -0.0229207 0.0821058 -0.0289622 -0.0433294 0.00953371 0.0327574 0.0495369 0.0550095 0.0921755 0.0456238 0.0560498 0.0424376 0.10858 0.021187 0.0469501 0.0753775 0.0531039 -0.0387642 -0.0150349 -0.0323437 0.0177145 0.00802682 0.115275 -0.0237216 0.00967128 0.0233942 0.00596607 -0.0208287 -0.0118992 0.00819596 0.0273592 0.0632809 -0.00724123 -0.0160058 0.029077 0.0504747 0.0100033 -0.041058 -0.0083468 0.0504116 -0.00603525 0.0679099 0.078662 0.0041974 0.106922
internal_weight=10961.4 7038.52 4311.41 3267.99 2727.12 3922.87 1155.58 1571.53 2091.46 1801.7 1333.18 1078.05 3739.56 447.204 885.972 753.878 347.493 289.759 322.418 238.357 3490.72 282.051 189.959 1428.74 1256.28 253.29 1002.99 794.198 626.55 724.85 431.46 221.671 162.684 353.2 1043.42 320.668 1532.59 129.955 248.833 193.554 1058.66 172.458 358.518 208.794 1176.53 770.793 410.479 280.413 162.19 372.964 314.941 171.684 113.024 153.027 422.216 100.925 171.789 209.789 268.032 216.401 142.022 167.648
internal_count=60480 37344 23810 17595 13534 23136 5442 8092 10845 9232 6762 4982 22242 2378 4384 3776 1774 1613 1533 1330 20893 1470 963 7206 6283 1181 5102 3996 3198 3242 2243 1111 783 1740 6215 1838 8974 690 1349 880 6141 923 1877 1106 6750 4420 2340 1599 926 2026 1726 903 576 817 2508 589 859 1132 1321 1067 740 798
is_linear=0
shrinkage=0.05


Tree=5
num_leaves=63
num_cat=0
split_feature=29 12 4 22 12 10 40 29 11 29 22 21 10 12 12 34 12 12 12 12 29 10 12 7 25 29 12 7 12 29 29 4 11 40 4 21 29 4 31 7 12 34 4 36 21 25 4 34 41 21 12 12 12 22 4 41 7 20 12 12 12 29
split_gain=3798.18 1819.57 1455.08 1321.12 689.367 492.907 435.845 409.17 400.211 395.731 388.628 346.634 315.882 308.183 481.376 299.75 268.589 274.807 264.125 256.741 258.456 250.421 244.754 235.646 213.752 191.911 182.054 161.581 212.401 137.752 129.973 115.957 113.891 111.027 109.011 107.402 143.287 137.576 97.2083 96.5857 94.0684 139.383 94.0072 80.9636 73.0043 72.7589 72.5463 67.144 64.9503 75.1225 107.341 106.595 83.7344 76.3733 64.562 77.5418 70.4699 61.6212 61.1601 59.5056 58.5998 82.9659
threshold=0.23063828901821426 34.500000000000007 1299.2500000000002 1.0000000180025095e-35 28.500000000000004 0.22594225259171877 0.030905438580901414 0.12422229660340596 1.5000000000000002 0.4383699767137727 1.0000000180025095e-35 0.0012911939358669045 0.35113148269407579 41.500000000000007 61.500000000000007 0.096441447615936773 34.500000000000007 41.500000000000007 61.500000000000007 58.000000000000007 0.41053539869998062 0.063955293772197955 28.500000000000004 0.39715038510133943 747.50000000000011 0.10925838096855407 32.500000000000007 0.50233651608160379 28.500000000000004 0.34803083299530541 0.4595652679090611 1181.7000000000003 1.0000000180025095e-35 0.01753417803951501 1017.8750000000001 0.0012418158609305509 0.32674410511522151 1152.325 -0.090435326322423112 0.011330682534583395 28.500000000000004 -0.29014472051844009 1374.2500000000002 20.590767203166326 0.00050332780956397068 747.50000000000011 1588.5500000000004 0.0083588674043060269 0.027881718966799387 0.00038901486614884359 41.500000000000007 55.500000000000007 35.500000000000007 1.0000000180025095e-35 1079.3000000000004 0.035566725601822662 0.032293078139114743 57.479318203817449 47.500000000000007 116.50000000000001 55.500000000000007 0.39363927728458398
decision_type=2 2 2 2 2 10 10 2 2 2 2 10 10 2 2 10 2 2 2 2 2 10 2 10 2 2 2 10 2 2 2 2 2 10 2 10 2 2 8 10 2 8 2 10 8 2 2 8 10 8 2 2 2 2 2 10 8 8 2 2 2 2
left_child=2 3 7 4 8 -6 -5 40 -2 26 13 21 25 -3 15 19 27 38 32 20 42 24 23 29 -10 39 -7 34 -29 -8 -25 -23 -19 -27 -9 -12 37 -37 -18 -4 -1 -42 43 -15 -45 -28 -35 -21 49 -43 52 -52 53 -51 55 56 -34 -46 -22 -20 -17 -62
right_child=1 10 12 6 5 9 22 16 11 -11 35 -13 -14 14 -16 60 17 18 59 47 58 31 -24 30 -26 33 45 28 -30 -31 -32 -33 54 46 -36 36 -38 -39 -40 -41 41 48 -44 44 57 -47 -48 -49 -50 50 51 -53 -54 -55 -56 -57 -58 -59 -60 -61 61 -63
leaf_value=0.11216523952856652 -0.061265418757239433 -0.058365011208430385 -0.021706847188050091 -0.052503418765082313 0.11364464650683298 0.11547743210412785 0.056944539979286883 0.093646921833847985 -0.058613493977122968 -0.035805613422722919 -0.060956649876030805 -0.059126830188897 0.098647514542893958 -0.011526097977153406 -0.047387359757167943 -0.042765518628657545 0.053363198013175107 0.0033101791871666488 0.011912287264775501 0.11484384200150817 0.019264836386843249 0.10886303515595697 -0.062481895448687222 0.12443381638835926 0.08577895812778219 -0.044734645142601635 0.064078907838210256 0.090923536295976951 -0.055560099869403148 -0.038414049548534321 0.017059904427789093 0.026128707407042859 0.033270624382829538 0.021003616251196195 0.036931880993424128 0.087639931169004037 -0.051218408283875173 -0.031281307738832385 -0.038470520217579449 0.033197528079633519 -0.014523212414889301 0.11295050312519726 -0.034506412864916618 0.0062026500862644683 0.093671848337906594 -0.030035183716761039 -0.033773797741343363 0.045528656596427991 0.10389214892750159 0.095256916177044598 0.11196863572335305 0.058005145632773626 0.00035590360865178248 0.011161338315740319 0.034410426606328641 0.021414700668875516 0.10184181621974429 0.034821428196862368 -0.035154567216116948 -0.048779008378586966 0.048969212485221639 -0.04280942857849037
leaf_weight=214.0739890486002 161.78239285945892 610.92331893742085 120.17858944833279 669.86845436692238 426.03522433340549 119.69340324401855 60.126006856560707 385.56621423363686 70.460840791463852 129.68081830441952 1756.5141471475363 83.678657352924347 65.203919276595116 48.549487352371216 825.89484122395515 318.849933847785 34.401925146579742 70.335495248436928 216.92348469793797 72.46532529592514 64.114380672574043 156.57575020194054 79.39759524166584 83.149738729000092 40.284697160124779 452.40073828399181 42.742626145482063 45.589758232235909 54.128347635269165 102.32339309155941 42.634627103805542 58.05402584373951 44.138563483953476 138.07464344799519 108.58646221458912 43.035532847046852 236.5294858366251 55.922454535961151 177.48179022967815 240.19661578536034 41.18509216606617 96.230366989970207 39.627941370010376 51.600380212068558 127.03442373871803 39.527240708470345 107.50577372312546 67.463075369596481 209.59642297029495 73.704783543944359 160.85699632763863 212.27782878279686 90.67869858443737 42.604305312037468 90.303623661398888 45.664124801754951 247.92210929095745 68.447126045823097 265.14416985213757 49.62699082493782 47.441754817962646 51.196683302521706
leaf_count=961 1014 3862 690 4069 1775 516 288 1706 400 696 11072 495 295 252 5036 1856 183 369 1194 310 334 683 499 360 184 2785 209 205 325 550 206 276 210 769 535 213 1425 336 1069 1332 228 461 226 260 616 205 656 320 982 346 737 1060 493 226 452 229 1114 339 1491 292 245 278
internal_value=-0.000425911 -0.0220418 0.039683 0.0137832 0.0468006 0.0780632 -0.0284955 0.059506 0.00530536 0.0323548 -0.0398837 0.0316344 -0.00816276 -0.0271985 -0.0179006 0.00202921 0.0429511 0.0268292 0.0407872 0.0198694 0.0069075 0.0549759 0.0152497 0.0366618 -0.00608943 -0.0147432 0.0761207 0.0694683 0.0114102 -0.00311979 0.0880394 0.0864847 0.0622747 -0.0300421 0.0811842 -0.0560055 -0.0300827 0.020436 -0.0235602 0.0148879 0.0822909 0.0753929 0.0378096 0.0475032 0.059102 0.018861 -0.00297585 0.0814252 0.0795729 0.0720365 0.0652497 0.0812686 0.0363726 0.0644525 0.071964 0.0820053 0.0914788 0.0730656 -0.0245578 0.00061264 -0.0323465 0.001333
internal_weight=10952.2 7116.77 3835.44 2366.02 1328.52 757.679 1037.5 2711.88 570.836 331.644 4750.75 409.054 1123.56 2658.75 2047.83 1221.93 1570.67 976.798 764.914 804.446 664.518 325.375 367.631 288.234 110.746 1058.36 201.963 593.871 99.7181 162.449 125.784 214.63 498.364 697.981 494.153 2092 335.487 98.958 211.884 360.375 1141.21 927.134 335.259 295.631 247.082 82.2699 245.58 139.928 885.949 676.353 580.123 373.135 206.988 116.309 428.028 337.725 292.061 195.482 329.259 266.55 417.488 98.6384
internal_count=60800 40896 19904 12425 6453 3401 5972 13377 3052 1626 28471 2038 6527 15425 11563 6527 7883 5112 3860 4148 3518 1543 1903 1404 584 6232 930 2771 530 838 566 959 2374 4210 2241 13046 1974 549 1252 2022 5494 4533 1693 1467 1215 414 1425 630 4305 3323 2862 1797 1065 572 2005 1553 1324 955 1825 1486 2379 523
is_linear=0
shrinkage=0.05


Tree=6
num_leaves=63
num_cat=0
split_feature=29 4 12 4 29 10 12 12 26 12 12 4 12 12 29 12 12 10 4 29 29 4 26 10 34 4 34 12 34 10 12 34 41 12 40 12 41 26 4 41 6 41 12 34 26 21 12 12 12 21 26 34 10 1 29 10 41 40 41 4 26 12
split_gain=3504.64 1547.96 1533.72 781.007 435.29 389.773 334.944 307.796 335.434 299.696 288.525 255.18 238.856 291.292 221.082 218.491 206.941 203.905 176.557 175.117 170.558 168.848 163.597 157.138 125.293 114.935 107.6 104.196 137.735 98.3658 96.9513 152.6 93.9946 92.6035 92.2994 86.305 81.4489 81.0254 111.284 77.5113 78.4102 76.0061 75.915 96.1922 73.3522 70.2186 115.16 112.535 71.9338 69.8839 67.9775 67.9742 67.1188 64.7938 59.1758 56.8627 100.124 54.8302 67.9142 53.1802 67.4568 51.817
threshold=0.26631561222295469 1319.1250000000002 34.500000000000007 733.62500000000011 0.13692178513166464 0.34482466377410775 34.500000000000007 33.500000000000007 1.0000000180025095e-35 41.500000000000007 61.500000000000007 1165.9000000000003 41.500000000000007 61.500000000000007 0.13498655800128037 32.500000000000007 58.000000000000007 0.4496651694930241 680.02500000000009 0.4595652679090611 0.39157741890675668 1086.7250000000001 0.0016893894219066584 0.053393449251624425 -0.11317149777537304 319.52500000000003 0.020963913126759274 28.500000000000004 -0.29866742649363665 0.20354320675518628 53.500000000000007 0.16447770057604374 0.060050925976615301 28.500000000000004 0.015711483482310617 27.500000000000004 0.034450089528694113 0.0071186002046812217 1324.1750000000002 0.028917638742898055 0.11685985784657171 0.02661718083327003 32.500000000000007 -0.10094667807242656 0.0089283371322727428 0.00042368627446024717 41.500000000000007 53.500000000000007 35.500000000000007 0.0007112878390854899 -0.0037398213608679036 0.14661211935561783 0.18311478963564395 25.500000000000004 0.38521879337732062 0.22843195373843822 0.027881718966799387 0.027792296355832632 0.035302819190981632 707.7750000000002 0.0016893894219066584 119.50000000000001
decision_type=2 2 2 2 2 10 2 2 2 2 2 2 2 2 2 2 2 10 2 2 2 2 2 10 8 2 10 2 8 10 2 8 10 2 10 2 8 2 2 10 10 10 2 8 2 8 2 2 2 8 2 10 10 2 2 10 10 10 10 2 2 2
left_child=1 4 3 7 27 14 18 8 42 24 30 12 -4 16 34 17 20 21 -6 -19 29 22 57 33 -8 -10 -18 -1 -29 36 31 -11 51 -20 -3 -16 49 -23 -39 40 45 53 43 -2 52 -30 48 -48 -47 -14 -36 55 -27 -24 -40 56 -25 -5 -59 -51 -61 -12
right_child=2 5 11 15 6 -7 9 -9 25 10 61 -13 13 -15 35 -17 26 19 23 -21 -22 37 41 32 -26 44 -28 28 39 -31 -32 -33 -34 -35 50 -37 -38 38 54 -41 -42 -43 -44 -45 -46 46 47 -49 -50 59 -52 -53 -54 -55 -56 -57 -58 58 -60 60 -62 -63
leaf_value=0.10158230717742288 0.037409866541410125 -0.013420321748950335 -0.059552727590669256 -0.041703582127142008 0.089891210282733419 0.091872313073332379 0.023866659979595441 0.10562754518832546 0.083767064928732968 0.098865778186065012 0.0018610796310510201 -0.056450880499709345 0.0036120837766578299 -0.049488949635727572 0.034746449652140091 -0.060485368617522219 0.070508302954624888 0.10002709636675555 0.048121110152737484 -0.027251153007097007 -0.033490758805980396 -0.054433267258041422 0.057991570213537881 0.0046068466649144919 -0.052146733359366239 0.041221295108457623 -0.010599121997050407 -0.018954270742231202 0.085817536299373831 -0.032987495212973804 0.034227875600101786 0.016343445491682467 0.12624670156155249 -0.046576619722726843 0.077858172747768267 -0.043663864530828593 -0.020776915647879347 0.057153109362957824 0.011237591568557964 0.094927810206994631 0.092822260370844983 0.087722232775697406 0.014147771402411878 0.10063892056991007 -0.030717283076351288 0.042522777331005394 0.10865433131275846 0.04596701790132468 -0.021123224432980495 0.10988797066528147 0.012589775000861742 0.0041591319444962381 -0.020193639714231548 -0.030024857726274657 -0.056959905827088986 0.10734537329065946 0.086198538006007949 0.023128508867476697 -0.044706963832457168 0.081450134836566726 -0.0053594734223167007 -0.054585750643316201
leaf_weight=250.72846275568008 89.94620606303215 295.56999212503433 572.53432533144951 113.13067837059498 319.20538772642612 81.517291948199272 77.98584970831871 172.39400385320187 37.571457058191299 191.59417001903057 259.55622652173042 1784.1120171844959 81.549196526408195 642.07062394917011 37.086631134152412 223.97792908549309 115.96872512996197 77.420674860477448 41.478510424494743 41.51632134616375 589.94627040624619 254.22818748652935 45.113250464200974 73.129347547888756 177.82189063727856 101.75503104925156 63.163233801722527 45.81214265525341 145.87361204624176 102.13585813343525 324.99187435209751 79.170172035694122 44.203458219766617 68.367356270551682 55.061917454004288 653.07125928997993 74.64909054338932 45.308262452483177 49.006288260221481 235.83876186609268 171.41949474811554 70.010512858629227 52.756808921694756 181.58911362290382 180.02153716981411 99.008978992700577 98.216338753700256 264.11224764585495 80.481954425573349 40.860143080353737 144.81135040521622 67.540091767907143 79.04641817510128 38.973499700427055 90.642855659127235 51.680342569947243 77.391239538788795 123.71308586001396 52.577606067061424 48.146038934588432 41.813504442572594 48.208067134022713
leaf_count=1092 432 1741 3758 677 1406 364 448 702 176 865 1463 11569 414 4021 204 1424 516 335 197 220 3393 1591 218 363 1116 502 331 260 690 595 1601 387 190 400 307 4108 404 217 268 1072 802 304 269 778 1020 491 430 1287 446 198 796 337 422 224 525 234 352 620 312 228 233 296
internal_value=-0.000277688 0.0330786 -0.0245122 0.0100891 0.0511454 -0.0138853 0.0355997 0.0455953 0.0312749 0.0188038 0.0323306 -0.0421643 -0.0314223 -0.0224762 -0.0211568 -0.0158415 -0.00750164 -0.00585859 0.0618071 0.0555992 -0.0165416 -0.0141395 0.00762144 0.0406538 -0.0289732 0.000541467 0.0419092 0.0723979 0.0659835 0.00915273 0.0526386 0.0747367 0.0586632 -0.0108181 0.00432647 -0.0394504 0.0241484 -0.0361152 -0.0109365 0.0695372 0.0625672 0.0492383 0.069031 0.0796943 -0.00812457 0.0550256 0.0467355 0.0629597 0.0139845 0.03994 0.0305702 0.0475881 0.0143707 0.0171967 -0.0330277 0.0620944 0.0465578 -0.0145367 0.002897 0.0625857 0.0411007 -0.00698073
internal_weight=10838.6 4560.93 6277.65 2120.7 3293.82 1267.12 1902.32 895.081 722.687 1159.33 903.521 4156.95 2372.84 1800.3 1185.6 1225.62 1158.23 1001.64 742.996 118.937 979.1 882.704 443.519 423.79 255.808 398.394 179.132 1391.49 1140.76 389.154 595.756 270.764 313.944 109.846 495.443 690.158 287.018 439.186 184.957 1094.95 859.113 154.097 324.292 271.535 360.823 687.693 541.82 362.329 179.491 212.369 199.873 269.741 180.801 84.0868 139.649 202.201 150.521 289.421 176.291 130.82 89.9595 307.764
internal_count=60641 23745 36896 11236 16225 7520 9655 4301 3599 6176 4612 25660 14091 10333 7156 6935 6312 5511 3479 555 5465 4956 2355 2073 1564 2120 847 6570 5478 2072 2853 1252 1476 597 2844 4312 1477 2601 1010 5218 4146 746 1479 1210 1944 3344 2654 1717 937 1073 1103 1286 924 442 793 949 715 1609 932 659 461 1759
is_linear=0
shrinkage=0.05


Tree=7
num_leaves=63
num_cat=0
split_feature=29 4 12 22 4 29 12 12 40 22 12 22 12 10 10 12 12 34 12 12 29 12 12 12 7 7 12 7 22 12 21 12 21 29 29 1 29 7 12 21 29 34 21 22 7 21 34 12 10 29 12 12 4 25 14 12 39 36 12 39 21 6
split_gain=3211.7 1408.94 1334.62 944.893 478.484 466.412 360.938 343.356 303.148 275.442 720.52 261.01 260.527 247.389 238.295 220.62 335.228 203.631 188.089 227.297 185.256 181.333 164.935 155.218 224.122 153.09 154.215 146.298 146.138 266.059 248.278 165.978 141.284 135.572 133.424 138.131 126.781 119.587 113.047 120.793 101.442 99.7569 98.6307 184.731 134.946 90.033 87.8496 120.026 80.8999 83.5992 79.8683 211.993 67.8316 67.4618 77.7096 64.4337 64.2391 63.7078 63.5173 61.4081 59.8863 58.5306
threshold=0.27686652467553452 1473.9250000000002 34.500000000000007 1.0000000180025095e-35 854.60000000000002 0.13295664517288758 34.500000000000007 41.500000000000007 0.030695075148202727 1.0000000180025095e-35 28.500000000000004 1.0000000180025095e-35 61.500000000000007 0.38228988095593647 0.30029041989903971 41.500000000000007 61.500000000000007 0.096441447615936773 28.500000000000004 27.500000000000004 0.12640874451937309 58.000000000000007 28.500000000000004 28.500000000000004 0.4463222741987361 0.27707596593635547 27.500000000000004 0.49541358380508288 1.0000000180025095e-35 55.500000000000007 0.0012911939358669045 54.500000000000007 0.0011594937303239456 0.42536985175034114 0.43181707798713825 35.500000000000007 0.44479529287779512 0.057805531165901841 27.500000000000004 0.0012911939358669045 0.4404891627660355 -0.1209010115586298 0.00074899572847369718 1.0000000180025095e-35 0.37634238504405226 0.00042689144700733272 0.11595645279549639 53.500000000000007 0.043325193273340196 0.46829813754654104 35.500000000000007 41.500000000000007 540.52500000000009 862.50000000000011 -0.0078018897541311935 54.500000000000007 0.014892143249018957 15.338757768206486 55.500000000000007 0.026155345376922389 0.00084956341151054516 0.010444664031620554
decision_type=2 2 2 2 2 2 2 2 10 2 2 2 2 10 10 2 2 10 2 2 2 2 2 2 10 10 2 10 2 2 10 2 8 2 2 2 2 10 2 10 2 8 10 2 8 8 8 2 10 2 2 2 2 2 2 2 8 10 2 8 8 10
left_child=1 5 3 4 14 42 9 41 -5 18 25 15 28 20 27 -4 17 21 19 32 -3 36 38 24 34 26 60 -2 46 30 31 -30 -7 -24 35 -10 57 -35 39 48 -16 -8 43 45 53 -1 47 -9 -6 -50 -47 -52 -49 54 -45 -53 -23 -17 59 -48 -11 -14
right_child=2 13 11 8 22 6 7 12 23 10 -12 -13 61 -15 40 16 -18 -19 -20 -21 -22 56 33 -25 -26 -27 -28 -29 29 -31 -32 -33 -34 37 -36 -37 -38 -39 -40 -41 -42 -43 -44 44 -46 50 58 52 49 -51 51 55 -54 -55 -56 -57 -58 -59 -60 -61 -62 -63
leaf_value=0.10062342788143995 0.095298161632871983 0.00050464024238543637 -0.059777851645097704 -0.054126109340820655 -0.032528533634705856 0.11145995512245975 0.016075401662097529 0.11530235132910559 0.089155614082746415 -0.033053661706231696 -0.063449574475542794 -0.056570532442259229 -0.031755924694248365 0.094473111764485931 0.048053241051410928 -0.036351074143941259 -0.049115254281927485 -0.034938594970207938 0.10434157563455151 -0.052517060211203226 -0.046148471572747762 0.10456134385676825 0.077684369615504525 -0.061273311389824517 0.089422692086678787 0.12544639607588864 0.11444980613857805 0.017207639542856836 -0.024728128747360113 -0.063776309966986022 0.12895890447830097 0.086527106605758103 0.0053889373019243084 -0.046738754363986612 -0.055411946835680195 -0.034432246233707435 -0.026088062660949457 0.06329310756265269 -0.060284907596457028 -0.062510418081437688 -0.037788260909256723 -0.049462767252201424 0.078184716087862247 0.064870072283146202 -0.046405559796870423 0.092546978793597343 0.043087836665205742 0.0020772737706554454 0.082933444092622946 -0.0062461708301636961 -0.035749331149546204 0.10530991839225923 0.073185005857850566 0.094523356224711627 -0.031406027871666561 0.046882293581769464 0.03248787648275156 0.030839862250473471 0.075360741236126988 -0.02763140005524203 0.043223181238108449 0.0084241054936504134
leaf_weight=148.4015589505434 415.50355887413025 333.1851963698864 499.75560180842876 541.57446612417698 44.204862684011459 87.599358037114143 78.070610344409943 126.34729693830013 49.52330569922924 45.622798874974251 147.89390096068382 1698.9889822900295 141.90988965332508 42.226089671254158 77.333318501710892 40.807226225733757 686.86229126155376 351.94768247008324 303.90774525702 48.548019766807556 588.87725840508938 58.658129990100861 104.37867273390293 66.530017629265785 87.622642487287521 95.404472544789314 53.309266433119774 70.094573065638542 105.36013779044151 76.604778930544853 62.223321259021759 49.16778139770031 48.928293958306313 62.306025728583336 81.173713430762291 41.6011673361063 256.65923427045345 40.905939549207687 111.77372930943966 53.680949211120605 62.01489782333374 226.55435080826283 761.40235865116119 41.109122768044472 67.765054941177368 103.3924898058176 77.296657502651215 50.671200960874557 66.283200994133949 43.542178481817245 68.098939955234528 68.855152606964111 99.189090520143509 40.261509284377098 42.760764390230179 149.94051925837994 65.370576590299606 260.39295250177383 66.039473831653595 50.917318120598793 59.02319161593914 250.85469396412373
leaf_count=660 1736 1924 3409 3489 243 381 449 544 233 222 890 11353 836 177 369 227 4457 2099 1269 253 3822 247 449 446 383 406 237 347 556 458 288 247 234 337 443 213 1481 192 751 338 342 1461 3496 207 382 449 367 238 297 200 370 298 460 191 218 709 296 1319 304 258 281 1444
internal_value=-0.000212933 0.0301676 -0.0248044 0.00821016 0.0378938 0.0437254 0.0298511 0.0145608 -0.0311852 0.0549481 0.0242459 -0.0418199 0.0269997 -0.0238709 0.0674867 -0.0305333 -0.0220396 -0.00405101 0.080142 0.0404045 -0.0292905 0.0118912 0.00280579 0.00687333 0.0243163 0.0754364 0.0452306 0.084026 0.0440166 0.0163203 0.0446283 0.0106711 0.0734466 0.0375043 -0.00879368 0.0327339 -0.000266458 -0.00312989 -0.0197402 0.00207781 0.00985073 -0.0326664 0.0655919 0.052468 0.010343 0.0674741 0.0612866 0.079406 0.0245874 0.0475766 0.0548695 0.0412911 0.0491419 0.0413228 0.015784 0.0652695 0.0665743 0.0217367 0.0355227 0.0150033 0.00996856 -0.00609335
internal_weight=10747.2 4807.72 5939.49 2020.05 1152.02 3843.43 2351.44 1461.21 868.025 890.237 401.254 3919.44 1156.58 964.289 624.946 2220.45 1720.7 1033.84 488.983 185.076 922.062 681.888 527.076 326.451 259.921 253.36 157.955 485.598 763.817 293.356 216.751 154.528 136.528 207.591 172.298 91.1245 557.859 103.212 319.485 207.711 139.348 304.625 1491.99 730.585 191.896 538.689 470.461 276.208 154.03 109.825 390.287 286.895 149.86 124.131 83.8699 218.796 124.029 301.2 194.253 128.214 104.646 392.765
internal_count=60682 24986 35696 10808 5601 19063 12083 7910 5207 4173 2036 24888 6000 5923 2794 13535 10126 5669 2137 868 5746 3570 2807 1718 1272 1146 740 2083 3720 1549 1091 803 615 978 889 446 3027 529 1829 1078 711 1910 6980 3484 998 2486 2171 1242 740 497 1826 1377 698 616 425 1007 543 1546 929 625 503 2280
is_linear=0
shrinkage=0.05


Tree=8
num_leaves=63
num_cat=0
split_feature=29 4 4 7 11 10 29 29 21 37 34 29 10 11 11 14 10 18 10 29 37 40 11 10 4 26 18 25 16 18 21 21 21 21 4 34 26 19 18 10 7 29 34 34 25 6 32 4 11 21 34 11 21 14 25 10 26 5 21 8 7 34
split_gain=2947.27 1284.74 947.654 370.143 380.972 365.802 318.129 301.06 251.723 238.74 215.564 180.368 163.57 242.993 149.645 225.472 222.784 129.217 122.769 154.99 122.437 114.897 101.136 92.9006 88.8009 85.6366 79.7168 78.4814 74.7462 74.0422 89.2624 72.0494 71.3397 97.95 68.2597 94.5174 81.8314 74.9116 66.5594 64.3284 65.776 59.1377 58.6881 78.8558 71.7013 85.5827 66.6149 57.1493 56.1126 53.5797 50.7718 50.55 86.6551 48.0303 81.9185 54.455 47.0048 45.5514 44.2093 41.3657 40.5113 40.3717
threshold=0.28296329785124857 1251.9750000000001 1160.0250000000003 0.11665101611465169 1.0000000180025095e-35 0.39462903763979035 0.12880692951316039 0.15431076586924861 0.00038901486614884359 5.8776667731530354 0.61394859186234241 0.44264511700016462 0.43727487626568279 1.0000000180025095e-35 1.0000000180025095e-35 -0.084404509451003085 0.26622865197173029 -0.0087747700571931247 0.37440042452090649 0.38521879337732062 26.282709850191321 0.018006481170256671 2.5000000000000004 0.10158785778140463 1620.0750000000003 -0.0055495582884594235 0.0074287477867414084 822.50000000000011 -0.10233168396243618 -0.0071704877382098289 0.0010407847228225055 0.00037569664840199319 0.00067534136334050589 0.00042368627446024717 686.55000000000007 -0.17188825587665693 -0.0091690321436424648 0.0013953466835361363 -0.0047604649590813888 0.087540047456813389 0.075778381790491692 0.08738608015795539 -0.15755790459699417 1.0000000180025095e-35 712.50000000000011 0.13056757573104882 -0.086905210132811758 1473.9250000000002 3.5000000000000004 0.0016536031795407133 0.14045481321073097 2.5000000000000004 0.00081404481846219796 -0.083060123691375887 802.50000000000011 0.061894581873091666 -0.0091690321436424648 0.062218698686146122 0.0005241153030873649 0.064326979764241385 0.011330682534583395 0.080854195331322667
decision_type=2 2 2 8 2 10 2 2 8 10 10 2 10 2 2 2 8 8 10 2 8 10 2 10 2 2 10 2 10 8 10 10 10 8 2 8 2 10 8 10 10 2 8 10 2 10 10 2 2 10 8 2 8 2 2 10 2 10 8 8 10 10
left_child=1 6 3 12 9 7 32 21 -6 -5 14 17 22 -14 16 29 27 -10 -4 -20 23 41 -2 31 38 -23 42 -8 -25 -16 51 -17 33 -1 35 37 -37 -13 -9 -24 -41 60 46 56 -45 -46 -19 -27 -36 53 -22 -31 -53 -34 55 -55 -44 -56 -35 -60 -3 -49
right_child=2 5 18 4 8 -7 10 24 11 -11 -12 34 13 -15 15 20 -18 26 19 -21 50 25 39 28 -26 47 -28 -29 -30 30 -32 -33 49 58 48 36 -38 -39 -40 40 -42 -43 43 44 45 -47 -48 61 -50 -51 -52 52 -54 54 57 -57 -58 -59 59 -61 -62 -63
leaf_value=0.083941602194930465 -0.053413360933435586 -0.015350251521707695 -0.054234107939286319 -0.06009471749101819 0.066434060528415037 0.10080269063208057 -0.052230676019713707 0.018680951987714339 0.07451518058061983 0.062507099289318011 0.10836176721410296 0.053140482977321969 0.077419670501082338 -0.037738188530597155 0.10300759308730766 0.056380772431024156 0.06695801740355764 0.064016700758336417 0.075178009419318001 -0.046248602949258172 0.022329806585135486 0.093238201967123069 -0.049100278351639486 -0.016415631531413174 -0.054735400589393794 0.049296952777456597 -0.054815684637301756 0.016122105973363721 0.051727012633167237 0.086259515650413926 0.0018935181036254349 0.0097310490454763331 0.10416445598223723 0.017140484746173929 -0.034219721860289057 0.044628619723949228 -0.023450303184852958 -0.025339220191248409 -0.031692808203951782 -0.023993895370668226 0.030308930555224479 -0.021028229404367341 0.037419991227289708 0.061226250816544175 0.041510451969865213 -0.048172035968077564 0.0064098009845656488 0.024275388403724913 0.012641164670084044 0.035232303877790777 -0.023019849295727493 -0.016229378591997377 0.085290141786189003 0.044935357544958733 0.06294877538439915 0.096138927842358363 -0.010550899785068506 0.0026936451117574901 0.0632190138960214 0.011590982545164098 0.035904187494739455 -0.03684924890474682
leaf_weight=164.88302171230316 599.88521207869053 61.719018176198006 1994.1414063572884 323.872593536973 180.72010776400566 70.752851530909538 140.83508116006851 84.512403383851051 96.912513539195061 45.255946010351181 92.181468233466148 119.51622420549393 78.488138854503632 110.02077315747738 110.77565611898899 101.27344146370888 79.709825322031975 120.98691317439079 42.225389793515205 69.588295161724091 101.92250315845013 50.516309410333633 128.32705397903919 43.425953790545464 376.31248110532761 92.498425394296646 40.515757158398628 59.837116479873657 549.05963049829006 153.20423586666584 62.286909088492393 453.01391144096851 161.45136313140392 154.05249494314194 350.55592349171638 51.914461076259613 294.75900080800056 40.782967582345009 292.64963389933109 163.75370389223099 84.56222015619278 283.39546069502831 59.768827632069588 113.48408845067024 64.549338266253471 45.25004418194294 85.752684935927391 58.012552127242088 78.117604240775108 72.28695721924305 156.4641600549221 39.286922544240952 45.208491191267967 64.902514040470123 79.150143980979919 259.68714728951454 350.68161644041538 51.953967377543449 176.473547488451 49.731577292084694 102.70982770621777 50.554727852344513
leaf_count=728 3848 355 13739 2194 835 293 865 482 470 211 388 579 356 592 485 487 356 585 194 383 521 260 828 209 2564 457 240 349 2641 688 309 2432 690 751 2091 252 1756 218 1828 988 460 1723 314 553 335 263 473 328 412 336 831 214 218 299 351 1123 2041 230 822 234 563 287
internal_value=-0.000301237 0.0279774 -0.0246954 -0.00921024 0.00177218 -0.0102159 0.0449776 -0.0156223 0.0100273 -0.0450635 0.0335291 0.00470008 -0.0324319 0.0102093 0.0302384 0.0354877 -0.00375915 0.0197155 -0.0513755 -0.000392981 0.0259619 0.00800153 -0.0406633 0.0329678 -0.037551 0.0350395 0.0136873 -0.031849 0.0467325 0.068074 0.0551741 0.0182544 0.0652721 0.0517555 -0.0109935 0.00142498 -0.0132555 0.0331738 -0.0204053 -0.0203561 -0.00550145 -0.00718807 0.0169896 0.00944313 0.0333562 0.00455089 0.0401222 0.0204175 -0.0256802 0.0759598 -0.00513135 0.0691358 0.0380877 0.0807303 0.0724276 0.0859006 -0.00356549 0.0390709 0.0377993 0.0518685 0.0166656 -0.00418751
internal_weight=10681.1 4946.69 5734.39 3628.43 2463.4 1523.63 3423.06 1452.88 2094.27 369.129 2188.49 1913.55 1165.04 188.509 2096.3 1815.92 280.382 977.902 2105.96 111.814 1405.16 699.406 976.528 1146.77 753.475 251.582 880.989 200.672 592.486 410.762 299.987 554.287 1234.57 545.141 935.646 506.973 346.673 160.299 377.162 376.643 248.316 447.824 840.474 633.734 223.283 109.799 206.74 201.066 428.674 689.432 258.387 237.7 84.4954 617.145 455.694 324.59 410.45 131.104 380.258 226.205 164.429 108.567
internal_count=60907 25697 35210 20894 13822 9140 16557 8847 11417 2405 10993 10582 7072 948 10605 9035 1570 5274 14316 577 7121 3973 6124 5769 4874 1332 4804 1214 2850 1914 1429 2919 5564 2535 5308 2805 2008 797 2310 2276 1448 2641 4564 3506 1151 598 1058 1072 2503 3029 1352 1120 432 2693 2003 1422 2355 581 1807 1056 918 615
is_linear=0
shrinkage=0.05


Tree=9
num_leaves=63
num_cat=0
split_feature=29 4 12 22 29 4 12 12 22 12 10 40 22 12 10 12 12 12 29 7 12 12 12 21 0 10 12 4 34 12 7 22 21 12 7 1 7 21 29 21 29 34 29 34 12 26 29 4 7 4 4 4 22 21 22 29 12 12 12 41 21 1
split_gain=2682.98 1258.07 1056.5 778.134 450.681 388.796 357.832 292.951 268.893 542.911 267.207 248.007 242.212 236.337 204.687 184.66 278.13 201.056 175.269 154.666 165.326 144.934 197.106 139.174 134.627 125.221 150.614 152.394 118.799 117.675 175.327 117.648 224.459 110.22 141.515 110.12 116.603 107.19 98.4513 98.1038 94.4096 92.1089 87.7206 82.3988 114.44 75.036 73.6221 71.2742 70.8471 69.0372 90.407 67.7341 66.2059 121.098 61.8541 61.1226 61.1171 118.308 81.9828 61.8953 59.7239 59.5323
threshold=0.30038714677380979 1473.9250000000002 34.500000000000007 1.0000000180025095e-35 0.15431076586924861 904.50000000000011 34.500000000000007 41.500000000000007 1.0000000180025095e-35 28.500000000000004 0.29167868820927106 0.030905438580901414 1.0000000180025095e-35 61.500000000000007 0.38228988095593647 41.500000000000007 61.500000000000007 58.000000000000007 0.13902400189691286 0.2741889467481971 27.500000000000004 28.500000000000004 27.500000000000004 0.0009727433685497391 0.01483299345022966 0.22195836361527907 47.500000000000007 601.42500000000007 -0.080555659265360222 28.500000000000004 0.42065898286510112 1.0000000180025095e-35 0.00097122150553313432 28.500000000000004 0.61450569661143206 31.500000000000004 0.2120830023267464 0.0011594937303239456 0.45307202587110013 0.00089288029463746685 0.08738608015795539 -0.11317149777537304 0.42536985175034114 0.094401866798917503 53.500000000000007 -0.001930084433276383 0.39157741890675668 1086.7250000000001 0.011330682534583395 495.57500000000005 1215.325 551.70000000000016 1.0000000180025095e-35 0.0011549621135986743 1.0000000180025095e-35 0.45521234604898669 34.500000000000007 41.500000000000007 61.500000000000007 0.035566725601822662 0.00077204360708324016 52.500000000000007
decision_type=2 2 2 2 2 2 2 2 2 2 10 10 2 2 10 2 2 2 2 10 2 2 2 10 2 10 2 2 8 2 8 2 10 2 10 2 8 8 2 8 2 8 2 8 2 2 2 2 10 2 2 2 2 8 2 2 2 2 2 8 8 2
left_child=1 4 3 5 33 10 8 41 21 19 23 -5 15 31 18 -4 17 25 48 20 -10 22 37 -2 -19 26 27 -17 -25 30 46 43 -33 54 40 -34 -37 -6 39 -7 -35 -8 49 44 -9 55 -13 56 -3 -28 -51 -46 -49 -54 -1 -12 -42 -58 59 -59 -53 -41
right_child=2 14 12 11 6 38 7 13 9 -11 45 29 -14 -15 -16 16 -18 24 -20 -21 -22 -23 -24 28 -26 -27 42 -29 -30 -31 -32 32 35 34 -36 36 -38 -39 -40 61 47 -43 -44 -45 51 -47 -48 52 -50 50 -52 60 53 -55 -56 -57 57 58 -60 -61 -62 -63
leaf_value=0.056197373263261123 0.089639546124174296 -0.033065094169498065 -0.058659563370332672 -0.054678727063193815 0.09781942071692265 0.054043326370951654 0.0066753830619440072 0.10574659911659322 -0.0075870500373851658 -0.0620189110939105 0.060666843876739762 0.034176661138567689 -0.057025651820656387 -0.01366927896995979 0.083043747659274858 0.089970351090788325 -0.048679860107952971 0.080291920301527764 -0.047020800967015774 0.10960041265076532 0.10202445665482128 0.091818841621115185 -0.0553177036023789 -0.037968968643934349 -0.017030504884728587 -0.047374828057352769 -0.033234737567529433 -0.029152597305924063 0.072615666437722354 -0.060236223334370266 0.070903755030527746 -0.034575034673215078 0.1187465703643136 0.068742898656063367 -0.032112091618775027 -0.041955793639862675 0.069269857218288919 0.0073322004316201395 -0.029324201041597837 -0.048882554005760748 0.078835755358628967 -0.054607689786585659 -0.036644320399018625 0.026911643418218209 -0.0092466078236727815 -0.047042062544772174 -0.044345555677601949 0.056189858748789179 0.01195359539875109 0.059786212066631483 -0.024305763920749984 0.099869717899677787 -0.022898054172669061 0.0752676640336431 0.098755171744014145 -0.019926943843472975 0.00044219898235375301 0.086580709901756606 0.027553580285627228 0.028662234648536501 0.021974582570312699 0.020314968748115877
leaf_weight=148.97648780047894 384.94788885116577 133.46274718642235 442.99128288030624 485.16101640462875 90.674483016133308 105.86220213770866 86.040205672383308 115.53093819320202 102.62607869505882 141.81753227114677 55.302364692091942 45.378866076469421 1466.25454826653 380.81886725127697 42.020431488752365 75.408987239003181 597.88960979878902 102.60992550849915 581.6977704167366 97.478106051683426 51.746413618326187 318.93365103006363 44.627714022994041 44.091541677713394 54.359035238623619 220.2322444319725 68.109420076012611 41.692177519202232 54.067836076021194 57.177178353071213 97.272295370697975 145.04012416303158 44.751055881381035 550.81588152050972 51.376208513975143 39.717730224132538 57.934134379029274 51.212714925408363 199.66972625255585 57.292311817407608 153.192717269063 213.35652360320091 240.51676027476788 217.83935889601707 48.33550451695919 54.499340713024139 87.239591270685196 83.619481205940247 253.1744082570076 85.603817954659462 51.006076470017433 51.981213137507439 125.36079084873199 41.922618359327316 199.99845668673515 40.942229449748993 125.20961348712444 199.26979899406433 158.79199972748756 60.022028490900993 46.728295922279358 67.942084938287735
leaf_count=633 1600 810 3193 3324 384 486 508 487 509 912 256 219 10510 2274 172 362 4083 442 4037 407 226 1310 252 222 279 1414 356 224 234 408 418 845 208 2472 296 213 285 252 1159 366 643 1442 1469 1046 230 302 495 390 1457 414 309 231 689 209 832 225 679 837 777 277 218 363
internal_value=-0.000137671 0.0251551 -0.0252992 0.005328 0.0370881 0.0330444 0.0224371 0.00705389 0.0472127 0.0162295 0.0579537 -0.0328827 -0.0416214 0.0185353 -0.0249902 -0.0302164 -0.0220209 -0.00505602 -0.0296783 0.0602913 0.0291553 0.0713438 0.0363323 0.0760879 0.0465887 -0.015415 -0.00289835 0.0475583 0.0229429 0.00395392 0.0199189 0.0345072 0.00920519 0.0552011 0.0494839 0.0537962 0.0240313 0.065159 -0.00360837 0.0186104 0.052282 -0.0369962 -0.0161689 0.0496459 0.0685068 -0.000163157 -0.0174771 0.0427116 -0.00358634 0.00788684 0.0283888 0.0392481 0.0198621 0.00170309 0.0805874 0.0263824 0.0509429 0.0430779 0.0558466 0.0731735 0.0629948 -0.0113416
internal_weight=10539.6 5256.1 5283.52 1836.85 4245.75 1064.62 2347.19 1448.07 899.117 393.668 633.851 772.229 3446.67 1148.68 1010.36 1980.42 1537.43 939.538 968.335 251.851 154.372 505.449 186.515 483.107 156.969 782.569 562.337 117.101 98.1594 287.068 229.891 767.858 287.443 1898.56 1549.58 142.403 97.6519 141.887 430.766 231.097 1498.2 299.397 445.236 480.415 262.576 150.744 132.618 947.389 386.637 204.719 136.61 147.045 250.903 167.283 348.975 96.2446 696.486 543.293 418.084 259.292 98.7095 125.234
internal_count=60581 27449 33132 10077 20973 5213 12239 7987 4252 2054 2839 4864 23055 6037 6476 12545 9352 5269 6304 1142 735 2198 888 2056 721 4548 3134 586 456 1540 1132 3763 1551 8734 7269 706 498 636 2374 1215 6973 1950 2548 2212 1166 783 714 4501 2267 1079 723 679 1288 898 1465 481 3213 2570 1891 1114 449 729
is_linear=0
shrinkage=0.05


Tree=10
num_leaves=63
num_cat=0
split_feature=29 12 4 22 4 29 40 34 22 12 22 12 21 12 12 12 12 12 12 12 12 10 12 4 4 21 37 10 29 1 10 29 14 10 7 7 29 21 12 12 20 9 29 9 1 7 12 29 7 1 12 12 34 12 20 26 4 27 20 42 34 12
split_gain=2361.7 1138.82 1056.29 693.761 366.844 338.553 290.712 271.852 235.34 213.826 387.627 383.848 373.047 237.353 275.559 194.509 192.239 281.756 184.733 300.167 182.007 179.098 162.632 156.086 173.714 153.274 134.59 133.584 132.453 138.032 131.291 126.532 116.22 115.981 112.999 108.731 135.144 105.908 98.7513 99.7858 88.9307 88.5797 85.533 78.9338 79.4832 75.9397 72.8048 70.0581 69.9731 68.9125 66.4376 81.5336 80.9094 65.5975 62.0996 83.7705 61.3414 61.893 61.1691 60.4693 56.5644 56.3203
threshold=0.28296329785124857 34.500000000000007 1548.9500000000003 1.0000000180025095e-35 647.22500000000014 0.10703862176965512 0.029280372386762649 0.61394859186234241 1.0000000180025095e-35 28.500000000000004 1.0000000180025095e-35 34.500000000000007 0.00097122150553313432 41.500000000000007 61.500000000000007 40.500000000000007 41.500000000000007 61.500000000000007 28.500000000000004 32.500000000000007 55.500000000000007 0.22195836361527907 27.500000000000004 1215.325 406.92500000000001 0.0012911939358669045 28.574989354687943 0.39462903763979035 0.4296410740538022 33.500000000000007 0.29562018662886852 0.13498655800128037 -0.069466392725674231 0.056414305676124425 0.20997354942124899 0.048011219680739466 0.41258407231904271 0.0011549621135986743 58.000000000000007 54.500000000000007 43.601219831001423 0.10690828145389923 0.50895706192708967 0.076493350029777932 19.500000000000004 0.47808990554986436 55.500000000000007 0.1868661893323634 0.14315150667519141 19.500000000000004 119.50000000000001 68.500000000000014 0.11281870886095048 48.500000000000007 57.900079879421689 0.0089283371322727428 393.52500000000003 0.014189990379667507 48.268450931395613 0.0089941787538476009 0.096441447615936773 53.500000000000007
decision_type=2 2 2 2 2 2 10 10 2 2 2 2 8 2 2 2 2 2 2 2 2 10 2 2 2 10 10 10 2 2 10 2 2 10 8 8 2 8 2 2 8 8 2 10 2 10 2 2 10 2 2 2 8 2 10 2 2 10 10 10 8 2
left_child=2 3 5 4 30 59 -5 9 16 26 11 41 -12 32 37 -14 -3 21 22 35 34 23 25 24 53 33 40 31 29 -8 -2 -4 -13 -6 47 36 -20 60 39 42 -7 -11 54 44 -42 -30 -23 -17 -35 -45 51 -16 56 -18 55 -26 -53 -58 -31 -1 61 -15
right_child=1 8 27 6 18 7 28 -9 -10 10 12 13 15 14 50 20 17 -19 19 -21 -22 46 -24 -25 38 -27 -28 -29 45 58 -32 -33 -34 48 -36 -37 -38 -39 -40 -41 43 -43 -44 49 -46 -47 -48 -49 -50 -51 -52 52 -54 -55 -56 -57 57 -59 -60 -61 -62 -63
leaf_value=0.038912601081945969 0.082679317275145492 -0.057891607020598951 -0.0068683120476843414 -0.054478003957864785 -0.02609285842001148 0.096100128420772299 0.092065546051373418 0.099053141147842597 -0.05500482673126577 0.097153991355809335 -0.042142201301675536 0.025363856053018899 -0.057278053272896728 0.10012600898852922 -0.030297378277495485 0.079488534003857872 0.035380165170441895 -0.047352205707532138 0.084941448861594424 -0.055972414357665361 -0.02152151035477895 -0.056713447778932273 -0.060209311677456384 -0.043790358259969638 0.10809183115042686 -0.061536736316350218 -0.029588876794950619 0.075230486398949303 -0.050540410037446394 0.027747892915327928 0.0051409693693783357 -0.047368561907963597 -0.043582820599168376 0.0067871671029978492 0.11166836042769257 0.090808962735953611 -0.028993767235084122 0.0091145142862419891 0.081332544946106769 -0.037256370456478144 -0.036298421665328193 0.022795430543497232 -0.011463961800324314 0.11231454195624341 0.041811752913221874 0.018101731397107433 0.0016249663664763435 -0.012286790985004327 0.079349639627582028 0.049648684389587382 -0.046500369080608284 -0.013247680349877045 -0.014125948427655858 -0.034120644260353078 0.013869083913406677 0.021848492189163227 0.027473178385925917 0.096353235684800434 -0.05161106874931868 0.065276041472320773 0.041435785120274529 0.055939956210128428
leaf_weight=295.70542047917843 348.71045777201653 447.12288758158684 324.685253277421 448.90783180296421 64.852887734770775 118.76695929467678 68.628070011734962 122.50055022537708 1502.5748364329338 226.66915072500706 448.99691911041737 89.709590926766396 52.746273398399353 134.26059918105602 100.41406366229057 40.302228778600693 43.367867335677147 613.3382476568222 49.098134815692902 65.711733981966972 67.474732205271721 183.8790161460638 120.06038103997707 118.20351527631283 75.430499121546745 59.018608033657074 47.758967831730843 30.776311486959457 108.33768397569656 74.076065048575401 64.72729067504406 474.96888692677021 191.80188830196857 50.844373032450676 96.33247309923172 151.90989696979523 55.387787833809853 115.33920101821423 99.177554026246071 54.739233493804932 45.35666261613369 48.64640486240387 65.78899484872818 58.436426728963852 115.51502291858196 64.152169108390808 75.413441807031631 42.960292145609856 95.866231814026833 176.00806707143784 65.948188275098801 37.092283055186272 95.418802186846733 156.34742161631584 60.695891708135605 44.92676754295826 69.956450015306473 61.09575916826725 36.122589245438576 822.47998140752316 192.54678812623024 155.80537183582783
leaf_count=1366 1427 3350 1917 3219 361 495 310 503 11158 913 2758 485 327 551 556 185 215 4317 199 378 396 1241 846 769 353 394 240 124 644 405 331 3408 1278 237 427 632 295 551 414 313 226 207 366 247 533 348 430 235 410 775 399 200 536 873 309 233 390 329 199 3595 868 694
internal_value=-0.000487844 -0.0231599 0.0244711 0.00777825 0.0330713 0.0348034 -0.0278176 0.0260958 -0.0399912 0.023009 0.0163417 0.0303499 -0.0133038 0.0190661 0.0302068 0.0298838 -0.0289244 -0.0207852 0.0113372 0.0393698 0.0484918 -0.00412362 -0.0117773 0.00872865 0.019067 0.00971251 0.0507006 -0.02699 0.00624862 0.0364007 0.07054 -0.0309242 -0.0216115 0.0295885 0.0747961 0.063805 0.0245446 0.0521586 0.0380517 0.0238185 0.0581596 0.0840153 0.0373623 0.0467609 0.0197891 -0.0250111 -0.0397461 0.032136 0.0542022 0.0652685 -0.000324395 0.00804212 0.022649 -0.0190287 0.0551043 0.0758991 0.043518 0.0595847 0.00173441 0.0583042 0.0624456 0.076392
internal_weight=10433.9 5467.42 4966.48 1926.41 1126.19 4136.05 800.224 3017.86 3541.01 2895.36 2333.52 1584.7 748.813 1309.39 1027.88 299.816 2038.43 1591.31 712.75 322.108 247.07 977.97 390.642 718.678 600.474 270.582 561.842 830.43 351.317 178.827 413.438 799.654 281.511 211.563 179.595 256.396 104.486 597.952 400.759 301.581 514.083 275.316 246.842 395.316 160.872 172.49 259.292 83.2625 146.711 234.444 429.926 363.977 263.563 199.715 181.053 120.357 168.144 131.052 110.199 1118.19 482.613 290.066
internal_count=60690 34976 25714 10635 5510 20265 5125 15304 24341 14801 12285 7957 4328 6837 5074 1570 13183 9833 3752 1504 1243 5516 2248 3845 3076 1402 2516 5449 1906 914 1758 5325 1763 1008 847 1126 494 2664 1988 1574 2276 1120 1261 1781 759 992 1671 420 647 1022 2410 2011 1455 1088 895 586 919 719 604 4961 2113 1245
is_linear=0
shrinkage=0.05


Tree=11
num_leaves=63
num_cat=0
split_feature=29 12 4 22 4 29 22 40 12 12 11 12 12 22 12 7 12 12 10 12 11 12 7 11 29 12 7 11 29 41 41 12 7 12 7 11 41 4 4 20 29 22 12 7 12 41 12 12 1 17 29 31 29 11 12 37 7 4 20 29 1 1
split_gain=2234.8 1007.74 976.779 689.537 342.875 337.753 258.789 241.202 238.838 238.76 199.224 198.481 280.941 183.322 438.515 174.246 169.705 160.785 139.196 129.739 147.709 126.887 145.309 117.575 167.164 144.683 114.921 113.23 109.354 108.552 106.523 121.011 94.981 90.4315 113.897 112.603 92.3844 88.0609 84.5583 82.0748 80.3409 78.3864 142.813 147.889 96.3261 83.4345 75.6466 114.866 73.6845 68.3511 67.6254 65.4861 64.5353 63.2547 60.7231 56.4622 53.8624 47.044 46.7054 45.7428 44.9812 44.5607
threshold=0.28296329785124857 34.500000000000007 1568.1250000000002 1.0000000180025095e-35 772.82500000000016 0.15431076586924861 1.0000000180025095e-35 0.030905438580901414 34.500000000000007 41.500000000000007 3.5000000000000004 41.500000000000007 61.500000000000007 1.0000000180025095e-35 28.500000000000004 0.074419554742092844 59.500000000000007 58.000000000000007 0.30029041989903971 28.500000000000004 1.5000000000000002 28.500000000000004 0.39715038510133943 1.0000000180025095e-35 0.48091463091240344 27.500000000000004 0.2741889467481971 1.5000000000000002 0.13902400189691286 0.034450089528694113 0.033561157958378947 53.500000000000007 0.50233651608160379 28.500000000000004 0.49541358380508288 1.0000000180025095e-35 0.052909181394374179 297.52500000000003 1160.0250000000003 57.900079879421689 0.4595652679090611 1.0000000180025095e-35 55.500000000000007 0.2120830023267464 54.500000000000007 0.033765773037720125 40.500000000000007 55.500000000000007 36.500000000000007 -0.011818861318301177 0.4977627051670353 -0.094081801505749338 0.39363927728458398 2.5000000000000004 30.500000000000004 11.271874054289873 0.011330682534583395 949.82500000000016 57.651723150105632 0.065157927042667083 37.500000000000007 47.500000000000007
decision_type=2 2 2 2 2 2 2 10 2 2 2 2 2 2 2 8 2 2 10 2 2 2 8 2 2 2 10 2 2 10 8 2 10 2 10 2 10 2 2 10 2 2 2 8 2 10 2 2 2 8 2 8 2 2 2 10 10 2 8 2 2 2
left_child=2 3 5 4 18 33 11 -5 13 51 23 -3 15 19 26 -13 41 30 32 20 -7 22 48 24 -6 29 27 -15 56 39 31 37 -2 -1 36 -36 38 -17 49 55 -24 45 43 44 -43 53 -40 -48 -9 -35 60 -10 -20 -11 -30 -25 -4 -33 -22 -58 -39 -29
right_child=1 6 28 7 10 8 -8 21 9 16 -12 12 -14 14 -16 17 -18 -19 52 -21 58 -23 40 25 -26 -27 -28 61 54 -31 -32 57 -34 34 35 -37 -38 50 46 -41 -42 42 -44 -45 -46 -47 47 -49 -50 -51 -52 -53 -54 -55 -56 -57 59 -59 -60 -61 -62 -63
leaf_value=0.070834962786155364 0.081907276709819232 -0.057312318687218346 -0.033623359102050825 -0.052096885775706869 0.07043615729158885 -0.049721476359232103 -0.055011589265205885 0.021680280853645928 0.027108121217993497 0.03818544013444336 0.088591920349734288 -0.034545492400416634 -0.046110000442543819 0.089047192377766343 -0.061236488612899667 -0.022755829523186371 -0.009449114721972544 0.063820125546860437 0.058182310919495189 0.082484218101052567 0.079732997692870511 -0.059760445279664912 0.095734467588194788 0.079371460851004938 -0.048280136140078145 -0.059591866927823881 0.098447787525379193 -0.040885050157322744 0.011984756929981848 -0.059169817944481409 -0.03038737594670414 0.017753708051013912 0.013805033771863151 0.071328063765399949 -0.061360696582838485 0.04952192802010965 0.093499346935057126 0.040601019922690378 -0.014656613044241866 -0.02087170908989941 0.011408312427451892 -0.039240078943037854 -0.062145276902264658 0.077660730496710906 0.056816385179816187 -0.005669431247075492 0.06587578829571783 0.00098278236654485477 -0.05340409920370115 0.0427952320841491 0.0078238364929820396 -0.045689001346730082 -0.021628567158157554 0.08206625330827555 -0.050618367615049731 0.0077119113077290516 0.056353006888787527 -0.035049722118637848 0.018077487469775399 -0.002639096135159166 0.10615894034374161 0.026507791719646002
leaf_weight=356.02895173430443 375.90578916668892 432.92267632484436 117.39706517755985 473.3629010990262 95.924577608704567 45.534423127770424 1454.235955491662 65.876070082187653 35.659051284193993 203.69195571541786 63.047378331422806 297.53576876223087 597.70333564281464 49.055087879300117 126.12841212004423 40.64816752076149 385.03283609449863 120.10740238428116 41.103490352630615 284.2409363090992 76.961410969495773 61.18624722212553 68.935328364372253 64.572836101055145 42.920030534267426 143.43249014765024 90.433084174990654 44.616233691573143 42.955673232674599 52.244759604334831 189.88565485179424 69.419312253594398 59.270733952522278 282.34743078052998 50.312322244048119 42.017243340611458 97.030762150883675 42.580662921071053 99.856016233563423 67.529637455940247 47.853127419948578 78.662781298160553 53.323978394269943 90.408126831054688 39.05861584842205 65.657085746526718 148.91618381440639 125.79819343984127 64.832656025886536 817.91669011116028 44.405336275696754 231.14058336615562 65.997720792889595 137.60924085974693 394.20557683706284 47.863929226994514 40.515798076987267 107.50378462672234 51.117243677377701 173.91610799729824 67.869619712233543 54.477767467498779
leaf_count=1476 1538 3375 725 3474 409 260 11225 344 199 923 253 1884 4342 205 856 219 2238 511 192 1154 332 451 279 279 240 1008 368 225 259 352 1155 384 279 1231 297 209 401 204 541 382 218 444 347 426 194 327 708 660 378 3685 239 1596 361 577 2942 222 220 663 231 1016 313 252
internal_value=-0.000563344 -0.0228917 0.0237328 0.00635262 0.0315122 0.0332962 -0.0389442 -0.0296734 0.0194678 0.00629165 0.00470281 -0.0273227 -0.0190933 0.0406159 0.0141686 -0.0026151 0.0169923 0.0113066 0.0600646 0.061683 0.0276269 0.00471284 0.0206519 -0.00557728 0.0337382 -0.020109 0.0540321 0.02692 -0.0280398 0.00427882 8.9929e-05 0.0156291 0.0726318 0.0479637 0.0430708 -0.0109003 0.046241 0.042742 0.0431318 0.0226981 0.0611825 0.0322236 0.0108614 0.0295662 -0.00736964 0.045948 0.0226127 0.0361598 -0.0155622 0.0501173 0.0599346 -0.0359593 0.00900139 0.0558777 -0.044467 0.0488662 -0.00639811 -0.0143312 0.0551258 0.00850716 0.0808851 -0.00383526
internal_weight=10298.7 5366.68 4932.02 1901.86 1119.81 4163.03 3464.82 782.046 2142.81 1320.24 577.536 2010.58 1577.66 822.565 364.711 979.956 1053.44 682.42 542.278 457.854 173.613 308.683 247.497 514.488 138.845 375.644 238.582 148.149 768.99 232.211 562.313 372.427 435.177 2020.22 1664.19 92.3296 1571.87 195.504 1474.83 179.966 116.788 668.412 261.454 208.13 117.721 406.958 374.57 274.714 130.709 1100.26 154.856 266.8 107.101 341.301 437.161 112.437 331.829 176.923 128.079 214.432 110.45 99.094
internal_count=60697 35173 25524 10659 5515 20362 24514 5144 11154 7271 3145 13289 9914 3883 1906 5572 5476 3688 2370 1977 823 1670 1219 2892 649 2243 1050 682 5162 1235 3177 2022 1817 9208 7732 506 7226 975 6825 883 497 3238 1411 1064 638 1827 1909 1368 722 4916 756 1795 553 1500 3201 501 1961 1047 563 1236 517 477
is_linear=0
shrinkage=0.05


Tree=12
num_leaves=63
num_cat=0
split_feature=29 4 22 29 11 21 10 0 10 0 21 34 29 10 4 22 11 37 10 34 18 21 29 21 21 22 11 1 34 21 10 21 21 1 20 34 21 19 1 29 4 34 29 17 29 19 34 21 14 11 0 21 18 11 4 34 21 21 34 21 37 11
split_gain=2043.45 984.093 696.389 315.51 242.306 298.094 248.531 238.6 200.953 188.742 192.737 188.22 162.612 148.235 141.999 136.788 123.029 141.032 122.994 111.747 109.545 102.65 99.7505 95.2165 91.7235 235.405 105.608 119.551 89.5185 83.0312 85.8537 81.0851 79.5287 83.5921 97.0807 74.6599 138.803 77.9859 74.4434 73.4688 72.2057 71.2877 62.6691 69.3649 62.4427 60.9652 58.6459 71.5541 60.4543 57.6442 56.6848 52.3497 50.1936 49.4796 99.8981 48.6854 47.0421 46.1947 50.1778 57.3336 45.9307 44.866
threshold=0.3139423469989156 1473.9250000000002 1.0000000180025095e-35 0.16976623040790675 1.5000000000000002 0.0012911939358669045 0.4496651694930241 0.03523437662549702 0.39462903763979035 0.023122914864106687 0.00038901486614884359 0.61394859186234241 0.12640874451937309 0.30403125454641139 1102.1250000000002 1.0000000180025095e-35 1.0000000180025095e-35 26.282709850191321 0.39462903763979035 -0.15196485391660439 -0.0057171293762097721 0.0018350920464602206 0.45521234604898669 0.001249016338867554 0.00079176065198905549 1.0000000180025095e-35 1.0000000180025095e-35 10.500000000000002 -0.18336214778495805 0.00089689293817927639 0.032552925527581066 0.0015853621898224946 0.00042689144700733272 17.500000000000004 45.339118055727631 -0.087451523535921546 0.0008754504985756474 0.0014901169685858087 50.500000000000007 0.44264511700016462 833.02500000000009 0.077923314037723915 0.11354578049603199 7.8590766562435739e-05 0.47483816193712142 0.0006929052234282419 0.29453650680028648 0.00050805960316787876 -0.076081282050287746 1.5000000000000002 0.036110272860652166 0.0016536031795407133 0.0074287477867414084 2.5000000000000004 618.37500000000011 -0.12709577553521559 0.0028856310067308182 0.00038737398756234401 0.18789522048377474 0.0010580657030479152 -30.545711620921015 1.5000000000000002
decision_type=2 2 2 2 2 10 10 2 10 2 8 10 2 10 2 2 2 8 8 8 8 10 2 10 10 2 2 2 8 8 10 8 8 2 10 10 10 8 2 2 2 8 2 8 2 10 10 10 2 2 2 10 10 2 2 8 10 8 8 10 10 2
left_child=1 3 4 24 6 9 21 -4 12 10 53 14 57 35 16 29 18 20 -5 31 -18 -2 -8 -17 25 32 -27 -28 45 30 -16 44 -1 34 41 36 37 -11 -31 -30 51 -34 43 -29 -9 -12 47 -35 -49 -21 -37 -26 55 -6 -55 60 -7 -3 59 -59 -22 -57
right_child=2 8 7 11 5 56 22 19 -10 13 28 -13 -14 -15 15 23 17 -19 -20 49 52 -23 -24 -25 40 26 27 42 39 38 -32 -33 33 46 -36 50 -38 -39 -40 -41 -42 -43 -44 -45 -46 -47 -48 48 -50 -51 -52 -53 -54 54 -56 61 -58 58 -60 -61 -62 -63
leaf_value=0.073194151243252209 -0.045925496559937801 -0.05206174846226546 -0.055522096407778637 -0.036176041605430302 0.078836461854433326 -0.059975833018692817 0.080989198692078587 0.082778305544618597 0.081061556630796977 0.074289301258228232 0.055898640966073998 0.085614650017265731 -0.044493797796885087 -0.044770509730880093 0.0023559584642242489 -0.044039447872999106 0.075400136251578542 -0.012865532784215676 0.05591530454184989 0.014602318975875354 0.070524673347065886 0.02880457181608323 -0.017234450113631696 0.023809939138509595 0.074628407478153164 -0.056727295633867136 0.074154430794233728 0.062726941565758809 -0.0017272755375399595 -0.049419744730209575 0.098892324844293999 -0.035790279173770555 0.070164828703067006 0.0071543890272533677 -0.034689922500752937 0.036970131353111772 -0.036420528169237701 -0.0071374013312126231 0.03695714705117592 -0.03159137396317982 0.04200278975832613 -0.01059640639532438 -0.045626507731338986 -0.025148546344093744 0.0034150188182891952 -0.018751723682472909 0.10077586063869244 0.092150493421652005 0.041851762577329601 -0.050538298040293743 0.081737375852005828 0.026737346007447829 -0.024427506834263483 -0.020214162523623024 0.08463949882230469 0.048663352202741886 -0.0027379105296221457 0.0045336221654440926 -0.031866390846981722 0.068300420566466541 0.029391412780903639 0.017620002697783254
leaf_weight=218.44911554455757 698.28822690993547 39.639071553945541 1626.0891256928444 158.18327475339174 70.147939130663872 204.26475400477648 62.794709250330925 57.783022359013557 43.065173327922821 93.838207542896271 75.776768401265144 95.84289987385273 622.14405524730682 55.307106196880341 40.326881982386112 245.4084549844265 133.36641766130924 197.87980744987726 47.037922203540802 45.211269378662109 122.45281369239092 49.189550250768661 43.930619046092033 65.511893190443516 430.08190028369427 73.533535704016685 57.85686007142067 43.85075618326664 389.89367242157459 51.979227334260941 53.700065135955811 39.426786005496979 70.623291537165642 100.84391415119171 73.29722635447979 148.45482736080885 73.536226451396942 42.824574120342731 47.959530465304852 436.50117494910955 553.44732358306646 44.567492306232452 69.012329459190369 46.028527617454529 43.399982541799545 42.796590432524681 50.432255387306213 82.905170902609825 213.78051546216011 136.4928220063448 135.02458572387695 65.790661253035069 44.780877240002155 54.749078705906868 38.824587628245354 142.24053250253201 43.550523042678833 184.31641925871372 69.265508338809013 43.585711732506752 152.24545473605394 640.46569345891476
leaf_count=947 5004 240 12963 1056 308 1487 260 252 174 431 377 399 4692 320 220 1665 588 1091 205 251 572 267 242 383 1809 437 266 204 2433 308 246 270 313 473 361 753 422 212 250 2874 2489 198 381 223 209 245 205 351 993 859 558 304 235 330 164 752 242 1060 414 236 735 3325
internal_value=-0.000732952 0.0201521 -0.0248465 0.0302655 -0.00868867 0.00123103 -0.0308168 -0.0477322 -0.0245994 0.00887743 -0.00299472 0.017062 -0.0293445 0.0328535 0.0139968 -0.0091875 0.0211402 0.026324 -0.0150682 -0.00843162 0.0326004 -0.0410077 0.0405581 -0.0297434 0.043739 0.033954 -0.00494944 0.0126166 -0.0116722 0.0237629 0.0574892 0.0250359 0.0471637 0.0382293 0.0102942 0.0415498 0.0189691 0.0487735 -0.00796841 -0.0175015 0.0544178 0.0389182 -0.00979107 0.0177246 0.0487374 0.0289551 0.0499834 0.0435397 0.0559071 -0.0343301 0.0582933 0.0682744 0.0274216 0.0470897 0.0232906 0.0296174 -0.049917 -0.00136095 0.00540201 0.0167289 0.0477275 0.0232615
internal_weight=10144 5435.9 4708.1 4433.88 2759.69 1905.49 854.203 1948.4 1002.02 1657.68 1108.69 2239.38 958.951 548.986 2143.54 504.886 1638.65 1433.43 205.221 322.314 1235.55 747.478 106.725 310.92 2194.5 1145.18 290.282 216.748 944.968 193.966 94.0269 140.61 854.899 636.45 188.488 493.678 210.199 136.663 99.9388 826.395 1049.32 115.191 158.892 89.8793 101.183 118.573 447.962 397.53 296.686 181.704 283.479 495.873 1102.19 163.722 93.5737 1057.4 247.815 336.807 297.168 227.902 274.698 782.706
internal_count=60533 28800 31733 21984 16929 11156 5773 14804 6816 9427 6731 12030 6642 2696 11631 3072 8559 7298 1261 1841 6207 5271 502 2048 9954 5352 1511 1074 5929 1024 466 731 3841 2894 872 2376 1065 643 558 5307 4602 511 808 427 461 622 2022 1817 1344 1110 1311 2113 5619 802 494 5384 1729 1950 1710 1296 1307 4077
is_linear=0
shrinkage=0.05


Tree=13
num_leaves=63
num_cat=0
split_feature=4 12 22 12 12 12 10 21 10 7 11 11 10 21 12 26 26 4 12 12 14 11 41 9 9 25 34 21 11 28 22 34 4 12 11 21 10 26 34 12 12 10 11 12 11 21 12 31 37 10 14 25 26 34 25 22 26 14 27 26 4 37
split_gain=1507.39 798.574 497.74 668.601 456.246 412.324 381.824 242.532 314.389 297.844 229.654 211.636 211.595 192.057 187.031 116.05 107.29 106.707 103.487 106.227 91.6167 95.825 86.5298 79.6357 78.1599 77.9415 73.0533 142.471 65.8998 65.5252 75.9857 96.4218 88.1474 71.4174 77.6291 68.8746 62.0187 55.751 54.786 53.2388 85.3807 64.7294 52.0289 51.7007 60.2948 49.9371 49.7427 126.745 120.764 58.4324 48.1898 47.4466 46.6059 60.7907 43.73 43.6629 82.8179 59.673 42.3785 42.2459 42.1983 39.4165
threshold=1160.0250000000003 34.500000000000007 1.0000000180025095e-35 28.500000000000004 41.500000000000007 61.500000000000007 0.3384188320596721 0.0009727433685497391 0.54730766542635367 0.30336339179726318 1.0000000180025095e-35 1.0000000180025095e-35 0.22594225259171877 0.00097122150553313432 27.500000000000004 0.0016893894219066584 -0.010978769071233985 1548.9500000000003 40.500000000000007 55.500000000000007 -0.073482629874684693 3.5000000000000004 0.034450089528694113 0.17704618244107515 0.13426358487972662 862.50000000000011 0.14347319553880569 0.0018350920464602206 3.5000000000000004 0.16247743682310481 1.0000000180025095e-35 -0.14953437483891766 412.45000000000005 47.500000000000007 1.5000000000000002 0.0011549621135986743 0.065101035909754731 -0.0091690321436424648 0.17773105983594431 68.500000000000014 119.50000000000001 0.019670921631844984 1.5000000000000002 55.500000000000007 1.5000000000000002 0.0010876769912676464 28.500000000000004 -0.029630271408126237 -34.485747831227975 0.24945989828264456 0.010354888024679732 797.50000000000011 0.0089283371322727428 -0.04726360698852277 762.50000000000011 1.0000000180025095e-35 0.0034991263494981791 0.0045370217625427291 0.90003785011355042 -0.014598242926417026 361.30000000000007 5.399608079590327
decision_type=2 2 2 2 2 2 10 8 10 10 2 2 10 8 2 2 2 2 2 2 2 2 10 10 10 2 10 10 2 8 2 10 2 2 2 10 10 2 8 2 2 8 2 2 2 8 2 10 10 10 2 2 2 10 2 2 2 2 8 2 2 10
left_child=1 2 7 13 20 10 14 8 46 26 15 -8 22 25 38 61 -7 18 -16 28 21 -3 29 -15 -10 54 45 -28 37 30 32 -32 33 -12 -35 -34 -36 -20 52 60 41 -41 -25 44 51 -9 47 48 -1 -48 -27 -14 -2 -54 -4 56 -21 -58 -43 -19 -18 -6
right_child=6 4 3 -5 5 16 11 9 24 -11 12 -13 43 23 17 -17 39 59 19 55 -22 -23 -24 42 -26 50 27 -29 -30 -31 31 -33 35 34 36 -37 -38 -39 -40 40 -42 58 -44 -45 -46 -47 49 -49 -50 -51 -52 -53 53 -55 -56 -57 57 -59 -60 -61 -62 -63
leaf_value=0.086663951985685855 -0.0084874692747140996 0.012586558346893243 -0.0059581935502837566 -0.050079492053473208 -0.018004404460779975 0.045611647068877673 0.056067311736396931 0.031170637536050302 0.028660270903847297 -0.042856844103784777 0.082527182482242167 -0.047025706316623068 0.032457608196302647 0.063397468725489153 -0.04624956187230489 -0.051977415177443143 -0.0075064392719636185 -0.0064841399288561516 0.033910976684616824 -0.054504920064684319 -0.043138963162371646 -0.056336829150713967 -0.0010476594734962015 0.049131168193888193 -0.065205218851075483 -0.0030153427411260445 -0.027315751627848529 0.058542245987049726 0.053475373644218532 0.010587216340486549 0.065207391004093354 0.0043687212084598786 0.071726789857405854 0.066069691842348802 0.043924010560516945 0.0072464340195824029 -0.019895307787741949 -0.014156129314124806 -0.048436939016047287 0.035380321830684673 -0.043198513762261935 -0.0054374012662284175 -0.017263794008948945 0.036764312064362308 -0.038237145191988502 0.091671666551011943 0.088604347635025671 0.087711406090702285 -0.018979819398482672 0.055237406015716965 0.073840360888749706 -0.025352348189053731 0.00035810722318601067 0.069772453156686051 -0.064710303689901882 -0.046383082287650548 -0.016454505853636482 0.061816370611542132 -0.052039675337522545 -0.046463318169449618 -0.051253155769522322 0.042830442642375122
leaf_weight=41.35855495929718 91.520219311118126 176.69667357206345 117.05110853165388 333.38748240470886 46.987377643585205 64.704817399382591 200.6421584635973 50.163322106003761 39.91053281724453 125.19079209119081 55.427215203642845 66.209215320646763 82.259773343801498 389.72364558279514 427.38250679522753 144.3905255869031 75.677143469452858 69.265551254153252 70.141914039850235 75.721513725817204 612.99443274736404 70.570630811154842 134.20406256616116 60.080237776041031 49.913313388824463 38.152016893029213 76.220163963735104 131.98599886894226 48.734338246285915 153.43191117048264 96.002202212810516 202.49564079940319 465.4642748683691 64.631320923566818 57.531633839011192 45.458276867866516 112.52200947701931 431.01595409959555 35.256652049720287 89.157934620976448 181.58111600577831 386.50863875448704 57.982097938656807 57.254816874861717 143.36929674446583 106.55301910638809 563.07204215228558 139.57763799279928 78.19901729375124 171.07172293961048 43.823982566595078 62.429260618984699 57.71175517141819 69.555368766188622 43.420597866177559 290.41926456987858 61.481409281492233 40.321063660085201 55.829918831586838 1435.8454116433859 202.9731473326683 61.446588605642319
leaf_count=172 544 1100 628 2345 251 374 936 207 190 659 238 401 441 1777 3179 977 469 534 445 515 4444 468 733 277 261 202 434 600 317 750 477 1146 2047 314 264 212 557 2714 247 534 1190 2401 299 283 875 434 2286 567 408 768 226 363 300 322 257 2113 408 239 367 11348 1317 310
internal_value=-0.000331306 0.01377 0.0349134 0.00883722 -0.000626389 0.00846604 -0.0269755 0.0528745 0.0660806 0.0236904 0.0218948 0.0304886 0.0283911 0.0350185 -0.031761 -0.0226214 -0.01677 -0.0353056 -0.0256017 -0.0169317 -0.0327757 -0.00708433 0.0371094 0.0524991 -0.0234989 -0.00159307 0.0465202 0.0271113 -0.00203103 0.0411964 0.0454676 0.0239355 0.0534914 0.0314802 0.019424 0.0659898 0.0016957 -0.00742867 0.00940473 -0.02084 -0.0135982 -0.00348551 0.0165237 -0.00663129 -0.0152567 0.0723059 0.0741814 0.0553481 0.0175655 0.0808291 0.0380714 0.00751423 0.0187257 0.0382952 -0.0218554 -0.034442 -0.0149069 0.0145464 -0.0113193 -0.0446235 -0.0393722 0.0164691
internal_weight=10030.1 6558.84 2656.84 1083.62 3902 3041.74 3471.22 1573.22 1083.1 490.113 1985.31 266.851 1732.48 750.234 3204.37 252.824 1056.43 2950.33 1445.22 1017.84 860.262 247.267 1387.17 507.786 89.8238 242.448 364.923 208.206 549.892 1252.96 1099.53 298.498 801.035 290.112 234.685 510.923 170.054 501.158 254.044 991.728 713.078 531.496 118.062 345.313 288.058 156.716 993.279 259.135 119.558 734.144 81.976 144.689 218.787 127.267 160.472 467.943 177.524 101.802 442.339 1505.11 278.65 108.434
internal_count=60461 35899 12997 6011 22902 16890 24562 6986 4652 2334 10238 1337 8700 3666 23225 1538 6652 21812 9930 6751 6012 1568 6738 2353 451 1313 1675 1034 3476 6005 5255 1623 3632 1373 1135 2259 821 3159 1413 6278 4492 3302 576 1962 1679 641 4201 1147 580 3054 428 804 1166 622 885 3275 1162 647 2768 11882 1786 561
is_linear=0
shrinkage=0.05


Tree=14
num_leaves=63
num_cat=0
split_feature=29 4 12 22 29 4 12 12 22 18 12 22 12 12 12 12 7 12 12 17 12 29 4 12 7 10 10 29 34 41 12 29 12 7 12 22 12 34 1 41 12 29 1 12 29 12 22 12 12 12 12 12 6 29 1 41 1 12 6 12 7 10
split_gain=1861.16 810.339 759.988 496.594 307.873 256.723 250.724 229.456 192.991 190.338 177.533 168.831 418.863 160.922 146.849 205.955 141.631 122.537 144.048 115.372 111.527 111.478 111.427 149.572 184.84 109.605 98.1995 106.965 92.4936 90.5788 98.4207 76.2626 72.7124 84.5794 72.1994 72.0778 139.234 174 95.4485 67.4995 124.921 58.0603 56.582 56.3556 56.2677 54.2625 90.3209 152.979 189.735 109.577 77.4009 74.6638 72.3984 53.9188 52.8537 49.0981 81.9398 48.9276 52.1309 51.8805 48.8039 48.7346
threshold=0.30935183870938604 1568.1250000000002 34.500000000000007 1.0000000180025095e-35 0.15431076586924861 640.02500000000009 34.500000000000007 41.500000000000007 1.0000000180025095e-35 -0.0072413795610132827 59.500000000000007 1.0000000180025095e-35 28.500000000000004 28.500000000000004 41.500000000000007 61.500000000000007 0.069823619734558542 28.500000000000004 27.500000000000004 0.019355236261710696 58.000000000000007 0.13902400189691286 1345.3500000000001 32.500000000000007 0.29039165338340794 0.50424855890546805 0.19502802403928754 0.49338954351353354 -0.11317149777537304 0.033393987093704544 47.500000000000007 0.08738608015795539 27.500000000000004 0.30690746269799746 30.500000000000004 1.0000000180025095e-35 55.500000000000007 -0.14431643214653408 36.500000000000007 0.034450089528694113 55.500000000000007 0.37227506497132551 50.500000000000007 28.500000000000004 0.44884409250411056 28.500000000000004 1.0000000180025095e-35 40.500000000000007 55.500000000000007 34.500000000000007 41.500000000000007 61.500000000000007 0.10133480141398482 0.4296410740538022 48.500000000000007 0.032086909573218254 27.500000000000004 119.50000000000001 0.0062617685991488937 87.000000000000014 0.011330682534583395 0.54730766542635367
decision_type=2 2 2 2 2 2 2 2 2 8 2 2 2 2 2 2 8 2 2 10 2 2 2 2 10 10 8 2 8 8 2 2 2 10 2 2 2 10 2 8 2 2 2 2 2 2 2 2 2 2 2 2 10 2 2 10 2 2 10 2 10 8
left_child=1 4 3 5 31 25 11 28 14 13 35 17 19 53 -4 16 -16 18 -6 32 29 60 23 24 26 -2 -7 43 42 30 -18 -1 33 54 -23 39 37 -37 -39 -9 -41 -24 -8 -28 -32 -33 49 -48 -49 -47 52 -52 -51 -5 -13 -11 -57 58 -12 -60 -3 -19
right_child=2 21 8 9 6 22 7 10 -10 55 57 12 -14 -15 15 -17 20 61 -20 -21 -22 34 41 -25 -26 -27 27 -29 -30 -31 44 45 -34 -35 -36 36 -38 38 -40 40 -42 -43 -44 -45 -46 46 47 48 -50 50 51 -53 -54 -55 -56 56 -58 -59 59 -61 -62 -63
leaf_value=0.054679694426534788 0.070001347194073069 -0.03115798642666482 -0.056610360945783228 0.089482364551689841 0.047347285893318034 0.08019382569122642 -0.023684223446445524 0.051102601342456866 -0.054546621310970739 -0.055753905991024769 -0.031898896330524305 -0.025405883150910542 -0.059575500684813154 -0.058351981457574267 -0.038249421841597235 -0.046433924886515952 0.057504415614545383 0.081353987133152408 -0.051199494005095152 -0.014715447962807519 0.05178562865476475 0.014182336374411514 0.021505426247884679 -0.058764118225018647 -0.025210227579826452 -0.0087791116198765225 0.0085780998021348486 -0.032007738393870139 -0.053762799244900933 -0.033282030374677231 0.017347671948356132 0.056255652845264542 0.10224551533331663 0.090905202635231483 -0.049527971541706017 0.090525085282346998 -0.060449138639171035 0.029035431391829888 -0.048151137203243703 -0.028422086598776614 0.06607469256246333 -0.050916727136402107 0.060269638471560964 0.07672437787494131 -0.029289911255537551 0.078618401168332575 -0.037344501363754799 0.068702324381197596 -0.031545002872423851 -0.034840806398029632 0.058104586830080976 0.016927377574062819 0.041708410369932274 0.018867250521462698 0.05218479693447349 0.027353184939447946 -0.047021000069067752 -0.057847653731243287 -0.012231926244723411 0.03222344718799635 0.0094832403547134014 0.030749537274497047
leaf_weight=755.65984864532948 312.18457174301147 113.25539076328278 367.79551900923252 50.470644518733025 154.25276984274387 132.95542701333761 53.506881110370159 343.52278235554695 1200.4398332089186 345.40593192726374 132.15559734404087 45.610167659819126 137.13464657962322 47.887680441141129 249.96761482208967 507.27786193788052 86.194704458117485 281.08917567133904 48.817555546760559 59.673391565680504 110.75594507157803 49.762674011290073 37.246535509824753 56.873766511678696 120.93620458990335 51.422823950648308 50.278959937393665 58.560146413743496 212.1364738792181 170.93668386340141 140.37898764014244 237.0031561255455 78.596222326159477 55.183491006493568 417.99586123973131 70.895750872790813 59.712578602135181 96.032473102211952 68.708157099783421 85.187906570732594 59.33230784535408 107.68300484120846 32.115501865744591 76.496643587946892 119.92288064956665 144.29691962897778 118.66004195064306 135.57793416082859 72.407867938280106 77.330536633729935 246.93353174626827 198.64712992310524 51.430578425526619 58.210235312581062 42.306281805038452 54.858893476426601 113.96966075897217 51.715083934366703 156.24845866113901 113.1592683494091 212.40801388025284 57.271116554737091
leaf_count=3279 1306 740 3116 208 686 554 344 1521 10258 2754 837 239 1034 394 1668 3935 400 1154 301 285 469 306 209 346 728 269 290 322 1623 1084 735 981 325 229 3459 323 431 529 404 434 263 717 182 325 764 588 692 608 424 437 1030 944 248 262 198 291 792 357 892 676 1248 245
internal_value=-0.000653383 0.0195026 -0.0238426 0.00305673 0.0276629 0.0253 0.0158838 0.00334555 -0.0391009 -0.0302562 0.012833 0.0359257 0.0120753 0.0180123 -0.0285252 -0.0210694 -0.00641728 0.0543612 0.0236569 0.0469967 0.0062493 -0.027112 0.00626406 0.0175313 0.0274105 0.0588599 0.047404 0.0238814 -0.0360585 -0.0034977 0.0111958 0.04208 0.0636076 0.0423861 -0.0427501 0.0272434 0.00774758 0.0250293 -0.00315667 0.0390418 0.0103733 -0.0323044 0.00780544 0.0496977 -0.00413859 0.034655 0.0297573 0.00795697 0.0338024 0.0396663 0.0298801 0.0397471 -0.00426503 0.0516604 0.0119315 -0.0449525 -0.022854 -0.0120722 -0.006177 0.00644065 -0.00465049 0.0727886
internal_weight=9954.84 5325.73 4629.11 1675.44 4532.31 1004.64 2494.36 1534.43 2953.67 670.803 1236.67 959.935 418.504 156.569 1753.23 1385.43 878.157 541.431 203.07 281.37 628.189 793.422 641.031 496.101 439.227 363.607 318.291 185.336 297.759 517.433 346.497 2037.95 221.696 143.1 467.759 783.392 295.349 235.636 164.741 488.043 144.52 144.93 85.6224 126.776 260.302 1282.29 1045.28 326.646 207.986 718.639 574.342 445.581 128.761 108.681 87.9164 514.234 168.829 453.278 401.563 269.408 325.663 338.36
internal_count=60692 28496 32196 9767 22743 5066 13512 8816 22429 4701 6667 4696 2310 864 12171 9055 5120 2386 987 1276 3452 5753 3491 2565 2219 1575 1491 937 2149 2983 1899 9231 991 666 3765 3905 1687 1256 933 2218 697 926 526 615 1499 5952 4971 1724 1032 3247 2659 1974 685 470 437 3837 1083 2762 2405 1568 1988 1399
is_linear=0
shrinkage=0.05


Tree=15
num_leaves=63
num_cat=0
split_feature=29 4 12 22 29 4 12 22 12 10 21 12 22 12 12 12 10 29 1 29 7 17 7 12 4 4 11 21 11 10 34 29 7 12 11 11 12 22 21 34 12 34 34 10 29 11 11 1 12 4 34 22 21 11 21 34 22 12 21 12 12 7
split_gain=1741.56 770.851 691.116 439.507 265.774 255.534 215.642 188.907 178.138 166.895 165.545 165.395 160.734 334.842 147.885 180.696 135.467 110.087 106.069 128.566 105.475 113.059 101.287 97.9401 97.4534 116.113 91.3923 90.8383 95.5878 89.0054 84.0316 82.1177 81.3689 106.979 80.672 79.1067 77.9088 77.2166 133.599 77.352 73.4423 98.6428 85.9223 72.9367 66.6511 65.3015 64.9961 81.011 62.6341 62.0515 58.7672 54.3023 67.3287 77.7129 66.8423 54.1272 58.4632 101.252 94.6824 91.3728 60.4953 49.0008
threshold=0.30935183870938604 1548.9500000000003 34.500000000000007 1.0000000180025095e-35 0.16976623040790675 904.50000000000011 34.500000000000007 1.0000000180025095e-35 41.500000000000007 0.29167868820927106 0.00097122150553313432 61.500000000000007 1.0000000180025095e-35 28.500000000000004 41.500000000000007 61.500000000000007 0.201844139048837 0.13902400189691286 36.500000000000007 0.43622239852976441 0.2741889467481971 0.019355236261710696 0.50233651608160379 28.500000000000004 1209.2750000000003 406.92500000000001 3.5000000000000004 0.00089689293817927639 2.5000000000000004 0.37440042452090649 -0.12309839978499031 0.43409800538898086 0.43952709102703713 28.500000000000004 1.0000000180025095e-35 1.5000000000000002 46.500000000000007 1.0000000180025095e-35 0.0012911939358669045 0.10365295287789079 28.500000000000004 -0.28317418849100107 0.61394859186234241 0.24945989828264456 0.093753788261721746 2.5000000000000004 2.5000000000000004 31.500000000000004 53.500000000000007 551.70000000000016 0.1333657560056524 1.0000000180025095e-35 0.00097122150553313432 2.5000000000000004 0.00084956341151054516 -0.10094667807242656 1.0000000180025095e-35 32.500000000000007 0.00098287119478441599 41.500000000000007 61.500000000000007 0.19925725843883427
decision_type=2 2 2 2 2 2 2 2 2 10 10 2 2 2 2 2 10 2 2 2 10 10 10 2 2 2 2 8 2 10 8 2 10 2 2 2 2 2 10 8 2 8 10 10 2 2 2 2 2 2 10 2 8 2 8 8 2 2 10 2 2 10
left_child=1 4 3 5 40 9 12 14 30 22 -5 37 23 20 -4 16 24 -3 19 -12 21 43 -2 27 25 61 31 -6 -29 -19 -8 34 -20 -34 -7 -27 -37 39 -39 48 51 -42 44 -14 -43 -11 47 -38 -10 -50 -36 52 -1 -54 -53 -46 57 -57 -58 -59 -61 -16
right_child=2 17 7 10 6 26 8 -9 11 45 18 -13 13 -15 15 -17 -18 29 32 -21 -22 -23 -24 -25 -26 35 -28 28 -30 -31 -32 -33 33 -35 50 36 46 38 -40 -41 41 42 -44 -45 55 -47 -48 -49 49 -51 -52 54 53 -55 -56 56 58 59 -60 60 -62 -63
leaf_value=0.073291981548083793 0.068722485240473932 -0.0037889495548635329 -0.056392488584237205 -0.053382201546245324 0.066682405920749616 0.062016602410071731 0.012552892912253 -0.053703375943295488 0.080134885432566805 0.053716839819449559 0.089362000583299683 -0.017501566507509198 -0.0082117924956837569 -0.059331257722519098 -0.036733988839215095 -0.044307906168028613 -0.037744232359092883 -0.046361658794841998 -0.055965915491976229 -0.015003031061896275 0.082982203491508921 -0.050967013393168753 -0.0009824267883212195 0.07087154287211582 -0.039844941848577904 -0.021088596082727586 0.06977191385818178 -0.048945410696337205 0.045350607033648051 0.05006821482142379 -0.052294877581931659 -0.036965125678829286 0.054192447417245597 -0.058033485603395031 0.015236029745488542 -0.020138548001673893 0.061660785323619953 -0.020157566061922105 0.056054399229416491 0.012811243953071004 -0.020106501280626576 0.04727983411798569 0.08823926092030776 0.074414984757860778 0.047907942393302011 -0.023146415427156085 0.072467516994075137 -0.028064448455599435 -0.016221063638516723 0.05306288126962716 -0.058683155470536999 0.027181948819128839 -0.030483056174090875 0.057160352192953248 0.089625167984433554 0.09014399102564119 -0.019103740666894159 -0.020124260953594611 0.052358374533810342 0.050588801521395436 0.011570706885317099 0.021402304569281397
leaf_weight=75.353811949491501 389.96874968707561 332.83980792015791 353.43127627670765 339.30912288278341 75.309294573962688 52.72206312417984 67.925996921956539 1148.4640552774072 123.09333482384682 37.592724844813347 56.005175568163395 345.29933127015829 42.892177559435368 119.42987062036991 121.54955360293388 494.88812875002623 249.47132641077042 451.85799826681614 103.27888801693916 62.373507231473923 97.501589938998222 44.245027206838131 60.15468567609787 301.90901187062263 98.755879513919353 61.70258592069149 34.995173618197441 57.49161347001791 50.467234708368778 25.267588257789612 188.83994175493717 194.16703326255083 53.158212408423424 35.360218390822411 71.02058219909668 44.203706696629524 55.232379391789436 188.9953867867589 82.651026144623756 201.13439036160707 78.000793784856796 669.7114744335413 79.223546430468559 70.784229397773743 239.60917023569345 104.29800201952457 152.11149065196514 46.19916208088398 46.156845182180405 107.77644853293896 43.269950293004513 56.805801123380661 53.562038585543633 47.922089651226997 174.53122071921825 61.477494671940804 173.62301974743605 101.84745717048645 63.231233283877373 219.25799421966076 181.63705842196941 51.645200878381729
leaf_count=311 1671 2039 3123 2815 332 216 415 10219 507 172 249 2198 214 940 691 3961 1737 3837 756 330 405 224 292 1260 705 370 142 332 230 106 1503 1240 221 299 398 228 277 1183 396 962 445 2908 323 322 1111 596 655 242 218 471 318 237 231 198 710 250 986 564 304 917 892 277
internal_value=-0.000411167 0.0190353 -0.023227 0.00270323 0.0271381 0.0237025 0.0147958 -0.0379839 0.00234368 0.0445019 -0.0292471 0.0111323 0.0343691 0.00977749 -0.0275436 -0.0201324 -0.00655017 -0.025859 -0.00284502 0.0343723 0.0420911 0.0168448 0.0594071 0.0533688 0.00577486 0.0142331 -0.00737864 0.0245355 -0.0048651 -0.0412549 -0.0351398 -0.0148539 -0.0258158 0.00936186 0.0108525 0.0304378 0.0411157 0.0243187 0.00303066 0.0364126 0.039134 0.0349349 0.0373339 0.0432384 0.034976 -0.00278216 0.051795 0.0207935 0.0535482 0.0322881 -0.0127495 0.0583471 0.0374882 0.0109033 0.074292 0.0270581 0.0208217 0.0295734 -2.60268e-05 0.0221665 0.0329105 -0.0193982
internal_weight=9812.99 5297.66 4515.33 1637.67 4487.7 988.189 2211.9 2877.65 1351.87 592.014 649.485 1095.11 860.03 374.853 1729.19 1375.76 880.871 809.965 310.176 118.379 255.423 157.921 450.123 485.177 631.4 532.644 396.175 183.268 107.959 477.126 256.766 361.18 191.797 88.5184 167.013 359.449 297.747 749.807 271.646 478.161 2275.79 1867.62 1789.62 113.676 1710.39 141.891 253.543 101.432 277.027 153.933 114.291 408.175 176.838 101.484 231.337 1040.68 801.074 564.22 236.854 502.743 400.895 173.195
internal_count=60681 28481 32200 9715 22499 5045 12112 22485 7853 2731 4670 5935 4259 2105 12266 9143 5182 5982 1855 579 1165 760 1963 2154 3445 2740 2314 894 562 3943 1918 2172 1276 520 932 1772 1402 3737 1579 2158 10387 8700 8255 536 7932 768 1174 519 1196 689 716 1687 740 429 947 5024 3913 2623 1290 2373 1809 968
is_linear=0
shrinkage=0.05


Tree=16
num_leaves=63
num_cat=0
split_feature=4 12 12 10 12 4 7 12 11 10 7 11 12 0 37 14 11 41 11 7 34 21 12 12 34 4 4 11 37 16 41 4 4 7 39 6 37 16 19 12 12 21 11 1 12 12 12 34 12 11 34 20 1 34 12 7 41 1 1 9 10 11
split_gain=1211.46 600.125 377.318 304.476 299.072 276.649 208.511 191.127 175.265 160.23 148.274 136.323 119.763 105.721 101.23 86.5433 96.3539 82.1492 81.9923 116.666 75.0224 75.0028 74.9177 122.189 128.582 205.757 95.7344 68.4269 69.7922 108.62 67.3118 72.8686 66.2131 63.8396 64.0081 64.392 63.0763 59.7163 59.5071 54.3241 78.0732 59.6536 53.4229 78.3583 62.6865 51.2013 84.5533 83.7699 50.7866 47.6135 46.8609 46.5598 52.1284 44.2399 43.3404 42.2591 74.4281 52.2868 41.9808 40.3915 37.4967 37.3592
threshold=1209.2750000000003 34.500000000000007 41.500000000000007 0.34482466377410775 61.500000000000007 647.22500000000014 0.89624157730712006 32.500000000000007 1.0000000180025095e-35 0.22843195373843822 0.29039165338340794 1.0000000180025095e-35 27.500000000000004 0.031719372897533078 -22.724438587531719 -0.065711782430373497 3.5000000000000004 0.037896637258627221 1.0000000180025095e-35 0.12869396626636001 0.61394859186234241 0.0008204484349781081 73.500000000000014 97.500000000000014 0.1495115499744695 458.72500000000008 1032.4750000000001 2.5000000000000004 -34.485747831227975 0.064972994360293107 0.034450089528694113 1102.1250000000002 840.02500000000009 0.043481172490231541 0.0077092065981713741 0.5057071923720412 28.02102173489801 -0.10939653296922268 -0.0018243238409708649 55.500000000000007 53.500000000000007 0.0006343896734898744 3.5000000000000004 17.500000000000004 47.500000000000007 40.500000000000007 53.500000000000007 0.11923915527420882 55.500000000000007 1.5000000000000002 0.011469239071775552 55.589277612399179 41.500000000000007 0.17773105983594431 40.500000000000007 0.22981441067931133 0.034769540249880868 67.500000000000014 16.500000000000004 0.14859832501343498 0.20591175948865567 3.5000000000000004
decision_type=2 2 2 10 2 2 10 2 2 10 8 2 2 2 8 2 2 10 2 10 10 10 2 2 8 2 2 2 10 8 10 2 2 8 8 8 10 10 10 2 2 10 2 2 2 2 2 10 2 2 8 10 2 10 2 8 10 2 2 10 10 2
left_child=1 5 15 12 8 6 13 10 14 30 18 -5 53 -1 -4 16 54 27 -7 36 -9 60 -6 24 25 -24 -27 28 -12 -30 31 33 -16 -10 -35 39 38 -21 -20 40 42 -42 44 -44 -36 -23 47 61 49 58 -41 -43 -53 -2 -3 56 -15 -57 -11 -39 -14 -47
right_child=3 2 4 11 22 7 -8 20 9 48 17 -13 21 55 32 -17 -18 -19 19 37 -22 45 23 -25 -26 26 -28 -29 29 -31 -32 -33 -34 34 35 -37 -38 59 -40 50 41 51 43 -45 -46 46 -48 -49 -50 -51 -52 52 -54 -55 -56 57 -58 -59 -60 -61 -62 -63
leaf_value=0.071221257375591027 0.013215498079836305 0.019779401493865811 -0.053789515373264776 0.04936778157903518 -0.033465021829677755 0.066248042461814566 -0.046069928803973037 -0.049343681538331852 -0.00067785639904240449 -0.040184716194406327 0.036927936239240594 -0.042799837631696182 -0.043211903487715114 -0.0046877638915323108 -0.02444079404781372 -0.042328898850587514 -0.05655370642297141 -0.05378139031899723 0.063626881787812437 -0.008165205985206276 0.014333672438572961 -0.046141815510459788 -0.024767834864798419 -0.028240664465128108 -0.026095079289812702 0.097428657923556039 0.013125835207959928 0.050396634380583075 -0.037039247983894012 0.049668229675992305 -0.0019813101684766285 0.0018448046092302596 0.046049390732682931 0.073528387715363672 0.087051318155799917 -0.0084636256440399123 -0.047921467949381721 0.064322444880864429 0.0018068772694941411 0.089700945470682636 -0.043271595503231522 0.043437913013241111 0.066679247312098608 -0.015024037120347271 0.04224984731397749 0.0077561534969311785 -0.029660047352365916 -0.047287351124349869 0.035003114336868292 -0.037401879718592261 0.032054626334890569 0.036123700935603471 -0.042389999172929543 -0.046936061306374594 -0.040952341356955163 0.056053404379009353 0.048106012943151907 0.0017223225575429034 0.020494951053747459 0.02842291560047874 0.0021082159971712077 0.05845562978323654
leaf_weight=441.38160876184702 189.27146477252245 171.13374118506908 122.21061705797911 177.40215522050858 357.73643534630537 163.71302884817123 56.829859636723995 143.60605066269636 97.460165962576866 39.362265340983868 78.55611652135849 51.843422301113605 1439.2655284032226 120.87889099121094 69.833659537136555 555.70171803236008 75.799832344055176 64.087875843048096 48.169563695788383 46.856716483831406 68.232919856905937 217.62765467911959 89.829655431210995 314.5419532135129 130.26342390477657 104.98359873890877 49.580484084784985 74.362829476594925 166.45808016508818 46.128036163747311 145.23946559429169 157.03250081092119 63.70361652970314 136.90167373418808 113.38926628232002 72.100046664476395 49.820014454424381 227.69894449412823 202.87566205114126 93.88118788599968 40.77984581142664 117.2410489320755 49.214008614420891 72.690280109643936 250.72070301324129 165.35463647544384 590.00887233763933 61.737942442297935 57.652954652905464 138.45023422688246 56.453001245856285 40.16865137219429 44.629680044949055 36.455062441527843 35.464326709508896 379.4500647187233 149.11016468703747 50.133584275841713 103.32809869199991 119.45874397456646 47.135266028344631 46.568558298051357
leaf_count=1918 1024 1096 890 838 2405 712 455 1008 518 235 389 324 12043 638 408 4402 548 458 216 248 345 1739 571 2100 856 605 326 336 999 209 814 883 320 620 489 338 314 1025 1208 392 206 604 215 345 1247 1164 4488 475 285 883 250 195 232 273 228 1682 681 238 563 585 322 320
internal_value=-0.000614905 0.0112919 -0.00107983 -0.0268706 0.00689985 0.0294861 0.0474041 0.0151784 0.0178596 0.0232872 0.022416 0.0285243 -0.0314166 0.0520599 -0.020907 -0.0308751 -0.00833641 -0.00156559 0.0344151 0.0269153 -0.0288333 -0.0344862 -0.0149001 -0.00526379 0.0140264 0.0354113 0.0703863 0.00758996 -0.00334362 -0.018225 0.0303534 0.0338512 0.00918637 0.0380903 0.0415625 0.0369622 0.00347 0.044818 0.0136687 0.0406875 0.0350428 0.0118907 0.0466098 0.0179604 0.0562017 -0.024467 -0.0190054 0.0039658 -0.00774608 -0.0165126 0.0680538 0.0230247 -0.00519835 0.00350096 0.00935428 0.0399705 0.0244693 0.0497128 0.00375598 0.0519692 -0.0417748 0.018897
internal_weight=9687.96 6665.29 3967.48 3022.67 3129.38 2697.81 1197.78 1500.02 2082.44 1826.7 1288.19 229.246 2793.42 1140.95 255.748 838.1 282.398 429.593 858.593 694.88 211.839 2567.7 1046.94 689.199 374.657 244.394 154.564 365.505 291.142 212.586 1487.9 1342.66 133.537 1185.63 1088.17 951.268 300.865 394.014 251.045 879.168 728.833 242.819 486.014 121.904 364.11 1081.3 863.67 273.661 338.794 281.141 150.334 202.039 84.7983 225.727 206.598 699.573 269.989 429.584 142.69 347.158 1486.4 211.923
internal_count=60743 37733 24069 23010 17795 13664 5612 8052 10932 9314 6699 1162 21848 5157 1618 6274 1872 2391 4308 3596 1353 20551 6863 4458 2358 1502 931 1933 1597 1208 7348 6534 728 5651 5133 4513 1738 1858 1424 4175 3533 1237 2296 560 1736 8186 6447 1959 1966 1681 642 1031 427 1297 1324 3239 1319 1920 798 1610 12365 1484
is_linear=0
shrinkage=0.05


Tree=17
num_leaves=63
num_cat=0
split_feature=29 12 4 22 4 29 12 12 22 21 11 12 4 12 12 14 10 10 11 10 1 29 29 34 4 4 11 12 29 21 10 34 12 27 12 4 11 4 21 4 34 41 22 21 10 11 4 12 41 34 0 29 41 11 10 22 12 21 12 12 34 22
split_gain=1641.51 649.806 610.226 416.36 229.449 224.807 194.983 232.399 186.354 168.318 164.544 162.151 158.271 138.666 192.416 117.115 113.956 111.836 109.549 109.457 96.0835 114.845 94.8146 92.345 89.1519 105.572 82.17 118.423 108.16 81.51 79.3741 77.6172 116.756 75.0792 68.266 81.4603 69.2514 89.0521 59.1771 56.0124 66.3979 55.6732 55.3951 146.601 53.1293 53.0204 51.0605 49.5442 49.2745 49.1431 49.1207 49.0278 45.6956 44.8218 44.5631 41.0712 205.586 48.8194 39.784 39.3569 56.1547 42.5601
threshold=0.29812925514504113 34.500000000000007 1588.5500000000004 1.0000000180025095e-35 714.02500000000009 0.11354578049603199 34.500000000000007 41.500000000000007 1.0000000180025095e-35 0.00097122150553313432 3.5000000000000004 53.500000000000007 814.97500000000014 41.500000000000007 61.500000000000007 -0.084404509451003085 0.201844139048837 0.052515197889832131 1.0000000180025095e-35 0.30029041989903971 36.500000000000007 0.41468007416278457 0.13902400189691286 0.16855673129241147 1215.325 412.45000000000005 1.0000000180025095e-35 27.500000000000004 0.47701787022305336 0.0012911939358669045 0.32373169605842084 -0.28317418849100107 28.500000000000004 0.33310688405797101 119.50000000000001 1160.0250000000003 1.0000000180025095e-35 545.05000000000007 0.0009727433685497391 1330.0250000000003 -0.087451523535921546 0.027414856223999948 1.0000000180025095e-35 0.0012911939358669045 0.35647918279188545 2.5000000000000004 720.32500000000016 55.500000000000007 0.017893605319185265 -0.025442915016183228 0.0065004047236050721 0.4296410740538022 0.017166584534823552 1.5000000000000002 0.031820388529026064 1.0000000180025095e-35 28.500000000000004 0.0009727433685497391 27.500000000000004 32.500000000000007 0.25727384294467653 1.0000000180025095e-35
decision_type=2 2 2 2 2 2 2 2 2 10 2 2 2 2 2 2 10 10 2 10 2 2 2 8 2 2 2 2 2 10 10 8 2 8 2 2 2 2 10 2 10 10 2 8 10 2 2 2 10 8 2 2 10 2 8 2 2 8 2 2 10 2
left_child=2 3 5 4 19 50 12 15 13 -5 26 23 55 -3 16 -8 24 58 -19 38 21 -11 49 42 25 48 28 29 -6 39 34 32 -22 45 35 36 -13 53 -2 40 -28 -25 -9 -44 -24 -27 -39 -18 -15 -4 -1 -49 -37 -38 -55 -7 57 -57 -14 60 61 -20
right_child=1 8 22 9 10 6 7 11 -10 20 -12 30 17 14 -16 -17 47 18 59 -21 31 -23 44 41 -26 33 27 -29 -30 -31 -32 -33 -34 -35 -36 52 37 46 -40 -41 -42 -43 43 -45 -46 -47 -48 51 -50 -51 -52 -53 -54 54 -56 56 -58 -59 -60 -61 -62 -63
leaf_value=0.022824848959305311 0.070897365253391187 -0.055166732560224377 0.025582982289458069 -0.052647166786385306 0.056469935126550221 0.062916032311451403 0.027622121166427906 0.072412810504817501 -0.052636312695490052 0.088165991658237283 0.071872820728555747 -0.021116847687215935 0.017180281460106368 -0.052566858916146479 -0.044673563956785269 -0.041776914250809601 -0.048774864426763043 0.08345366298875484 0.054629128095442653 -0.0046964778896738156 0.058100586168101348 -0.0091500641891425465 -0.045779899380630797 0.030924333582401299 -0.038694675790625258 0.016964068485379045 -0.010904711837629054 -0.058529887246495466 -0.0380612262487268 -0.057824758346713245 0.062243801603817539 -0.053140555476963815 -0.057313224092616702 0.00099778712742530835 -0.047325679312926229 -0.034436716701444992 0.032631848275429878 0.065687375269466816 0.019086948919037578 -0.032067143137691011 0.061055645935964943 -0.038757405077047571 -0.015962239304289451 0.094798120834695354 0.031483409543066998 0.066767687345035923 0.025102887924105123 0.038902907230938137 0.0016360649722101336 -0.017636987211250021 0.04843286526034403 -0.039825995013726148 0.0076947892383221368 0.021653260204084205 -0.041859881506269236 0.025273519298821275 -0.054654940928617647 0.076630496765648953 -0.044593012469916878 -0.024128043225055587 -0.029078761775515639 0.013002334464230457
leaf_weight=228.66463895142078 295.63995192945004 340.65609674155712 97.459033474326134 343.1954992339015 89.619996577501297 365.34982857853174 77.183086208999157 204.93219757080078 1127.1370370537043 52.709292843937874 72.781977415084839 108.14702171832323 37.030176296830177 66.750592947006226 495.30673868209124 286.25427166372538 177.81831542402506 72.547375187277794 114.31684195995331 76.130195818841457 52.604614838957787 71.361689127981663 363.20988412946463 79.902074187994003 98.252412922680378 89.629523098468781 53.159149557352066 133.32246868312359 45.683723382651806 46.811765089631081 61.445785224437714 105.59800230711699 37.558727860450745 151.45404988527298 61.524161994457245 153.29746122658253 51.282061032950878 101.9877262711525 67.742360189557076 44.856899097561836 80.748871400952339 44.701305493712425 72.032298818230629 51.045861311256886 23.701817490160465 132.34923510253429 322.7855141684413 38.806230276823044 112.75747616589069 202.28332205861807 1034.2787605896592 40.322431474924088 110.92738678306341 39.692042216658592 90.788179874420166 70.730115741491318 49.534228973090649 133.82690803706646 88.015861310064793 52.246003948152065 43.936436347663403 132.66212074458599
leaf_count=1069 1278 3211 592 2986 379 1562 412 867 10624 233 305 624 169 393 4140 2214 1355 306 530 396 217 366 3296 369 730 464 289 1052 253 379 278 778 341 786 416 1033 264 492 298 235 340 237 401 220 107 572 1604 212 613 1295 4482 247 639 213 464 308 378 561 648 304 228 666
internal_value=-0.000576094 -0.0223678 0.019105 0.00243699 0.022703 0.0260329 0.0187446 0.00895701 -0.0367909 -0.0283274 0.00168423 0.0173727 0.0349245 -0.0265508 -0.0196049 -0.0270387 -0.00593218 0.0151591 0.0276301 0.0498178 -0.00223113 0.0321929 -0.0246935 0.0425692 0.00519357 0.0129921 -0.00865255 -0.0211708 0.0245526 0.00090957 0.00702291 -0.0240486 0.0100234 0.0281396 0.00376168 0.00697251 0.0157426 0.0223147 0.0612388 0.0162899 0.0324886 0.0059261 0.056489 0.0299749 -0.0410468 0.0466582 0.0348472 -0.0341287 -0.0185194 -0.00358433 0.0437964 -0.00121581 -0.016749 -0.00697335 -0.0225392 0.0521791 0.0367409 0.0588727 -0.0262999 0.0158285 0.0230044 0.0322697
internal_weight=9568.49 4540.77 5027.72 1669.53 1006.5 4341.07 3078.12 1917.93 2871.24 663.028 566.985 1554.49 1160.2 1744.1 1403.45 363.437 908.14 540.755 415.709 439.513 319.832 124.071 686.654 452.614 651.193 552.941 494.203 358.899 135.304 225.577 1101.88 195.761 90.1633 373.433 1040.43 978.907 714.683 606.536 363.382 178.765 133.908 124.603 328.01 123.078 386.912 221.979 424.773 256.947 179.508 299.742 1262.94 79.1287 264.225 181.762 130.48 619.441 254.091 204.557 125.046 343.161 290.915 246.979
internal_count=60720 33472 27248 10125 5204 21958 16407 10747 23347 4921 3232 8121 5660 12723 9512 2626 5372 2851 2034 1972 1935 599 5290 2094 3558 2828 2927 2295 632 1243 6027 1336 558 1822 5749 5333 3661 3037 1576 864 629 606 1488 621 3403 1036 2096 1814 1006 1887 5551 459 1672 941 677 2809 1247 869 817 1728 1424 1196
is_linear=0
shrinkage=0.05


Tree=18
num_leaves=63
num_cat=0
split_feature=29 4 4 29 22 29 7 29 22 26 4 11 34 21 11 21 4 22 21 26 1 21 11 7 1 14 18 29 36 10 4 21 0 20 22 4 7 11 20 11 14 31 10 1 26 7 36 4 11 35 1 21 4 7 10 18 11 42 10 26 11 34
split_gain=1564.21 673.647 463.336 234.644 153.275 185.883 151.611 136.685 136.31 131.105 128.383 116.946 112.581 102.764 100.018 97.2939 93.4098 86.686 163.197 104.962 96.1534 82.8975 80.9363 104.119 87.1034 85.6825 78.5235 75.6071 73.7906 70.383 63.4649 61.1978 56.0352 55.6269 55.4382 101.867 98.2011 52.2442 51.7015 51.3366 46.8529 52.5432 57.7992 57.022 47.1739 50.2784 44.466 44.0539 41.6131 41.2616 40.4734 69.572 42.585 39.2404 39.0664 38.7588 38.2556 36.1136 35.6129 35.2805 36.152 34.2736
threshold=0.24834928693022187 1165.9000000000003 1568.1250000000002 0.4296410740538022 1.0000000180025095e-35 0.39363927728458398 0.11373881423048142 0.10703862176965512 1.0000000180025095e-35 -0.0055495582884594235 949.82500000000016 1.0000000180025095e-35 0.61394859186234241 0.00079749095569919056 1.5000000000000002 0.0012911939358669045 1079.3000000000004 1.0000000180025095e-35 0.00098287119478441599 0.0034991263494981791 51.500000000000007 0.0016248171638097576 1.0000000180025095e-35 0.30690746269799746 24.500000000000004 -0.084404509451003085 0.005873785936321708 0.11989116774605729 42.575350300047852 0.22195836361527907 423.90000000000003 0.00038901486614884359 0.022691281828462459 45.339118055727631 1.0000000180025095e-35 920.05000000000007 0.21580538800967128 2.5000000000000004 57.651723150105632 2.5000000000000004 0.09535838958181099 -0.034230094917605362 0.28077064629980314 22.500000000000004 -0.0055495582884594235 0.067738825067250416 43.03587283859116 412.45000000000005 1.5000000000000002 -0.048496154590697997 31.500000000000004 0.00091084131412691829 740.32500000000016 0.34658453401844613 0.15840308282047383 -0.0049201968242391638 3.5000000000000004 0.0089941787538476009 0.085138287036399821 0.0071186002046812217 1.5000000000000002 0.015408551180196574
decision_type=2 2 2 2 2 2 8 2 2 2 2 2 10 8 2 10 2 2 10 2 2 10 2 10 2 2 10 2 8 8 2 8 2 8 2 2 10 2 8 2 2 10 10 2 2 10 10 2 2 10 2 10 2 10 8 8 2 10 10 2 2 10
left_child=2 3 7 9 5 11 -5 57 14 10 38 -3 16 34 -8 31 22 19 -19 33 -20 27 23 24 -9 -24 50 -4 -21 46 -10 -16 53 -18 35 36 39 -38 47 -11 41 43 44 58 -43 -46 -13 -2 -47 -34 51 56 -53 -33 -12 -42 -15 -1 -27 61 -61 -52
right_child=1 4 21 6 -6 -7 8 12 30 13 54 29 -14 26 15 -17 17 18 20 28 -22 -23 25 -25 -26 40 -28 -29 -30 -31 -32 32 49 -35 -36 -37 37 -39 -40 -41 55 42 -44 -45 45 48 -48 -49 -50 -51 59 52 -54 -55 -56 -57 -58 -59 -60 60 -62 -63
leaf_value=0.029383907040370152 0.018120160501238682 0.067727295482141486 -0.001128515852879877 -0.042909266069225162 -0.053753205168399258 -0.047626739310187419 -0.034253683949397269 0.065528892343723194 0.013380969906900384 -0.045205728170111821 0.017437039516447393 -0.018411631915319523 0.076396035560073738 -0.015942973666650637 0.054303853114673256 -0.056590070371152559 0.0244868073417886 -0.033050760301823696 0.086495769684269086 0.012132747684561311 0.0017155694385255747 0.065426812600587622 0.053186088151800648 -0.056747891944932488 -0.014471261604903807 0.0083623231938377285 -0.035866240082721663 -0.038360021036483831 0.082004633024776882 -0.050419398771311658 -0.048076089671256934 -0.015180407150642734 0.0016913285265875476 -0.050528123976187667 -0.045025275174064822 0.040753597133935546 0.03348450208162234 -0.028112458276094782 0.011214373835488914 -0.0087103661186480382 0.023365506606005296 0.058088938418568783 0.076409005387169493 0.02517354443285702 0.0023569871071437778 0.069915938429869817 0.044804333229204268 0.063777468751866503 0.026387034425146963 0.043140764906919316 0.0058036140749320366 0.093159935177638237 0.026670090850467544 0.03357004137027194 -0.047217376261909846 -0.041330253797980263 0.04938443230626241 0.049202078532835682 -0.053376131682545819 0.034109387779062646 -0.01656414265442218 0.04626968631510283
leaf_weight=315.61178125441074 70.075746901333332 65.710924968123436 237.77694165706635 488.29272639751434 1179.5177953317761 309.59595526009798 162.35959800332785 61.704453118145466 50.208275645971298 227.02039664983749 37.997470699250698 53.929227866232395 94.618042305111885 63.186440773308277 85.395961031317711 51.389505691826344 49.941841512918472 261.38468236476183 53.406203508377075 64.260821811854839 89.473569042980671 28.174196153879166 339.29827083647251 61.722377084195614 75.848370581865311 46.238277666270733 74.13072020560503 319.69258362799883 91.718610689043999 67.797520652413368 257.19751382619143 232.40559093654156 102.1589156165719 48.92159104347229 120.34490790963173 91.745365619659424 120.40828309953213 48.20547891408205 103.05722342431545 167.42088811844587 45.491858072578907 121.30525496602058 74.005233451724052 183.15316572040319 184.52049586176872 67.188053362071514 57.451173208653927 214.7138362750411 300.33785296231508 145.63301054388285 116.32815428823233 60.024389103055 40.216288492083549 50.192544043064117 60.667080834507942 47.139155253767967 34.726427882909775 846.1527094244957 47.203623153269291 45.370961651206017 156.967977643013 95.105832561850548
leaf_count=1418 449 307 1454 3734 11801 2364 1258 304 275 1727 227 379 401 390 422 409 241 1794 256 324 492 182 1531 469 429 222 492 2772 414 558 1997 1626 528 252 1027 465 748 321 563 1062 218 569 309 897 1002 315 345 1017 1492 724 705 272 237 276 418 218 179 3611 230 255 1031 504
internal_value=2.68141e-07 -0.0179896 0.0229706 -0.00557952 -0.0435609 -0.0218794 -0.0196066 0.0297316 -0.00959854 0.0061251 0.0286066 0.0106712 0.0229378 -0.00136018 0.000940572 0.00950522 0.0207522 0.00483375 -0.00956318 0.027672 0.0334051 -0.0182507 0.0270912 -0.00279419 0.0214158 0.0311818 0.0127342 -0.0224797 0.0532186 -0.0102533 -0.0380384 0.0150211 0.00869635 -0.0126336 -0.0138347 -0.00810221 -0.0160629 0.0158744 0.0415613 -0.0297152 0.0244953 0.0275758 0.0344663 0.00895796 0.0298565 0.0236528 0.0141958 0.052543 0.0343446 0.0260521 0.0186218 0.0372035 0.0664844 -0.00652179 -0.0223178 -0.00955763 0.00722648 0.0438182 -0.0228258 0.00972315 -0.00520149 0.0240058
internal_weight=9463.24 5306.95 4156.29 3572.95 1734 554.485 1625.23 3570.65 1136.94 1947.71 486.511 244.889 2408.88 1461.2 829.535 667.176 2314.26 659.107 404.264 254.843 142.88 585.644 1655.16 199.275 137.553 1455.88 686.057 557.47 155.979 179.178 307.406 615.786 530.39 98.8634 775.145 654.8 563.055 168.614 387.847 394.441 1116.58 1023.95 747.357 276.595 673.352 552.046 111.38 284.79 367.526 247.792 611.926 198.154 100.241 282.598 98.6646 92.631 97.9129 1161.76 93.4419 413.773 202.339 211.434
internal_count=60908 39092 21816 23338 15754 3953 11249 17408 7515 12089 2674 1589 12379 9415 5243 3985 11978 3773 2542 1231 748 4408 8205 1202 733 7003 4065 4226 738 1282 2272 3576 3154 493 5350 4323 3858 1069 2029 2789 5472 5036 3687 1349 3378 2809 724 1466 1807 1252 3573 1078 509 1902 645 436 569 5029 452 2495 1286 1209
is_linear=0
shrinkage=0.05


Tree=19
num_leaves=63
num_cat=0
split_feature=29 4 4 29 22 11 21 34 29 18 41 4 22 26 36 26 11 37 11 21 29 4 21 0 34 4 21 14 11 21 34 41 19 26 26 21 1 19 11 34 21 9 22 21 21 4 4 0 22 1 22 29 1 6 41 34 41 21 1 17 34 34
split_gain=1413.96 571.84 444.8 239.311 146.164 168.026 135.71 132.482 120.854 113.3 110.005 102.821 165.854 113.401 96.2689 92.4061 99.9941 119.254 88.226 86.1485 75.7326 70.3268 63.7914 99.4032 67.4349 61.9975 68.2333 63.9334 73.592 58.3727 56.0101 61.1429 66.3127 49.371 48.5521 47.368 59.5833 45.2904 52.4325 44.4037 44.1599 84.6398 52.4853 62.3301 43.2044 41.1198 41.0902 41.4528 40.4124 51.7404 40.3015 60.0063 40.2875 38.2538 37.6861 46.5426 37.6594 38.6065 36.6266 36.3074 42.9881 39.534
threshold=0.33940882564742686 1568.1250000000002 1165.9000000000003 0.19126905493519469 1.0000000180025095e-35 1.5000000000000002 0.0012911939358669045 0.61394859186234241 0.1586532314496161 -0.0072413795610132827 0.042039429085914869 1079.3000000000004 1.0000000180025095e-35 0.0016893894219066584 43.453090736942002 -0.0055495582884594235 1.0000000180025095e-35 21.953632470109515 1.5000000000000002 0.0013108307044690231 0.075923964939811836 567.32500000000016 0.00038901486614884359 0.02456352305563755 -0.14431643214653408 1102.1250000000002 0.00079176065198905549 0.022962507127784693 1.0000000180025095e-35 0.00038901486614884359 0.18789522048377474 0.031643270899932831 0.00064151629344855199 -0.0091690321436424648 0.017977021770230344 0.00069017871430711536 18.500000000000004 0.0012214064962052797 2.5000000000000004 -0.016788377889645319 0.0016536031795407133 0.33449005001093657 1.0000000180025095e-35 0.0011549621135986743 0.00077883810413132933 1837.9250000000004 949.82500000000016 0.0088410325917536361 1.0000000180025095e-35 44.500000000000007 1.0000000180025095e-35 0.40843518170460874 27.500000000000004 0.047557741417348767 0.037896637258627221 -0.11317149777537304 0.02902889818883236 0.00037569664840199319 25.500000000000004 0.017985303640945385 0.11595645279549639 0.24400929526189377
decision_type=2 2 2 2 2 2 10 10 2 8 10 2 2 2 8 2 2 8 2 10 2 2 8 2 8 2 10 2 2 8 10 10 10 2 2 8 2 8 2 8 10 8 2 10 10 2 2 2 2 2 2 2 2 10 8 10 10 8 2 10 10 10
left_child=1 3 4 20 5 10 22 11 39 21 -2 15 13 -13 -15 46 -17 18 48 -14 -1 -6 -7 24 37 26 29 33 -29 52 31 32 -25 -27 -10 -26 53 38 -24 44 42 -42 43 -28 -3 -41 47 -5 49 -18 51 -4 -22 -37 55 58 57 -57 -20 61 -61 -31
right_child=2 8 50 7 9 6 -8 -9 34 -11 -12 12 19 14 -16 16 17 -19 54 -21 25 -23 23 30 35 27 40 28 -30 59 -32 -33 -34 -35 -36 36 -38 -39 -40 45 41 -43 -44 -45 -46 -47 -48 -49 -50 -51 -52 -53 -54 -55 -56 56 -58 -59 -60 60 -62 -63
leaf_value=0.048658735673309993 -0.037469630591066755 -0.00046941490295293663 -0.0054820393474412955 0.085344806745243917 0.045502229835603765 0.039700942530162937 -0.045163107969963201 0.065667800332222789 -0.047701637276617526 -0.046451795786767461 0.038559731913875114 -0.030482606142153281 -0.045777361592428276 -0.0014594089716144579 0.077651084858293154 -0.034952208268486405 -0.010552415351235835 -0.025917984185063483 0.064019003283035655 0.017514792178036649 0.070982586757800184 -0.022535135185248786 0.0627952834225151 0.042563882321984187 -0.030423898210306013 0.047754999356628428 0.047660015013718554 0.087171712851944805 0.018376989756381374 0.017734586658963075 -0.031232685372241664 0.05879538104353791 -0.0096643816222881859 -0.0049171242159287924 0.0085293611273415341 -0.0031598521035504945 -0.015908917237622295 -0.02638361358326707 -0.0074005509532452359 0.0075031375113660259 -0.035948998075691345 0.061371762821894764 0.066446724257811091 -0.0027861499565533291 0.06117677831016767 -0.034795595862410648 -0.00054514188345915204 0.035074772618345365 0.075510912317053855 0.070742866549393366 -0.055476720345797564 -0.048581705224244792 0.01699931678181708 0.064458057190992055 -0.020937062200994276 0.038363676018796013 0.032398159085543332 -0.010123867746515927 0.018980933580460383 0.021803152480157073 -0.04222896783718167 0.063544353121386593
leaf_weight=538.50007979571819 465.66316205263138 79.756754502654076 114.2433599755168 48.813434146344662 59.417660407721996 146.55445621907711 128.96731392294168 100.50850081443787 385.37134132534266 450.46418353170156 52.990164466202259 72.068796202540398 273.79788017272949 65.28790432959795 93.568635806441307 128.05729123950005 43.236424140632153 172.90309036523104 73.394450448453426 66.900223061442375 95.445136800408363 105.27463098615408 74.629631511867046 118.3511578142643 261.99440792948008 51.258182883262634 286.52890636771917 53.334877386689186 143.37740059942007 519.96381609141827 41.056287214159966 124.77050921320915 124.92676039785147 336.87126887589693 42.635087177157402 37.845711022615433 198.23869221657515 36.061808481812477 41.337054394185543 105.28588647395372 45.850964121520519 43.571351073682308 255.20554576814175 77.874564677476883 44.15823221206665 126.47614528238773 65.450928762555122 256.4808596521616 88.014832183718681 35.75993350148201 820.24817380309105 275.53280504792929 54.180822469294071 46.759825825691223 78.480320326983929 48.83077934384346 104.16836502403021 257.72172218561172 117.26751088351011 52.569795958697796 52.277152620255947 51.788041368126869
leaf_count=2303 3755 519 793 231 293 780 972 444 3779 3721 260 447 2279 391 454 991 272 1076 352 430 427 721 371 581 1952 254 1272 232 719 2558 254 575 661 1843 285 230 1425 235 272 673 253 186 1074 343 270 902 351 1281 398 203 8736 2176 260 232 464 261 508 1570 608 280 248 226
internal_value=-0.000377931 0.0154274 -0.0242768 0.0218316 -0.0122936 -0.00543565 0.00367457 0.00959544 -0.0242011 -0.033477 -0.0297018 0.00689917 -0.0111759 0.0215376 0.0451377 0.013703 0.0066933 0.0119229 0.0196487 -0.0333492 0.0319143 0.00201138 0.00870318 0.00459561 -0.00688964 0.0276613 0.0329385 0.0138081 0.0370294 0.0231738 0.0241595 0.0303386 0.0157439 0.002039 -0.0421003 -0.0151057 -0.000916767 0.0225552 0.0377735 -0.00266202 0.0443173 0.0114709 0.0490577 0.0368795 0.0214988 -0.0155799 0.0354052 0.0431124 0.0522096 0.0262482 -0.0491865 -0.0359492 0.0514348 0.0342112 0.01165 0.0159026 0.00642541 -0.00240028 0.0363181 0.016924 -0.0101235 0.0218839
internal_weight=9358.32 5632.99 3725.33 4849.31 2515.3 1900.15 1381.49 2190.71 783.683 615.156 518.653 2090.2 571.623 230.925 158.857 1518.58 1147.83 1019.78 846.874 340.698 2658.6 164.692 1252.53 1105.97 696.867 2120.1 1535.26 584.842 196.712 826.225 409.105 368.048 243.278 388.129 428.006 544.839 282.844 152.028 115.967 355.677 709.031 89.4223 619.609 364.403 123.915 231.762 370.745 305.294 167.011 78.9964 1210.02 389.776 149.626 84.6055 679.863 601.383 410.721 306.553 190.662 676.599 104.847 571.752
internal_count=60912 31917 28995 25489 17290 12555 8540 13011 6428 4735 4015 12567 4001 1292 845 8566 6703 5712 4636 2709 12478 1014 7568 6788 4717 10175 7127 3048 951 3999 2071 1817 1242 2097 4064 3839 1887 878 643 2364 3128 439 2689 1615 789 1575 1863 1512 873 475 11705 2969 687 462 3763 3299 2339 1831 960 3312 528 2784
is_linear=0
shrinkage=0.05


Tree=20
num_leaves=63
num_cat=0
split_feature=29 12 4 22 29 12 4 12 22 10 40 12 12 12 22 12 18 10 21 12 12 21 29 34 29 12 4 4 27 1 12 34 29 25 34 41 4 21 22 12 10 29 10 26 1 41 1 25 4 12 12 22 12 12 14 21 10 1 29 41 4 18
split_gain=1281.65 524.638 480.763 349.556 205.464 202.498 190.712 173.873 172.52 167.057 139.837 130.878 159.439 128.848 125.304 317.854 121.024 98.7021 95.6345 125.219 96.1352 94.4243 80.5268 77.5367 74.4709 72.4541 72.3121 74.8825 76.2964 63.8433 69.9102 120.336 63.7277 62.7677 61.1375 58.3276 67.3048 72.965 62.7766 54.9563 58.8923 53.1397 52.8636 52.2119 51.4517 48.8187 46.3039 45.9447 39.8397 39.1094 68.4546 64.874 87.001 78.1416 56.1952 45.0453 40.462 66.0227 37.8874 37.3981 42.3176 35.6636
threshold=0.31163907646295091 34.500000000000007 1725.0250000000003 1.0000000180025095e-35 0.15431076586924861 34.500000000000007 1312.0250000000003 41.500000000000007 1.0000000180025095e-35 0.25923001775825533 0.030905438580901414 41.500000000000007 61.500000000000007 59.500000000000007 1.0000000180025095e-35 28.500000000000004 0.005873785936321708 0.18571599739824043 0.00097122150553313432 28.500000000000004 26.500000000000004 0.0009727433685497391 0.1586532314496161 -0.11317149777537304 0.50670721682457442 27.500000000000004 1345.3500000000001 393.52500000000003 0.33310688405797101 69.500000000000014 28.500000000000004 -0.17744173909613362 0.43622239852976441 672.50000000000011 0.61394859186234241 0.034450089528694113 1160.0250000000003 0.0013292896043993415 1.0000000180025095e-35 32.500000000000007 0.46124852658936583 0.075923964939811836 0.53465468691180662 -0.0073592952160509437 36.500000000000007 0.019624506990775038 51.500000000000007 837.50000000000011 618.37500000000011 41.500000000000007 55.500000000000007 1.0000000180025095e-35 61.500000000000007 68.500000000000014 0.081148695235844476 0.0004052138928074376 0.25270779352727141 46.500000000000007 0.3610251695878024 0.016754349459236966 920.05000000000007 -0.010645560248324413
decision_type=2 2 2 2 2 2 2 2 2 10 10 2 2 2 2 2 10 10 8 2 2 8 2 8 2 2 2 2 8 2 2 10 2 2 10 10 2 10 2 2 10 2 8 2 2 10 2 2 2 2 2 2 2 2 2 8 10 2 2 10 2 8
left_child=2 3 4 6 25 14 9 23 11 16 -5 -3 17 35 18 21 29 26 42 20 -20 47 -4 33 39 -1 27 45 -29 30 31 -2 44 -7 41 36 -9 38 -38 40 -11 -27 -6 -15 -12 -13 -23 -16 -41 55 54 52 -52 -53 -51 -43 57 -57 -8 -45 -61 -34
right_child=1 8 22 10 5 7 58 13 -10 24 32 12 -14 43 15 -17 -18 -19 19 -21 -22 46 -24 -25 -26 34 -28 28 -30 -31 -32 -33 61 -35 -36 -37 37 -39 -40 48 -42 49 -44 59 -46 -47 -48 -49 -50 50 51 53 -54 -55 -56 56 -58 -59 -60 60 -62 -63
leaf_value=0.057843451490397907 -0.029803666601958052 -0.054684359338506308 -0.010997791625724253 -0.050229527356319408 0.069468472697917838 0.060698721656628353 0.017476134059819019 0.036438760365478627 -0.052185786628138775 -0.01162794362668252 0.060397817301943379 -0.047210044775130015 -0.042822775479324948 0.045237992440785968 -0.023925884912291848 -0.057470935300197638 -0.024078821604065829 -0.031915518981225882 0.034819160012801574 0.065115073280022334 -0.055243535532266325 0.085424547654904995 -0.051342622478517813 -0.051624361430607724 -0.050450504636287453 0.041604697243644698 -0.050675165872558416 0.042350281578095388 -0.0028983891374729227 -0.0055271201005604471 0.073070157587850099 0.060384331698562776 0.0071400021025289171 -0.026932707081315156 0.077169963813821241 -0.010062423933174625 0.026983655177577694 0.066443848628334606 -0.03513160624836948 0.017884704171164265 0.067156494871045108 0.046547927838847994 0.013820788745368282 -0.030611171766280917 -0.0053015036261109157 0.0092710909460156522 0.033990068568318765 0.043601977531244951 -0.055220732503024561 0.052573974181353837 0.069733249147684029 -0.058317470434845156 0.010635853717167756 0.031402499384175379 -0.0023423153628587038 -0.019585123062646551 0.041410100039560492 0.022150788754100138 -0.046818527472020866 -0.017040832401271695 0.034014962660505653 -0.04568411735992961
leaf_weight=250.37607480585575 53.103210039436817 303.93653553724289 253.35073062032461 329.34183533489704 293.80510302633047 31.824292942881584 28.908624090254307 479.8002205863595 954.97488680481911 38.961077786982059 56.441547229886055 74.661253482103348 431.03868665546179 35.874890960752964 67.559563048183918 125.63679818809032 57.402840681374073 246.32834720611572 53.925271317362785 83.484619781374931 65.76650320738554 91.144768416881561 241.65170257538557 201.45395114272833 65.678050965070724 488.94466798007488 51.675452098250389 219.29045327752829 161.96998062729836 43.315989419817924 288.52022765576839 121.86292255669832 53.217569269239902 57.09343408793211 64.181975044310093 132.78772216290236 66.091407977044582 36.671149082481861 105.77741628885269 35.592078879475594 60.637039847671986 79.188209652900696 49.930703997612 240.3422454893589 63.133445315063 78.464281857013702 84.162031292915344 40.163460217416286 39.11915960162878 324.80879247933626 84.814969956874847 56.766600482165813 234.36067542433739 42.391630597412586 54.383751057088375 208.77085909247398 67.267878092825413 173.51136688143015 110.48147820681334 127.58800396323204 59.518077030777931 79.961948126554489
leaf_count=1051 311 3082 1733 3194 1318 168 173 2181 10150 253 251 456 3852 202 351 1111 342 1833 252 361 388 394 2423 1793 426 2127 431 1058 891 187 1285 565 338 383 277 773 353 203 831 176 272 384 221 1659 399 430 385 184 253 1418 351 353 1073 239 254 1119 288 870 822 757 372 497
internal_value=-0.000377552 -0.021434 0.0161567 0.00171054 0.0211331 0.0115013 0.0205082 0.000483305 -0.0354334 0.0298667 -0.0287606 -0.0252264 -0.0181398 0.0083826 0.0296593 0.00871369 0.0447294 -0.0053582 0.0453105 0.0181151 -0.0146672 0.038093 -0.0306934 -0.034459 -0.00507523 0.0325768 0.00580415 0.0112657 0.0231274 0.0525229 0.0579481 0.0330118 -0.000786429 0.00443121 0.0292107 0.0202782 0.0261312 0.00241599 -0.0112455 0.0120217 0.0363374 0.027515 0.0613851 -0.0126995 0.0257098 -0.0182681 0.0607317 0.00125121 -0.0203936 0.0223207 0.0293117 0.0153652 0.0263399 -0.0199608 0.0446979 0.0117756 0.00565049 -0.000641906 -0.0334842 -0.017562 -0.000800084 -0.024576
internal_weight=9203.19 4048.02 5155.17 1525.68 4660.17 2530.4 943.583 1574.82 2522.34 804.193 582.096 1567.36 1263.43 1284.45 955.579 408.667 564.205 832.39 546.912 203.176 119.692 283.03 495.002 290.372 239.987 2129.77 586.061 534.386 381.26 506.802 463.486 174.966 252.755 88.9177 1879.39 821.128 688.34 208.54 171.869 174.309 99.5981 1815.21 343.736 463.323 119.575 153.126 175.307 107.723 74.7112 1326.26 797.526 418.334 319.176 99.1582 379.193 528.738 449.55 382.282 139.39 427.448 187.106 133.18
internal_count=60527 31927 28600 9744 24444 14640 5065 9675 22183 4070 4679 12033 8951 7331 4965 2425 2690 5099 2540 1001 640 1314 4156 2344 1380 9804 3266 2835 1949 2348 2161 876 1485 551 8753 4341 3568 1387 1184 954 525 8476 1539 2990 650 886 779 535 429 6349 3688 2016 1424 592 1672 2661 2277 1989 995 2788 1129 835
is_linear=0
shrinkage=0.05


Tree=21
num_leaves=63
num_cat=0
split_feature=29 4 12 22 12 12 12 10 10 12 29 4 11 7 12 14 11 22 40 21 7 29 34 29 12 12 14 29 20 12 36 12 12 29 22 21 34 12 29 34 7 34 12 12 1 12 29 4 11 34 40 41 11 11 7 10 9 29 7 22 11 5
split_gain=1188.71 560.789 375.743 265.166 211.406 233.317 199.048 187.178 185.937 185.231 177.527 153.848 139.621 133.781 128.233 126.731 139.775 112.021 109.004 104.943 101.316 93.6022 91.3785 84.2814 82.0342 99.8668 88.7451 71.6498 70.595 64.5688 62.2785 61.1969 59.0323 56.2673 54.6781 130.933 78.5623 58.0201 51.7515 50.9876 46.56 44.4491 44.4456 58.6353 89.8625 44.2127 41.1401 40.6249 38.7438 39.7266 37.1552 36.4359 36.0456 91.2109 52.5621 45.4378 35.667 35.1842 34.9086 86.5292 137.105 55.5372
threshold=0.36308208097312611 1381.9000000000003 34.500000000000007 1.0000000180025095e-35 34.500000000000007 41.500000000000007 61.500000000000007 0.19502802403928754 0.34482466377410775 28.500000000000004 0.13902400189691286 698.02500000000009 2.5000000000000004 0.83505983676150919 32.500000000000007 -0.070855387808359746 3.5000000000000004 1.0000000180025095e-35 0.03422408162334397 0.00077204360708324016 0.6014525585012428 0.19550493244394798 0.61394859186234241 0.18051548034811232 41.500000000000007 61.500000000000007 0.039052988066022219 0.10043334340814009 44.692698648050815 58.000000000000007 71.144987770939039 53.500000000000007 27.500000000000004 0.50670721682457442 1.0000000180025095e-35 0.0012418158609305509 0.10365295287789079 46.500000000000007 0.21078305770659314 0.15329134801028868 0.011330682534583395 0.16855673129241147 53.500000000000007 55.500000000000007 30.500000000000004 67.500000000000014 0.5197876979676197 1837.9250000000004 1.0000000180025095e-35 0.1368900509596537 0.038628465947974852 0.047893884047117481 2.5000000000000004 3.5000000000000004 0.28721492896949546 0.14388543466839834 0.050450485783892128 0.069484775211721223 0.27707596593635547 1.0000000180025095e-35 1.5000000000000002 0.058687749862967785
decision_type=2 2 2 2 2 2 2 10 10 2 2 2 2 10 2 2 2 2 10 8 8 2 10 2 2 2 2 2 8 2 8 2 2 2 2 8 8 2 2 10 10 8 2 2 2 2 2 2 2 10 10 10 2 2 10 8 10 2 10 2 2 10
left_child=1 4 3 7 11 15 23 9 10 12 40 13 19 -1 20 16 38 24 -5 -2 28 30 -16 31 -4 26 29 56 50 52 -8 41 -12 48 36 39 42 -38 -6 -36 47 -7 -25 44 -44 57 -20 -3 -9 -50 -13 -52 54 55 -26 -54 -17 -42 59 -30 -61 -60
right_child=2 8 17 18 5 6 21 33 -10 -11 32 14 -14 -15 22 27 -18 -19 46 -21 -22 -23 -24 34 25 -27 -28 -29 58 -31 -32 -33 -34 -35 35 -37 37 -39 -40 -41 45 -43 43 -45 -46 -47 -48 -49 49 -51 51 -53 53 -55 -56 -57 -58 -59 61 60 -62 -63
leaf_value=0.056228604765651641 0.027857176516704475 -0.0010731181528523118 -0.055737240508907993 -0.050405760538458216 0.068408828125752871 0.071190286704583008 0.021825675488708212 0.029458898912094012 0.051378684247181811 0.063875153272652238 0.016361891217040493 0.065145299020079026 0.066035437084572574 -0.034192367664428222 -0.047862756361540568 0.037395821023269771 -0.056428999928058027 -0.05354132951377432 0.018498031427317083 -0.060283309657578978 -0.036580900766902617 -0.021368178396023774 0.046018268031205636 0.064467470173675059 -0.039187233310551045 -0.044779196494117719 -0.038246364541976885 -0.043575429225989094 0.063218929757893283 0.039684371644953358 -0.030013608370537199 0.02951134018323209 -0.043001183510074842 -0.045618395459212008 -0.039983926596689798 0.046063017898024902 -0.03472012128633991 0.020793293989969805 0.0014384750782538121 0.033652716044828099 0.037963578225691054 0.030397083441938106 0.042355183125872192 0.057027429145983757 -0.053632642537778732 0.056729240580784504 -0.037060434353692023 -0.056049001672873848 0.029534697930493986 -0.03479329134791169 -0.0088085856656730053 0.058275737541688501 0.012689408095283926 -0.036458878547069078 0.018550822296244683 0.082011066197850632 -0.020040125126022181 -0.0060318339228334046 0.049587293952690209 0.076736250617243956 -0.012879537675573838 -0.01546248699683624
leaf_weight=728.8242260068655 54.508970364928246 89.05063371360302 234.32700990140438 302.90492612123489 86.900193221867085 221.23569341003895 375.51014427095652 71.395066507160664 90.769228920340538 253.63281647861004 44.841081537306309 197.20085741579533 56.546354398131371 43.339480452239513 101.02513885498047 45.507217288017273 44.560784891247749 754.73039247840643 106.63231309503317 88.764836557209492 55.716792106628418 328.79376953840256 34.864716187119484 143.43364842236042 139.64747451990843 342.74531824141741 211.22858965396881 299.89504306763411 130.32629769295454 87.162697434425354 68.50763575732708 403.07646919041872 634.00186896324158 102.45854707062244 135.25296669453382 97.252290330827236 64.231301978230476 176.14089718461037 43.180861681699753 28.453521378338337 59.634134203195572 95.646855697035789 56.825643219053745 88.9766014367342 42.708473950624466 48.195841200649738 48.463664323091507 53.969462044537067 33.143640600144863 87.001747198402882 40.261004365980625 40.704661443829536 62.65694422274828 66.988838754594326 54.919160842895508 37.959311738610268 66.569110319018364 190.97121756523848 45.744235478341579 58.708479978144169 156.32730870693922 116.06336252391338
leaf_count=3290 284 554 2493 2894 381 931 1782 328 423 1147 266 905 247 331 688 201 278 8396 630 656 419 2407 154 615 998 3181 1585 2554 571 379 336 1789 6285 686 992 529 353 871 296 177 309 401 255 394 208 287 308 399 156 626 226 187 357 378 325 184 296 1108 208 254 863 574
internal_value=-0.000498058 0.0128577 -0.0250276 -0.00299339 0.0207337 0.0124825 0.0195892 0.0153633 -0.0174503 0.0355105 -0.0230252 0.0344738 -0.000492988 0.0511535 0.0212904 -0.0156969 0.0199971 -0.0383591 -0.0329514 -0.02675 0.0285718 -0.00114662 -0.0237761 0.0299063 -0.0291007 -0.0228797 -0.0115167 -0.0308282 0.0331942 0.00104871 0.0138274 0.0424365 -0.0390799 -0.0157108 0.0190801 0.000112384 0.0277288 0.00595922 0.0461778 -0.0271853 0.00164237 0.0588774 0.0434928 0.0275337 0.00116837 0.0128719 0.00113738 -0.0218186 0.000287304 -0.0170476 0.0534362 0.0249174 -0.00824962 0.00874571 -0.0228899 0.0388423 0.00328104 0.00443733 0.0220921 0.031071 0.0115871 0.00292758
internal_weight=9071.02 5873.2 3197.82 1205.45 4661.77 2912.66 2326.05 747.452 1211.43 453.453 1120.66 1749.11 199.82 772.164 976.943 586.613 174.642 1992.37 458.001 143.274 841.053 772.812 135.89 1553.23 1237.64 1003.31 660.563 411.971 785.336 449.334 444.018 719.959 678.843 293.999 833.275 260.959 572.317 240.372 130.081 163.706 441.821 316.883 331.944 188.511 99.5341 298.801 155.096 143.02 191.54 120.145 278.167 80.9657 362.172 167.605 194.567 100.616 112.076 250.605 507.17 345.362 215.036 161.808
internal_count=60585 34347 26238 7962 24716 16046 12040 4130 9631 2334 9208 8670 1187 3621 5049 4006 955 18276 3832 940 4207 4525 842 7515 9880 7387 4206 3051 3788 2621 2118 3121 6551 1796 4394 1698 2696 1224 677 1169 2657 1332 1472 857 463 1704 938 953 1110 782 1318 413 2242 919 1323 541 497 1417 2470 1688 1117 782
is_linear=0
shrinkage=0.05


Tree=22
num_leaves=63
num_cat=0
split_feature=29 4 12 22 29 10 12 12 12 12 11 22 12 29 7 11 10 22 1 40 5 12 12 1 10 12 22 12 12 22 34 12 11 36 4 4 40 26 41 11 12 12 6 4 10 4 12 7 12 12 26 34 12 29 1 41 12 4 7 7 34 34
split_gain=1104.88 491.379 358.819 265.098 230.451 186.168 184.511 160.757 157.734 134.216 127.098 127.048 220.213 122.757 119.049 127.368 104.459 101.579 99.3282 87.44 84.084 77.35 91.1244 71.6784 69.5624 64.2077 116.74 95.8293 79.374 62.0476 92.2281 59.0836 58.058 61.7904 57.011 56.4187 57.663 56.382 56.0947 53.7066 53.252 128.753 69.9597 70.5188 64.9824 61.8163 70.222 57.6941 111.867 53.1025 50.9116 48.1602 48.5274 45.172 46.1265 44.7201 103.396 44.7057 44.6226 43.9001 43.4772 43.1862
threshold=0.36308208097312611 1500.0250000000003 34.500000000000007 1.0000000180025095e-35 0.19126905493519469 0.25923001775825533 34.500000000000007 28.500000000000004 41.500000000000007 61.500000000000007 2.5000000000000004 1.0000000180025095e-35 28.500000000000004 0.1586532314496161 0.30690746269799746 1.5000000000000002 0.38228988095593647 1.0000000180025095e-35 31.500000000000004 0.032064721616533627 0.070165451686686572 41.500000000000007 61.500000000000007 23.500000000000004 0.201844139048837 55.500000000000007 1.0000000180025095e-35 62.500000000000007 87.000000000000014 1.0000000180025095e-35 -0.14431643214653408 68.500000000000014 2.5000000000000004 32.179066269020829 1110.0250000000003 393.52500000000003 0.023827901391113765 -0.010978769071233985 0.035566725601822662 1.0000000180025095e-35 41.500000000000007 37.500000000000007 0.15250055334218679 1046.8500000000001 0.30403125454641139 1046.8500000000001 32.500000000000007 0.50233651608160379 28.500000000000004 116.50000000000001 0.0089283371322727428 0.050997980907209424 46.500000000000007 0.5197876979676197 26.500000000000004 0.016889529728730666 34.500000000000007 1095.0250000000003 0.011330682534583395 0.035720479659085286 0.075662030397744343 -0.1209010115586298
decision_type=2 2 2 2 2 10 2 2 2 2 2 2 2 2 10 2 10 2 2 10 8 2 2 2 10 2 2 2 2 2 10 2 2 10 2 2 8 2 8 2 2 2 10 2 10 2 2 10 2 2 2 8 2 2 2 10 2 2 10 10 8 8
left_child=1 4 3 5 25 7 11 10 61 29 18 20 14 58 15 -13 -15 21 57 -5 -6 -4 24 -22 34 40 27 -27 -28 51 38 -29 33 -25 35 -23 -37 -11 -31 59 41 45 43 -43 -42 47 50 55 -49 60 -47 -10 -53 54 -21 -1 -57 -2 -3 -7 -33 -8
right_child=2 13 17 19 6 39 8 -9 9 37 -12 12 -14 16 -16 -17 -18 -19 -20 53 23 22 -24 32 -26 26 28 31 -30 30 -32 49 -34 -35 -36 36 -38 -39 -40 -41 44 42 -44 -45 -46 46 -48 48 -50 -51 -52 52 -54 -55 -56 56 -58 -59 -60 -61 -62 -63
leaf_value=0.082817863111239856 0.0437696546288842 -0.025535594632101501 -0.05541237938856805 -0.051964884143023721 0.056912273157875559 -0.024381100735735378 -0.0074492008149768989 0.060813536429859594 0.039859994619561516 0.046295650882560074 0.057364756819604137 0.060208963124136775 -0.056871585059709066 -0.043921446704374284 0.071807422999065354 -0.028300159307803548 0.050144242620730861 -0.052871541724405113 -0.062867398840096553 0.05783981368682857 -0.028897061080777116 -0.020247114808813318 -0.044338583241919492 0.053818156501804854 -0.039201059172569802 0.057231593071469203 -0.05618418045246254 -0.029179515928336189 0.025490429645816177 0.062244378235595102 -0.027200874961771777 0.050376933745726285 0.067727296931408568 -0.027073540348035587 -0.035652627134627017 0.042800290832471825 -0.0060572361927474627 -0.027400666767304457 -0.015192786558225492 -0.040710700058044724 0.050042225325212832 -0.046624139065810213 0.043376381775432848 0.026638930945824993 -0.010269684984238667 0.015082885741865702 -0.032933280026493504 0.05573676752449877 -0.041530991416535538 -0.01620057199515423 0.075421701569414634 -0.028862738014295914 0.020833622961626726 -0.042438027615229225 -0.0091878837903520052 0.051473812919094399 -0.0084338056745154027 -0.028815492774426594 0.0098784516940567217 0.042048964373502196 0.0082783607977445998 -0.053238875151864755
leaf_weight=79.221770472824574 53.559996068477631 129.87828793376684 227.63791294395924 262.26752956956625 313.09159125387669 52.118916153907776 72.255112960934639 253.02814847975969 260.71195766329765 28.114271715283394 75.643954336643219 62.408982947468758 111.10986033082008 473.42887446284294 95.033346243202686 116.56379155814648 31.475806698203087 725.13851761072874 76.017845369875431 35.855897627770901 61.899979546666145 125.80217489600182 331.25779645889997 42.106085412204266 172.56200321763754 167.35134653747082 83.523420676589012 71.130924224853516 46.202039144933224 62.444144994020462 171.56843373924494 141.62385119497776 72.657612577080727 53.735789194703102 99.631124041974545 135.13178125023842 109.18832936882973 337.61668821424246 37.389249376952648 139.87943477928638 577.90408106148243 110.50390652567148 49.375136226415634 46.737311162054539 48.401659175753593 165.127630636096 61.438204906880856 62.451158925890923 56.125942513346672 73.509439431130886 44.348423898220062 62.200714714825153 233.62326232343912 61.377076163887978 90.329922318458557 495.59670224785805 84.27191961556673 35.125032864511013 282.26152145117521 47.568797469139099 108.17244713753462 179.2059992775321
leaf_count=356 268 953 2530 2709 1475 272 518 1170 1167 172 341 280 1110 5009 423 670 136 8429 540 168 331 764 3179 204 1398 704 505 337 249 333 1243 634 324 296 765 650 563 2552 286 1038 2468 635 230 271 208 771 382 268 376 368 187 347 1137 392 583 2152 461 261 1734 232 510 1813
internal_value=-0.000688826 0.0120871 -0.0247841 -0.00310677 0.018319 0.0154376 0.00708319 0.0329971 -0.00409131 0.0034905 0.00371301 0.0244733 0.00250291 -0.0215296 0.0265794 0.00256355 -0.0380574 -0.0380939 -0.0209279 -0.0333225 0.0400415 -0.0291731 -0.0230379 0.0171156 -0.0120526 0.0286846 0.0156561 0.0255281 -0.0270956 0.0146338 -0.00496703 0.012077 0.0340188 0.0084645 -0.00207969 0.00695762 0.0209655 -0.0217355 0.0332429 -0.0207252 0.033473 0.0275311 -0.00854435 -0.0248479 0.0453812 0.0346396 0.0140711 0.041805 0.00969715 0.0211539 0.0278573 0.0241924 0.0103843 -0.00725498 0.00985814 0.0475815 0.0427675 0.0150212 -0.00128163 0.00731787 0.0321465 -0.0400816
internal_weight=8972.92 5863.8 3109.12 1182.77 4946.75 732.942 2373.74 493.375 1445.13 1193.67 240.347 928.607 385.116 917.044 274.006 178.973 504.905 1926.35 164.703 449.83 543.491 1201.21 973.573 230.399 642.315 2573.02 691.513 561.788 129.725 827.938 271.402 394.437 168.499 95.8419 469.753 370.122 244.32 365.731 99.8334 239.567 1881.5 1255.2 206.616 157.241 626.306 1048.58 270.914 777.667 118.577 323.306 209.476 556.536 295.824 187.563 126.186 659.09 579.869 88.685 412.14 99.6877 249.796 251.461
internal_count=60837 34585 26252 7974 26753 4122 14681 2580 9568 7237 1410 5113 2483 7832 1373 950 5145 18278 1069 3852 2630 9849 7319 1155 4140 12072 3307 2553 754 4513 1862 1849 824 500 2742 1977 1213 2724 619 1542 8765 6089 1136 906 2676 4953 1340 3613 644 1512 958 2651 1484 1143 751 2969 2613 529 2687 504 1144 2331
is_linear=0
shrinkage=0.05


Tree=23
num_leaves=63
num_cat=0
split_feature=4 12 22 12 12 12 21 7 10 10 21 11 37 10 4 14 11 25 25 21 9 12 7 41 12 12 37 6 4 10 37 4 12 41 12 21 4 25 12 10 12 21 4 31 11 14 4 21 7 21 12 18 18 10 40 42 2 20 40 5 7 21
split_gain=757.638 381.587 293.123 464.683 280.874 217.243 176.812 212.496 203.02 153.573 133.464 87.7032 161.166 117.713 88.9826 81.7246 82.5329 81.0288 77.9142 76.2735 72.1877 69.5294 88.7146 87.4116 95.3403 79.1075 63.398 61.9098 66.7003 80.5563 74.2032 54.453 54.1377 69.727 51.9648 51.2899 50.1593 46.2898 43.9844 50.6672 43.442 42.4883 41.0321 40.507 94.7961 49.5371 38.1662 37.9992 37.6653 36.0647 64.2847 34.2825 39.2402 34.8505 41.0886 33.6919 32.9247 32.8727 32.6349 32.3247 30.4616 30.1211
threshold=1312.0250000000003 34.500000000000007 1.0000000180025095e-35 28.500000000000004 41.500000000000007 61.500000000000007 0.0009727433685497391 0.30336339179726318 0.56650401449481325 0.34482466377410775 0.00097122150553313432 1.0000000180025095e-35 5.399608079590327 0.23466384945478613 1102.1250000000002 -0.063601662489710734 3.5000000000000004 672.50000000000011 867.50000000000011 0.00059112167235470523 0.20190568822543167 55.500000000000007 0.11665101611465169 0.036113269766408253 47.500000000000007 46.500000000000007 -37.337345673789123 0.029347402199098139 875.05000000000007 0.15088713437079584 -20.457126980454351 1122.0250000000003 27.500000000000004 0.039063729975818098 53.500000000000007 0.00079176065198905549 412.45000000000005 922.50000000000011 53.500000000000007 0.17712686588883533 40.500000000000007 0.0012299661360145272 802.62500000000011 -0.041405097688674446 1.5000000000000002 0.077182963419827291 1725.0250000000003 0.00077204360708324016 0.29415103500864553 0.0007078170637538798 30.500000000000004 -0.0034280681393609176 -0.015968175855729624 0.23153899074476972 0.016701133075529308 0.027166250301365373 0.30308758609750758 58.391297280341853 0.03287135307378522 0.069320626723000198 0.42714446955540042 0.0016975341745299997
decision_type=2 2 2 2 2 2 8 10 10 10 8 2 10 10 2 2 2 2 2 8 10 2 8 8 2 2 10 10 2 8 10 2 2 8 2 10 2 2 2 8 2 8 2 10 2 2 2 10 8 10 2 10 8 10 8 10 10 10 8 10 8 10
left_child=1 2 6 10 15 11 8 17 43 19 18 12 -6 14 21 16 40 32 47 -2 -12 23 -23 24 57 -25 48 -7 60 30 -30 -14 -8 -34 35 -16 -27 -19 -28 56 -3 -15 -38 44 -1 -45 51 -4 -26 -46 -51 52 -21 54 -54 -11 -40 -13 -24 -20 -29 -48
right_child=9 4 3 -5 5 27 7 -9 -10 55 20 13 31 41 34 -17 -18 37 59 46 -22 22 58 25 26 36 38 28 29 -31 -32 -33 33 -35 -36 -37 42 -39 39 -41 -42 -43 -44 45 49 -47 61 -49 -50 50 -52 -53 53 -55 -56 -57 -58 -59 -60 -61 -62 -63
leaf_value=-0.022679448860699905 -0.045477423306642367 0.018706339892662103 -0.057736860573401418 -0.047436148137956359 -0.042081870354248672 -0.026743389990654228 0.079426127677103386 -0.04288695164647114 -0.040261481444053372 0.031425166093568414 0.046170835370503142 0.075751819626682884 0.0050802629789916476 0.0013265045754468551 -0.025726358257153682 -0.040110047576861256 -0.054636370631153189 -0.034173770757904801 0.067410574761095646 -0.055779406222780048 -0.0082069906822706314 -0.00055661527865695634 0.079773584562670086 -0.055352457346722506 0.013696586026944225 -0.033550415320714552 0.023722619992344467 -0.015800512582568062 0.021718810289769668 -0.023484970849511472 0.11929579030204909 0.074189195575776676 -0.013925102791303927 0.049633080718570227 -0.016678357965042571 0.044681666252944105 0.058280901917533039 0.037212697837528418 -0.048545395238246448 0.025192449691114029 -0.043807648906910079 -0.038973843885350717 -0.0067352233679170165 0.067652450092515568 0.079529961781077879 0.033288848172205253 -0.039542790824689804 -0.0080339694158289201 0.062103456822843552 -0.0048007716599890752 0.05865222649889356 -0.024894917619026544 -0.021241160706423075 -0.033371417666749142 0.025686908870620802 -0.022370890738312828 0.0087467131030905306 0.030574985094109997 0.032023964304139639 0.0016568762124779355 0.035542587773900534 0.015028083124237496
leaf_weight=51.798614218831062 584.82990285009146 177.57531122118235 56.31132698059082 323.96534530073404 176.25129587948322 498.23068013042212 80.119422152638435 129.26823164522648 60.827395111322403 130.63411761075258 441.92368327081203 128.71288380771875 69.397635787725449 230.13005125522614 36.280146189033985 517.54380438476801 67.43576255440712 62.242362819612026 40.329545930027962 33.183815181255341 70.811844520270824 61.09594839066267 150.21588568389416 58.734355010092258 60.064448423683643 40.248197838664055 276.96522599458694 394.2962037473917 51.668460763990879 46.880235522985458 31.278153084218502 48.369678109884262 60.94488013535738 147.80256892740726 195.23809456825256 90.109379924833775 61.031403601169586 35.75303953140974 73.242149084806442 70.689763598144054 32.946515366435051 91.368649266660213 40.285772867500782 533.82727213203907 79.193951636552811 130.51662419736385 406.24241077899933 121.26915910094976 121.41908918321133 57.408675640821457 130.99553166329861 623.76070490479469 68.079371444880962 55.921630807220936 148.14345845580101 37.44803686439991 38.132826022803783 58.598329111933708 46.973092138767242 34.836242131888866 31.17267918586731 26.964966662228107
leaf_count=302 6216 1209 384 2895 1315 3637 344 722 332 660 2192 575 388 1389 249 4801 555 393 224 276 385 304 644 311 313 224 1434 2779 355 337 178 246 333 719 1271 519 303 161 395 420 241 611 234 2480 361 633 4271 715 607 275 618 5316 593 453 1087 233 202 262 196 204 201 259
internal_value=-0.000316588 0.00789504 0.0226621 0.00275921 -0.00171431 0.00475515 0.0365553 0.0126137 0.0483851 -0.0264155 0.0240028 0.0136165 -0.0118221 0.0174927 0.0230148 -0.0283654 -0.00649729 0.0311589 -0.00573363 -0.0303738 0.0386609 0.0288959 0.0520879 0.0230696 0.030241 -0.00656917 0.0210649 -0.0139474 -0.00246639 0.0289043 0.0585139 0.0334649 0.044487 0.0310769 -0.000507947 0.024471 0.0136706 -0.00812884 0.0111739 -0.00791578 0.00892295 -0.0101267 0.0324292 0.0538664 0.0392337 0.0609014 -0.0238899 -0.0237949 0.0460825 0.0512181 0.0393175 -0.0181752 -0.00444733 0.00181183 0.0109113 0.0194396 -0.0289296 0.0616187 0.068399 0.0369364 -0.0120388 -0.036146
internal_weight=8837.94 6722.73 2650.15 1089.45 4072.58 3277.08 1560.7 516.131 1044.57 2115.21 765.482 2223.55 294.019 1929.54 1608.04 795.501 277.958 386.862 252.746 1947.13 512.736 1286.41 258.285 1028.12 827.825 200.3 640.514 1053.53 555.296 129.827 82.9466 117.767 288.867 208.747 321.628 126.39 141.565 97.9954 459.03 182.065 210.522 321.499 101.317 983.741 319.397 664.344 1362.3 177.58 181.484 267.598 188.404 929.089 305.328 272.144 216.223 168.082 111.375 187.311 197.189 75.1658 425.469 433.207
internal_count=60741 41377 14672 6999 26705 19899 7673 2672 5001 19364 4104 12412 1949 10463 8463 6806 2005 1950 1527 18471 2577 6424 1144 5280 4208 1072 3371 7487 3850 870 533 634 1396 1052 2039 768 761 554 2451 1017 1450 2000 537 4669 1556 3113 12255 1099 920 1254 893 7725 2409 2133 1680 893 597 837 840 428 2980 4530
is_linear=0
shrinkage=0.05


Tree=24
num_leaves=63
num_cat=0
split_feature=29 4 4 29 10 29 29 4 10 22 26 4 26 11 21 1 10 21 32 10 21 40 22 4 34 0 4 0 21 29 11 34 11 22 29 21 21 11 1 34 32 32 41 34 4 4 11 16 17 2 14 21 14 1 5 1 4 34 10 10 11 0
split_gain=1051.42 499.68 292.945 200.261 109.505 107.325 105.799 105.147 93.6068 90.206 86.3348 109.556 83.494 82.8822 76.3373 71.892 62.9277 62.0965 81.3387 62.7564 65.3963 60.4341 59.7619 105.805 62.5575 51.5588 50.6401 48.5673 62.7545 47.8373 45.0548 43.4396 42.3213 41.4807 42.6499 40.1581 39.9678 51.9181 57.9275 38.5587 44.4884 37.5964 36.9279 38.0048 57.0428 49.6469 59.9139 36.6307 36.1387 35.545 35.3554 35.2658 35.2127 34.9633 34.8589 33.9088 33.3162 33.301 33.0825 31.9253 54.1304 31.2675
threshold=0.24834928693022187 1215.325 1788.6000000000001 0.44264511700016462 0.34482466377410775 0.089378201396682747 0.39157741890675668 1160.0250000000003 0.3384188320596721 1.0000000180025095e-35 -0.0055495582884594235 949.82500000000016 -0.016407979854008544 1.5000000000000002 0.00080241468557564258 28.500000000000004 0.24945989828264456 0.00067534136334050589 0.11928680567481866 0.40319741006093979 0.00038901486614884359 0.01753417803951501 1.0000000180025095e-35 920.05000000000007 -0.11076067077424849 0.052853202874813092 796.92500000000007 0.022691281828462459 0.00038901486614884359 0.13902400189691286 2.5000000000000004 -0.10893748847987504 1.5000000000000002 1.0000000180025095e-35 0.40390771976785833 0.00038901486614884359 0.00051675719890519436 1.0000000180025095e-35 23.500000000000004 0.23017183535677591 0.12658504825340591 -0.29966264741741988 0.018953071826769394 0.0030004736634688949 935.57500000000016 691.77500000000009 2.5000000000000004 0.018874941521403652 -0.0022987291688445011 -0.72266859086445623 -0.0029945210369934409 0.00085688248046553465 -0.10469978370191411 24.500000000000004 0.071004444181891335 9.5000000000000018 314.27500000000003 -0.16279008926980407 0.43727487626568279 0.073679481723175871 2.5000000000000004 0.03523437662549702
decision_type=2 2 2 2 10 2 2 2 10 2 2 2 2 2 10 2 10 10 10 10 8 10 2 2 8 2 2 2 8 2 2 8 2 2 2 8 8 2 2 10 10 10 10 10 2 2 2 10 8 10 2 8 2 2 8 2 2 8 10 8 2 2
left_child=2 3 5 10 33 -1 -6 17 12 13 11 54 -9 58 22 26 27 18 19 20 53 -14 23 24 30 -11 -16 28 -15 59 -12 -13 -26 34 51 -34 47 -38 50 40 -23 -19 -17 45 61 46 -44 -22 -40 -29 -39 -3 -43 -7 56 -24 -2 -30 -5 60 -4 -45
right_child=1 4 29 9 6 7 -8 8 -10 25 14 31 21 16 15 42 -18 41 -20 -21 36 39 55 -25 32 -27 -28 49 57 -31 -32 -33 35 -35 -36 -37 37 38 48 -41 -42 52 43 44 -46 -47 -48 -49 -50 -51 -52 -53 -54 -55 -56 -57 -58 -59 -60 -61 -62 -63
leaf_value=0.038362313178208429 0.0050872167030164266 0.019831319811819556 0.034064062012752874 -0.043275514177136813 0.049760079315649172 0.058345042854099784 -0.043786800952437609 0.056628320429266625 0.054131371276649978 -0.049151620710912745 0.03324309950213921 0.031646956302519971 -0.024399731265293934 0.031193356360486913 0.062919542312583066 -0.032764126670492132 -0.042233934863796896 -0.00050746057020048909 -0.036625051888392039 0.072230632517491733 -0.020820979519706805 0.0039261639591420218 0.004088459368841159 0.036777051980184827 -0.043046627370918966 0.01286749423859971 0.0068379653173981127 -0.010680045364025885 0.01374286104366975 -0.048252350111365055 -0.029308720695750603 -0.041264387976852543 0.025144806448427228 -0.052299536152145179 -0.049036000295398674 -0.021776875273739098 -0.025944926628023425 -0.020553238766097819 0.065340478961774071 -0.041382473084331628 0.057038876537904883 0.052139281430006873 0.035984407470294598 -0.020031792084027208 0.064433705078491096 -0.031240432168360706 -0.033151530408848301 0.023035020512925448 0.017011545609063147 0.031185142040304772 0.035283229907662111 -0.029695125040146493 0.029532921042709298 0.014589431132134437 0.017082093296858 -0.055795493079840622 0.056317076053890747 -0.025767414067654544 0.0094363581888967131 -0.033536880754533642 -0.038326227756525659 0.029107752301043101
leaf_weight=847.53961133956909 38.27226285636425 53.975572861731052 70.407565332949162 239.92744957655668 60.847386248409748 111.79868148267269 60.056993752717972 53.001010805368423 78.038440495729446 311.69620677828789 96.593350403010845 27.536071680486202 311.56831457465887 78.060903742909431 96.073016352951527 68.196602053940296 97.501917973160744 85.278740808367729 72.897068880498409 50.94553542137146 175.89536806941032 237.64938130229712 30.53428715467453 119.95786724239588 175.68460877984762 37.548239648342133 69.279055334627628 72.323502063751221 65.602857381105423 141.05120217055082 41.009074904024601 79.143205754458904 58.564992271363735 878.46167026460171 169.81054478138685 205.98442187160254 56.798124894499779 75.861787579953671 96.985939085483551 37.209278963506222 47.268629282712936 214.22453433275223 96.371977649629116 63.115467980504036 59.139378525316715 109.55608970671892 46.437018364667892 65.285195179283619 64.343049563467503 169.58098398149014 45.267486482858658 107.58898232132196 879.3003161996603 77.166806057095528 161.24083995074034 104.68343691527843 185.81991027295589 285.08886343985796 33.981941059231758 82.513094685971737 40.781564138829708 66.459039852023125
leaf_count=3739 282 353 452 2253 314 542 412 303 352 2981 636 166 2338 462 482 547 743 474 386 232 1044 1379 259 622 1565 203 443 418 401 1575 293 606 346 11053 1611 1472 357 422 453 235 248 988 518 464 315 816 343 370 346 936 221 896 4149 404 900 1091 939 2315 171 597 261 365
internal_value=-0.000115383 -0.0161145 0.0186807 -0.00592502 -0.0420791 0.0227497 0.00329241 0.0180852 0.00223985 -0.0204921 0.00421041 0.0223968 -0.00365727 -0.0131217 -0.00172464 0.0107775 -0.00470131 0.0239332 0.0139897 0.0184874 0.0149288 -0.00869944 -0.0118497 -0.00595431 -0.0148253 -0.0424838 0.0394225 0.000755287 -0.00935143 -0.0261026 0.014601 -0.0224445 -0.024023 -0.0466133 -0.0315392 -0.0113895 0.00661152 0.0176741 0.0264452 0.00648622 0.0127377 0.031468 0.00147695 0.00677107 0.0237435 -0.00592059 0.0135036 -0.00894959 0.0460654 0.0186685 0.00031353 -0.0131493 0.0339616 0.0404768 0.0348111 -0.0422728 0.0475676 -0.0183763 -0.0367359 -0.00997339 0.007513 0.00517198
internal_weight=8740.78 4721.71 4019.08 3390.96 1330.74 3684.32 120.904 2836.78 764.735 1391.31 1999.65 492.012 686.697 1042.07 1507.64 674.628 768.159 2072.05 893.245 820.348 769.402 633.696 833.012 697.794 577.836 349.244 165.352 670.657 428.753 334.753 137.602 106.679 440.234 1209.84 331.375 264.549 580.437 339.256 282.458 322.127 284.918 1178.8 509.276 441.079 188.714 252.365 142.809 241.181 161.329 241.904 121.129 161.565 1093.52 188.965 385.333 135.218 224.092 350.692 273.909 193.702 111.189 129.575
internal_count=60859 38992 21867 24353 14639 18982 726 15243 4855 10883 13470 2893 4503 7699 10577 4293 5275 10388 4777 4391 4159 4200 6284 4934 4312 3184 925 4532 3178 2885 929 772 3383 13913 2860 1818 3213 1799 1442 1862 1627 5611 3368 2821 1144 1677 861 1414 799 1354 643 1249 5137 946 2121 1350 1221 2716 2424 1310 713 829
is_linear=0
shrinkage=0.05


Tree=25
num_leaves=63
num_cat=0
split_feature=4 17 40 10 20 34 7 41 7 22 34 34 7 4 19 39 40 10 37 10 14 1 19 16 11 11 37 41 40 11 34 37 10 4 40 6 11 4 34 34 34 34 11 22 10 41 32 7 7 1 41 14 7 0 4 0 10 34 37 11 27 22
split_gain=645.845 127.499 172.258 127.107 122.655 102.32 100.91 86.508 82.379 109.023 72.4843 70.2332 66.4316 84.9481 63.9137 61.8598 60.4119 55.9192 71.3228 51.7056 52.7077 48.4322 48.3159 45.5596 44.9549 41.6264 72.8122 100.121 73.5888 54.6874 52.9095 45.5362 38.2694 38.6319 49.2519 36.3137 36.1432 50.0703 77.0076 55.6105 35.8731 35.5023 36.8256 41.3936 63.4369 34.8707 34.4648 33.8786 36.7734 33.5572 32.8073 45.5171 38.1251 32.5767 39.1246 31.5973 29.9889 29.5362 29.1638 27.1434 31.7104 33.0836
threshold=1312.0250000000003 -0.017205812751468381 0.048784204625958803 0.34482466377410775 61.758740478565691 -0.19457028477733682 0.56377910163985523 0.02902889818883236 0.033074658714842116 1.0000000180025095e-35 0.14347319553880569 -0.22272928438711273 0.37106860713081596 586.55000000000007 0.0033675181255951041 0.014648436071260344 0.026570847968353191 0.28077064629980314 -6.3336044794895967 0.26622865197173029 0.06905329399888803 30.500000000000004 0.0012813236426539867 -0.0031598313579044861 1.0000000180025095e-35 1.0000000180025095e-35 26.282709850191321 0.070413006192716066 0.050103512032096849 3.5000000000000004 0.25186344457230542 -8.0649615238625554 0.08320908391799324 911.82500000000016 0.0082544584176081678 0.10133480141398482 2.5000000000000004 698.02500000000009 0.27420197442384248 -0.11317149777537304 -0.13886962664626304 0.12609111882843951 1.5000000000000002 1.0000000180025095e-35 0.071714995101847867 0.012491374066084497 0.079339049704834866 0.18307222133976417 0.29039165338340794 46.500000000000007 0.020940541432794588 0.0070162268742308088 0.093508982945096478 0.025579294770746785 766.22500000000014 0.0082633186361746117 0.045584663877641082 -0.13886962664626304 -28.440083886345462 1.5000000000000002 0.031260858234885343 1.0000000180025095e-35
decision_type=2 8 10 10 10 10 10 10 8 2 10 10 10 2 8 10 8 10 10 10 2 2 8 10 2 2 10 10 10 2 10 10 8 2 10 10 2 2 10 10 8 10 2 2 10 8 10 10 10 2 8 2 10 2 2 2 10 10 8 2 10 2
left_child=1 2 5 15 6 21 7 8 19 12 40 22 13 35 36 -2 32 18 -18 -3 -21 -1 -9 -14 -8 -13 28 30 29 31 -28 57 33 34 -15 50 37 39 49 -7 -11 42 -17 44 -44 -34 -47 -45 -49 -39 55 -52 -53 54 -38 -10 -57 -27 -16 -33 61 -61
right_child=3 4 -4 -5 -6 14 24 11 9 10 -12 25 23 16 58 41 17 -19 -20 20 -22 -23 -24 -25 -26 26 27 -29 -30 -31 -32 59 45 -35 -36 -37 53 38 -40 -41 -42 -43 43 47 -46 46 -48 48 -50 -51 51 52 -54 -55 -56 56 -58 -59 -60 60 -62 -63
leaf_value=0.067597384561714643 -0.036029137728105787 -0.027398952160464892 -0.038654257043171422 0.016775058326300631 -0.018756475760369255 0.05178341895711034 -0.056494151336438328 -0.046950759405507872 -0.016963095740839866 0.017798238998007317 0.037432992946953729 0.050735526422828262 0.0011913167385472249 0.041423968654431514 0.0086680961404409923 -0.033600121997743801 -0.022878507897108265 -0.058046726739506505 0.02768596153496853 0.048806348699794146 -0.014736425890606093 0.03267557207214878 0.028796420223550459 0.055901916419574163 0.0050533151256845271 0.020012922178370755 0.0066538942521541262 0.036494463469300013 -0.039674008632672307 0.059927659818764883 -0.046670905679250578 0.048977474973332477 -0.0082779987034416139 0.037282758316468372 -0.021107848757562008 0.022621731878447016 -0.00042770796784148083 -0.0091182934532213558 0.054680816425041225 -0.00017798040165484794 -0.025314004346147913 -0.038111346149921482 -0.022953935251125213 -0.023684131540134282 0.048651683411032515 0.047526824454559913 0.012406942498559278 0.042965493759742464 -0.033322327879873846 -0.058656321787281911 -0.034537071746820927 -0.012381294496833645 0.043014966046556739 0.041845954707072516 0.036115002455390503 0.034848743215119424 -0.00011003911545738395 -0.039619259338878741 -0.05410694348628612 0.050557925463256881 0.0060861778382904587 0.0042925920615238004
leaf_weight=149.75809566676617 1138.7768177837133 324.4510956928134 116.71705301105976 167.0292449221015 557.35796323418617 98.253796987235546 91.04390287399292 65.050939828157425 129.6695044785738 54.529143489897251 61.295901507139206 113.8814125880599 53.45772347599268 43.470338486135006 31.378508657217026 141.40212754160166 113.96943730860949 35.897235199809074 179.70005172491074 52.104573555290699 87.336727052927017 294.58099321275949 31.125045791268349 132.03912793844938 44.010254338383675 41.388534002006054 81.411234155297279 107.91330550611019 38.781465344130993 132.98533944785595 108.53032327443361 137.24717420339584 41.359657742083073 89.306464418768883 114.24913296848536 121.53245633095503 155.75480166077614 92.785208962857723 35.507279962301254 108.19021312892437 419.1001675799489 160.73850297927856 52.055839367210865 228.26024443656206 76.21744492650032 321.24428457021713 89.269250236451626 45.048230953514576 24.327123530209064 54.129738457500935 190.00893556326628 126.74728307127953 41.140687689185143 231.06894775480032 138.27158612012863 99.327425688505173 160.43080458790064 41.672563016414642 45.085077442228794 129.00750283896923 156.42886378616095 55.162799626588821
leaf_count=703 12133 2440 937 909 3724 564 980 491 916 349 373 576 293 264 188 1382 653 214 970 280 528 1528 161 666 340 234 502 560 270 651 744 731 252 509 859 734 1040 603 176 681 3299 1464 352 2216 399 1700 544 370 218 349 1410 866 224 1174 809 599 1044 280 290 649 881 318
internal_value=-0.00039323 0.00723267 0.0197587 -0.0250128 0.00335723 0.0245106 0.00612242 0.00745227 0.00296412 0.0064055 -0.0137292 0.0186009 0.0115766 0.00878455 0.0155671 -0.0287516 0.0185088 0.000861741 0.00806253 -0.0164556 0.00900739 0.0444455 -0.022437 0.040135 -0.0364376 0.0220497 0.0188797 -0.00196495 0.0273537 0.0310999 -0.0238153 0.0242651 0.0268303 0.0110059 -0.00387295 -0.00272602 0.019241 0.00768679 -0.0113995 0.0245522 -0.0203505 -0.0173685 -0.0114914 -0.00415122 0.0195927 0.035481 0.0398897 -0.0143842 0.0162144 -0.0273702 -0.00684816 -0.017776 0.00119347 0.0277975 0.0167572 0.00319491 0.0132576 -0.00990513 -0.0283458 0.0302047 0.0226401 0.0367005
internal_weight=8599.97 6566.12 1551.48 2033.86 5014.64 1434.76 4457.28 4322.22 3081.64 2617.75 534.925 1240.59 2082.82 1897.32 990.425 1866.83 1028.47 329.567 293.669 463.892 139.441 444.339 96.176 185.497 135.054 1144.41 1030.53 297.855 732.674 693.893 189.942 560.907 698.899 247.026 157.719 868.857 913.962 388.866 182.422 206.444 473.629 728.05 567.311 425.909 128.273 451.873 410.514 297.636 69.3754 146.915 747.325 357.897 167.888 525.095 294.026 389.428 259.758 83.0611 76.4636 477.846 340.599 184.17
internal_count=60563 41120 9042 19443 32078 8105 28354 27034 19986 16738 4021 7048 12717 11758 5874 18534 5965 1837 1623 3248 808 2231 652 959 1320 6396 5820 1806 4014 3744 1246 3093 4128 1632 1123 5793 5396 2373 1128 1245 3648 6401 4937 3555 751 2496 2244 2804 588 952 5059 2500 1090 3023 1849 2559 1643 514 478 2579 1848 967
is_linear=0
shrinkage=0.05


Tree=26
num_leaves=63
num_cat=0
split_feature=29 4 12 29 4 12 12 4 12 29 12 12 10 12 12 29 12 10 4 4 10 20 12 12 34 4 12 12 11 14 5 4 26 29 4 10 34 26 31 11 12 11 11 18 36 1 34 26 4 34 21 12 12 20 26 4 41 11 10 0 4 34
split_gain=981.89 341.019 329.715 188.836 184.503 132.32 121.111 107.606 98.7933 89.6901 89.0223 80.8764 75.0285 74.4256 70.7635 69.033 68.0765 63.7912 63.6721 63.2353 61.8907 72.0143 58.5841 142.449 110.557 81.4527 66.5917 56.6687 56.3893 63.7166 54.4575 54.277 52.7697 51.1116 48.5854 46.8482 44.2198 43.8549 43.1692 42.0247 41.3534 70.598 48.8172 40.4652 47.1838 38.7263 38.3349 38.1805 37.8184 37.4313 43.6836 37.4174 36.0499 36.0062 35.6557 59.9387 35.5314 49.6016 35.9236 34.3123 45.4736 33.9253
threshold=0.33940882564742686 1725.0250000000003 34.500000000000007 0.19126905493519469 647.22500000000014 34.500000000000007 41.500000000000007 1299.2500000000002 41.500000000000007 0.1586532314496161 61.500000000000007 61.500000000000007 0.24945989828264456 32.500000000000007 30.500000000000004 0.48518726100840365 55.500000000000007 0.32373169605842084 529.75000000000011 1283.4250000000004 0.057329826298775276 61.758740478565691 41.500000000000007 37.500000000000007 0.29453650680028648 1152.325 30.500000000000004 32.500000000000007 3.5000000000000004 -0.033511672964472078 0.057975998022686957 1303.7250000000001 0.0034991263494981791 0.4296410740538022 1209.2750000000003 0.4496651694930241 -0.1209010115586298 0.012547810987455783 -0.08884587920168617 1.5000000000000002 55.500000000000007 2.5000000000000004 3.5000000000000004 -0.010645560248324413 40.088891408097659 17.500000000000004 -0.3242662188677114 -0.0091690321436424648 927.02500000000009 0.04923993886851253 0.00038737398756234401 125.50000000000001 67.500000000000014 51.352139543203812 -0.0091690321436424648 1046.8500000000001 0.034450089528694113 1.0000000180025095e-35 0.22594225259171877 0.0073288667632821665 935.57500000000016 -0.1209010115586298
decision_type=2 2 2 2 2 2 2 2 2 2 2 2 10 2 2 2 2 10 2 2 8 10 2 2 10 2 2 2 2 2 8 2 2 2 2 10 8 2 10 2 2 2 2 8 10 2 8 2 2 8 8 2 2 10 2 2 10 2 10 2 2 8
left_child=1 3 4 16 12 18 36 8 -4 49 31 15 14 19 43 40 22 34 -5 32 38 27 23 25 54 46 37 30 29 -25 45 56 35 -14 51 -6 39 -27 -20 -7 41 61 -43 -2 -45 -22 -1 -12 -31 50 -3 -18 -52 -47 55 -24 57 -8 -59 -49 -61 -10
right_child=2 9 7 5 13 6 10 -9 11 -11 47 -13 33 -15 -16 -17 17 -19 20 -21 21 -23 24 28 -26 26 -28 -29 -30 48 -32 -33 -34 -35 -36 -37 -38 -39 -40 -41 -42 42 -44 44 -46 53 -48 59 -50 -51 52 -53 -54 -55 -56 -57 -58 58 -60 60 -62 -63
leaf_value=-0.0067644497328846163 0.054035269410195146 -0.047628360969862345 -0.054514798713130343 0.045805581703499854 -0.020784761850528983 0.039893276405466041 -0.019259907979661525 -0.05272368776923201 0.003811416755298168 -0.049871739186177495 0.035717284307263883 -0.041095410726086523 0.027322276233485154 -0.055401058514172319 0.057627789857521365 -0.029470459364910093 0.020446280562509606 0.071429539681638496 0.016355131926923061 -0.03778354742932942 0.084956317943570461 -0.036632228726997756 0.036112476722990616 0.044555038271009581 -0.032882916229540253 0.0098935648323166484 -0.029797543917604131 -0.016160148433174579 -0.04781555928043725 -0.048527845484504992 0.013166525143103722 -0.015846885424045245 0.022175063195986472 -0.042121924884298008 -0.015176617489635084 0.027123212179025948 -0.051860674140657287 0.068954504028340843 -0.040953433238195301 -0.039639046778107617 0.02146616904916715 0.032652367605093414 -0.028313278448258563 -0.034116546253658085 0.024757752898961198 0.053705235665086094 0.04198884167916369 -0.041993407939792338 0.019439296833632019 -0.034441088480438031 0.0045774802031412999 -0.026238035527893923 0.064574509775054523 -0.00026031151286164442 0.043040667003662353 0.1180343235670178 -0.0097053908166371758 0.034724419694476781 -0.0043091479559432431 -0.022729595209528299 0.041809724220205055 -0.046140824158369308
leaf_weight=42.522781401872635 45.240223094820976 28.956114001572132 266.90364905446768 204.79635977745056 295.00989968329668 30.546348795294762 59.988748416304588 573.08505665510893 46.965126991271973 231.23704614490271 29.10898557305336 344.79677176475525 45.628136225044727 106.15861091762781 170.86519023776054 339.47368009388447 484.81164806336164 43.585167571902275 57.484050154685974 160.38239116966724 63.21750795841217 47.170668691396713 44.613770231604576 61.502834692597389 45.468727253377438 121.37476199120283 82.950323909521103 61.121121644973755 73.910675689578056 52.594096712768078 154.56713892519474 140.47710692882538 158.48991773277521 63.192810863256454 159.1387739405036 61.701894044876099 157.51054566353559 42.414574094116688 76.713848263025284 36.404325872659683 152.82797788828611 108.79309489578009 47.029727384448051 59.430969178676605 79.628887712955475 108.94314385950565 778.52936168760061 142.47161243110895 33.504681602120399 77.924470998346806 95.494636103510857 47.09009413421154 33.934057809412479 43.151821330189705 547.59320859611034 44.697865813970566 94.519293770194054 402.65027681738138 69.05328818410635 119.56041457504034 35.366281688213348 123.03391539305449
leaf_count=278 230 225 3265 1035 2206 207 337 7583 288 2875 173 3515 245 1197 865 2558 2259 185 333 1437 297 322 189 308 223 584 576 380 442 322 854 1210 983 447 974 299 1742 193 668 259 1000 670 291 412 434 584 3669 1202 196 615 661 240 231 260 2445 222 564 1934 385 863 261 1011
internal_value=-0.00020468 0.0130445 -0.0218555 0.0169828 -0.00165757 0.00586432 -0.00393861 -0.0344179 -0.0270807 -0.0277336 0.00293022 -0.0207843 0.0233194 -0.0164821 0.0344488 -0.0122242 0.0257535 0.0127618 0.0216713 -0.0103665 0.0136 0.0220208 0.030594 0.0243239 0.042441 0.0318936 0.00670257 0.0284401 -0.0121654 0.00568619 0.0358101 0.0122415 -0.00183158 -0.0130043 0.00906149 -0.0124979 -0.0373919 0.0251879 -0.0164051 -0.0033523 7.38533e-06 -0.0100579 0.014252 0.0129594 -0.000403762 0.0520653 0.0394639 -0.018934 -0.022079 -0.00607059 0.00788755 0.0163132 0.0203077 0.0383943 0.0478184 0.077112 0.0185425 0.0235641 0.0290102 -0.0242832 -0.00799672 -0.0323407
internal_weight=8557.31 5308.67 3248.64 4841.13 1245.73 2134.82 1317.66 2002.91 1429.82 467.546 1093.2 1162.92 463.986 781.743 355.165 818.124 2706.3 734.626 817.166 675.584 612.369 478.171 1971.68 1289.3 682.374 1067.79 246.74 431.001 221.512 147.602 369.88 766.689 515.202 108.821 691.041 356.712 224.461 163.789 134.198 66.9507 478.65 325.822 155.823 184.3 139.06 215.312 821.052 326.507 86.0988 236.309 158.385 531.902 129.429 152.095 636.905 89.3116 626.212 531.692 471.704 297.398 154.927 169.999
internal_count=60718 31782 28936 27175 8755 13870 9137 20181 12598 4607 6929 9333 2633 6122 1941 5818 13305 3658 4733 4925 3698 2697 9647 6568 3079 5300 1353 2375 1268 826 1995 4430 3488 692 3473 2505 2208 777 1001 466 3260 2260 961 1076 846 1141 3947 2499 518 1732 1117 2499 892 844 2856 411 3220 2656 2319 2326 1124 1299
is_linear=0
shrinkage=0.05


Tree=27
num_leaves=63
num_cat=0
split_feature=29 4 4 29 29 10 7 34 22 7 11 37 18 34 11 21 37 22 34 21 18 11 10 4 10 21 22 1 41 21 1 21 9 22 21 21 1 11 20 21 20 21 20 19 6 41 4 41 4 29 26 22 34 1 11 1 25 11 10 4 4 7
split_gain=884.849 372.037 255.952 166.716 151.768 144.132 91.9601 88.2037 82.9023 71.618 93.8605 108.847 79.5164 71.5903 70.5426 71.9977 68.1961 64.4961 132.333 119.835 63.0756 62.3109 125.963 57.0194 68.2498 55.0414 144.558 88.1293 88.4409 64.7477 78.0093 73.7948 94.4966 62.9565 131.775 105.788 119.798 124.126 91.9218 66.7347 60.809 52.2824 51.4123 54.7773 59.3998 50.8492 50.5767 50.3966 49.5906 45.9875 45.5036 43.7903 42.9856 39.7412 38.6178 36.1651 36.0071 35.2489 51.3336 35.1467 34.5843 34.5366
threshold=0.39363927728458398 1403.0500000000002 1122.0250000000003 0.20636474656222265 0.13902400189691286 0.37440042452090649 0.11373881423048142 0.61394859186234241 1.0000000180025095e-35 0.065455161146245569 1.0000000180025095e-35 4.5122969083559825 0.0074287477867414084 -0.14431643214653408 1.5000000000000002 0.0012911939358669045 -27.215511629992751 1.0000000180025095e-35 0.12609111882843951 0.0012911939358669045 -0.010645560248324413 1.0000000180025095e-35 0.26622865197173029 875.05000000000007 0.033231344495779441 0.0008204484349781081 1.0000000180025095e-35 12.500000000000002 0.020603476959827977 0.00042689144700733272 12.500000000000002 0.00067534136334050589 0.067750891209893138 1.0000000180025095e-35 0.0018350920464602206 0.00097122150553313432 20.500000000000004 2.5000000000000004 27.643431710191162 0.0011549621135986743 45.339118055727631 0.00038737398756234401 60.834321422847644 0.0015652776826992067 0.17791784130417168 0.021545064487443675 563.07500000000016 0.02902889818883236 647.22500000000014 0.089378201396682747 -0.0055495582884594235 1.0000000180025095e-35 -0.024019174091214564 38.500000000000007 3.5000000000000004 28.500000000000004 677.50000000000011 1.0000000180025095e-35 0.43727487626568279 535.92500000000007 1725.0250000000003 0.31375970580917578
decision_type=2 2 2 2 2 10 8 10 2 8 2 10 10 8 2 10 10 2 8 10 8 2 10 2 10 10 2 2 8 8 2 10 8 2 10 10 2 2 10 10 10 8 10 10 8 8 2 10 2 2 2 2 10 2 2 2 2 2 10 2 2 8
left_child=1 3 6 25 41 60 57 9 14 21 11 -11 13 16 -8 42 -12 19 47 23 46 22 -5 50 55 26 29 28 -28 -1 40 32 54 35 39 -27 -37 38 -38 45 -31 -3 -16 44 -44 -35 -10 -19 -40 -29 -15 59 -39 -49 -32 -25 -47 58 -2 -18 -6 -43
right_child=2 4 -4 7 5 -7 8 -9 20 10 12 -13 -14 17 15 -17 51 18 -20 -21 -22 -23 -24 24 -26 33 27 49 -30 30 31 -33 -34 34 -36 36 37 52 48 -41 -42 61 43 -45 -46 56 -48 53 -50 -51 -52 -53 -54 -55 -56 -57 -58 -59 -60 -61 -62 -63
leaf_value=0.048842829954722632 -0.046346139464808665 -0.048336461667605891 -0.048932484531834297 -0.050005873672722891 -0.026675219354180709 0.043075490662063676 -0.028673101657566286 0.049895900924510468 0.059126886271283 -0.043604623953543947 0.0469770061461477 0.050142242725014691 -0.045891029201866079 0.038018578432099243 0.020104092053017719 -0.049563109732708097 0.020331875916669215 -0.044900650930848718 0.053542330018308784 -0.044311942678187249 -0.042708543781050649 -0.02401120143649579 0.08327430924707295 0.042386101527116436 0.066702276112372616 0.049065383341440665 -0.014005591509803066 0.0060222540574052536 0.081870456725361695 0.015457963339608988 0.042374958580448679 0.053215103933845737 -0.017281029735801371 -0.0043826083456956618 -0.033598763593185497 -0.069638664549814502 0.051527421546607721 0.0033811746625161325 0.0073233492683375916 0.072707587082736544 -0.042732492916774223 0.020527451078178559 -0.032953755165067954 -0.040766682172739412 0.051735143551112799 0.0098940152999725077 -0.023339214383963816 0.030692020320862431 -0.052145263411007725 -0.042079424388886955 0.0041106146952439001 0.044144902866697901 0.060206830803483574 -0.036913892166085455 -8.790862981764602e-05 -0.030516603640769815 0.0623279301875478 -0.038661655393363414 0.035504375115154772 -0.042530016598773715 -0.050222965642428875 -0.015464846874248084
leaf_weight=255.15432592481375 35.22216060757637 38.55406366288662 798.10810554027557 30.674217142164707 330.14960839599371 60.414002418518066 165.07320998609066 109.04148582369089 30.887432128190994 153.60581357777119 270.09783511608839 38.780254527926445 56.521854147315025 134.79086976498365 495.48937981575727 51.15860041975975 38.201006792485714 157.79362884908915 62.456008903682232 75.554529696702957 227.81893064081669 338.0197903290391 42.00192192196846 32.844224825501442 126.46882314234972 237.63617786020041 53.428690694272518 71.387632519006729 43.748407259583473 108.80220150202513 231.07923838496208 202.94061432033777 139.27151470631361 60.906114503741264 47.476901203393936 45.126382634043694 45.035507872700691 43.95895104855299 55.949570268392563 233.64221856743097 76.435810603201389 306.08429238200188 35.595073580741882 83.091282144188881 49.494853742420673 44.110012583434582 46.708724714815617 51.465173944830894 93.875130012631416 163.47343647480011 372.02425189316273 44.668952845036983 136.98227430135012 37.632704861462116 69.692389912903309 35.289516143500805 127.0436283275485 409.41316529363394 41.99479977786541 53.204123355448246 295.47892811894417 85.203072793781757
leaf_count=1201 348 292 9801 286 3270 277 1508 522 154 1501 1496 201 362 711 3150 486 220 1398 384 569 2047 2638 201 188 613 1083 314 337 195 507 1081 941 719 319 294 206 206 198 257 1051 395 1795 277 570 263 203 358 260 421 1067 2448 238 625 226 358 245 557 3776 193 312 3933 563
internal_value=-0.000471359 0.00995085 -0.0256367 0.0159419 -0.0160791 -0.0306749 -0.0145165 0.00602416 -0.007003 0.00380129 0.00823085 -0.0247076 0.0123218 0.0145263 0.000787474 0.00759071 0.0324351 0.00783031 -0.0114777 0.0155177 -0.0294474 -0.0149806 0.0270211 0.0219624 0.0449685 0.0246099 0.0179743 -0.010889 0.0291571 0.0268204 0.0200359 0.0282722 0.016769 0.0326253 0.0457545 0.0223945 0.00733741 0.0165807 -0.0111097 0.0538444 -0.00855349 0.00721641 0.0119964 -0.0118903 0.0163078 0.0348525 0.00948672 -0.0279258 -0.0299377 -0.0274586 0.0131287 0.00357035 0.0464013 0.00213698 0.0325358 0.00462653 0.0488146 -0.0328175 -0.00183136 -0.0162581 -0.0377966 0.0126901
internal_weight=8434.23 5964.18 2470.06 4848.29 1115.88 686.043 1671.95 2261.14 1185.32 2152.1 1741.4 192.386 1549.01 1492.49 879.902 714.829 406.172 1086.32 309.348 776.972 305.415 410.696 72.6761 701.418 194.603 2587.16 1415.41 332.038 97.1771 1083.38 828.222 642.984 440.043 1171.74 513.179 658.564 420.928 375.801 194.86 465.702 185.238 429.841 663.671 168.181 85.0899 232.06 77.5962 246.892 149.825 234.861 506.815 136.074 180.941 89.0979 300.772 68.1337 171.154 486.63 77.217 91.4051 625.629 391.287
internal_count=60615 37684 22931 27554 10130 7480 13130 15019 8813 14497 11372 1702 9670 9308 6254 4746 2266 7042 2268 4774 2559 3125 487 4205 1046 12535 7115 1913 509 5202 4001 3099 2158 5420 2424 2996 1913 1707 884 2130 902 2650 4260 1110 540 1079 512 1884 678 1404 3159 770 823 486 1439 433 760 4317 541 532 7203 2358
is_linear=0
shrinkage=0.05


Tree=28
num_leaves=63
num_cat=0
split_feature=29 12 23 22 29 12 12 10 12 22 11 1 12 12 18 29 12 22 12 21 11 21 7 12 12 29 11 34 29 10 12 11 34 7 15 1 26 23 34 21 23 21 18 25 0 23 21 34 21 10 12 12 12 21 0 26 34 20 9 21 11 10
split_gain=839.106 307.745 285.156 214.562 162.631 134.548 137.736 129.042 136.793 121.186 111.131 110.769 96.6649 96.579 94.941 94.2761 91.6239 89.7984 210.021 93.3041 117.438 85.2908 102.958 70.5436 66.5116 59.631 58.3637 55.7973 55.2157 52.0097 59.8321 83.7712 49.8675 47.1428 45.9787 43.6608 42.7321 41.7379 40.017 39.7796 41.5732 39.65 39.1022 62.3787 38.4426 42.1677 38.359 83.7172 37.4697 36.5818 36.1745 42.286 75.8188 43.8415 41.6114 38.2053 49.2952 36.7144 35.7365 45.6736 34.954 87.7046
threshold=0.33940882564742686 34.500000000000007 7.4529968220090481 1.0000000180025095e-35 0.16976623040790675 34.500000000000007 41.500000000000007 0.24945989828264456 28.500000000000004 1.0000000180025095e-35 2.5000000000000004 31.500000000000004 41.500000000000007 61.500000000000007 -0.0072413795610132827 0.1586532314496161 59.500000000000007 1.0000000180025095e-35 28.500000000000004 0.0013108307044690231 1.5000000000000002 0.00097122150553313432 0.26021910945542809 28.500000000000004 58.000000000000007 0.48304541795566974 1.0000000180025095e-35 0.0083588674043060269 0.073760122835437647 0.22195836361527907 47.500000000000007 3.5000000000000004 -0.10094667807242656 0.0035194603794165792 6.6438577436885772e-05 60.500000000000007 -0.010978769071233985 6.4270950687306394 0.65939276182654105 0.00054639701561742446 7.1027668095060141 0.00084956341151054516 0.0052537017705786013 762.50000000000011 0.0080277278919827933 6.313004416171581 0.0018350920464602206 0.19802760886923412 0.00096421126780830621 0.4946604770611473 27.500000000000004 41.500000000000007 53.500000000000007 0.00042689144700733272 0.024039374268423289 0.016167284842638827 0.16855673129241147 58.784176871265821 0.1460722520496617 0.00084956341151054516 1.0000000180025095e-35 0.2442943328809897
decision_type=2 2 2 2 2 2 2 10 2 2 2 2 2 2 8 2 2 2 2 8 2 8 10 2 2 2 2 8 2 10 2 2 8 10 2 2 2 2 10 10 2 8 10 2 2 2 10 8 8 10 2 2 2 8 2 2 10 10 8 10 2 10
left_child=2 3 4 7 28 17 32 8 10 12 11 41 -3 24 23 33 42 21 19 20 -19 49 46 -5 29 26 -9 -26 -1 30 31 -14 35 -4 -29 -7 -18 -28 50 -32 -41 -2 60 -44 -38 -46 47 -23 -10 -6 -30 53 55 -52 -55 56 -53 -56 59 -22 61 -8
right_child=1 9 15 14 5 6 16 25 48 -11 -12 -13 13 -15 -16 -17 36 18 -20 -21 58 22 -24 -25 27 -27 37 34 38 -31 39 -33 -34 -35 -36 -37 44 -39 -40 40 -42 -43 43 -45 45 -47 -48 -49 -50 -51 51 52 -54 54 57 -57 -58 -59 -60 -61 -62 -63
leaf_value=0.039748575378856288 0.042286208772525126 -0.053968457942685927 -0.040804033845915223 0.030093253784798504 0.058281578714706364 -0.030377339107609737 -0.031254277062987695 0.038859893953095775 0.065384837268710194 -0.05065518191956362 0.053123971184672894 -0.061049753792759932 0.066494971326384752 -0.03987923625883151 -0.043024797407855614 -0.049165189588226473 0.046318673634855506 0.056662097266008161 -0.05627846242041256 0.071422520391756256 -0.041958919686245301 0.056262700540391931 -0.042780072339156983 -0.055673137387842631 0.066530484140391741 -0.043035573549003156 0.026839053711681465 0.034801298867618451 0.038748008642782251 -0.042208006965902482 -0.044471447045451945 -0.022843817705775663 -0.052733446100155082 0.0097412487384112255 -0.040871975837947938 0.04079242877531461 -0.033185745910045077 -0.044864229606354777 0.06469259982406915 0.0066535274489082467 -0.041250214736069636 -0.026259867703653558 -0.049752136834655507 0.037333251803951334 -0.026762037196724171 0.016647091224114646 0.067310692855761134 -0.044206228850312043 0.016758344355764617 0.016289508342893468 0.037033832154506202 0.069533026530629649 0.014704291998249153 -0.012684163083238909 0.0049168487579070103 0.010049221892188098 0.014586635349935626 0.052428140039270592 -0.063227604351092689 0.030034766466182194 0.023109488803758169 0.064135460912749395
leaf_weight=507.76055106520653 61.400452837347984 222.3551182448864 62.857935361564159 93.823278956115246 273.8818387389183 67.437436707317829 91.116454184055328 72.929392576217651 202.49586480855942 654.19293947890401 78.86330308765173 81.328454822301865 58.574452668428421 329.88166441768408 321.49602515995502 220.58413732051849 27.997157350182533 76.487925924360752 106.77000777423382 80.842300541698933 42.541428565979004 48.05553837865591 64.634039342403412 32.204719021916389 50.126949846744537 102.9362568333745 30.36186471581459 42.847141347825527 221.21064393222332 130.05758130550385 92.654943108558655 47.532378993928432 160.66598866134882 173.35751741379499 37.765181764960289 31.669710621237755 203.59396151453257 61.211708500981331 51.161868661642075 174.25644817948341 61.197088688611984 32.14001726359129 54.896046102046967 32.878635756671429 103.12154366821051 122.28597769141197 52.561149850487709 36.469976395368576 49.251940011978149 63.980425603687763 98.281878873705864 160.64148189127445 684.35940811783075 270.23356191068888 164.54011733829975 58.642267554998398 54.725192651152611 54.007896073162556 36.984864749014378 45.691496893763542 608.78604538738728 32.760752826929092
leaf_count=2251 327 2822 552 421 1372 552 611 331 1053 9149 368 627 260 3537 3424 2963 155 345 1198 392 247 230 375 372 221 772 147 203 981 1245 661 255 1830 1190 206 182 1658 503 251 979 585 255 340 195 693 798 255 236 225 314 527 731 3306 1596 837 276 247 249 215 229 3385 149
internal_value=-0.000122513 -0.020649 0.012087 -0.00105423 0.0156854 0.00674032 -0.00233831 0.0148983 0.0297586 -0.0332259 0.00384992 -0.0183719 -0.0240841 -0.0176006 -0.0286058 -0.0256594 0.00441093 0.0217643 0.00346234 0.0260374 0.00784729 0.0349694 0.00924255 0.00817683 -0.00702619 -0.0131889 0.00548741 0.0251077 0.0251711 -0.0144715 -0.00616373 0.0264741 -0.0355278 -0.00370907 -0.000650042 -0.00763502 -0.013531 -0.0210905 0.0210993 -0.0167185 -0.00579721 0.0187341 0.0144049 -0.0171317 -0.0174369 -0.00321212 0.0337703 0.0129137 0.0558716 0.0503296 0.0198368 0.0171299 0.0236031 0.00656253 0.000435503 0.0458286 0.055571 0.0166579 -0.0219707 -0.00467693 0.0181831 -0.00602736
internal_weight=8370.36 3121.89 5248.48 1220.44 4791.68 2466.11 1537.21 772.919 505.48 1901.44 253.732 174.869 1247.25 1024.89 447.524 456.8 1277.44 928.901 389.318 282.548 201.706 539.583 201.721 126.028 695.012 267.439 164.503 130.739 2325.56 564.273 434.215 106.107 259.773 236.215 80.6123 99.1071 456.999 91.5736 1817.8 328.108 235.454 93.5405 820.438 87.7747 429.001 225.408 137.087 84.5255 251.748 337.862 1766.64 1545.43 958.368 587.063 488.782 274.009 215.367 218.548 125.218 88.2329 732.663 123.877
internal_count=60861 28948 31913 8825 27208 15956 10548 4608 2855 20123 1577 1209 10974 8152 4217 4705 7984 5408 2626 1428 1036 2782 1096 793 4615 1753 981 630 11252 3985 2740 515 2564 1742 409 734 3304 650 9001 2225 1564 582 4680 535 3149 1491 721 466 1278 1686 8750 7769 4560 3209 2682 1254 978 1086 691 476 4145 760
is_linear=0
shrinkage=0.05


Tree=29
num_leaves=63
num_cat=0
split_feature=29 12 23 22 22 23 29 40 12 12 34 12 34 12 12 10 29 18 21 29 1 11 11 11 23 1 36 11 18 22 11 34 21 21 37 23 12 11 32 29 29 1 11 19 26 11 12 18 11 26 12 10 23 29 22 34 23 32 29 12 21 17
split_gain=776.733 332.767 248.366 203.085 132.059 124.46 122.897 109.498 106.331 106.896 105.399 93.626 107.274 185.956 92.9413 73.7957 70.603 68.8503 66.9448 66.6804 60.8223 110.286 83.985 57.2359 56.8359 53.7783 48.5744 97.8031 70.7997 63.6111 100.365 96.9732 92.9876 49.3058 48.1277 47.9739 54.2118 48.2429 62.5186 47.6742 46.4751 54.0254 47.8938 43.5421 42.089 41.7844 56.1117 37.7732 38.703 35.938 42.237 47.5806 40.687 34.905 40.6666 36.3285 33.4115 32.5523 39.2244 32.4201 31.7504 31.3757
threshold=0.30935183870938604 34.500000000000007 7.4529968220090481 1.0000000180025095e-35 1.0000000180025095e-35 6.7506335214983961 0.10703862176965512 0.02840095802381383 41.500000000000007 61.500000000000007 0.61394859186234241 32.500000000000007 -0.10094667807242656 41.500000000000007 59.500000000000007 0.31349582284520522 0.48518726100840365 0.0059259080898299574 0.0009727433685497391 0.1586532314496161 21.500000000000004 1.0000000180025095e-35 1.5000000000000002 3.5000000000000004 7.2112799407104697 53.500000000000007 45.374808650329349 1.0000000180025095e-35 -0.0038416312197402931 1.0000000180025095e-35 1.5000000000000002 0.28372453567085282 0.0011549621135986743 0.0011718524514872037 -39.530873135041851 6.0494975714022141 46.500000000000007 2.5000000000000004 0.085117627458395365 0.47266859509945902 0.50895706192708967 27.500000000000004 1.5000000000000002 0.00077024367354838763 -0.0073592952160509437 1.0000000180025095e-35 27.500000000000004 0.0013633131832041514 2.5000000000000004 0.014357547915047304 119.50000000000001 0.17261473539647432 6.7742810259497004 0.22180252267244804 1.0000000180025095e-35 0.094401866798917503 5.8045323664021264 -0.19496372074781013 0.4062878324548263 27.500000000000004 0.0011549621135986743 0.0081411290793477128
decision_type=2 2 2 2 2 2 2 10 2 2 10 2 8 2 2 10 2 10 10 2 2 2 2 2 2 2 10 2 8 2 2 10 8 8 10 2 2 2 8 2 2 2 2 10 2 2 2 10 2 2 2 8 2 2 2 10 2 8 2 2 8 10
left_child=2 3 6 5 8 15 59 -5 -3 16 11 26 20 56 17 18 24 34 -2 -4 -13 -22 25 39 35 -23 27 -8 -29 31 -31 -28 -32 47 -15 -10 -37 43 -39 45 41 -9 -43 -38 -17 -7 60 -30 -49 50 51 52 -16 -36 55 -55 -14 58 -6 -1 -47 -24
right_child=1 4 19 7 57 23 10 40 9 -11 -12 12 13 14 49 44 -18 -19 -20 -21 21 22 61 -25 -26 -27 29 28 33 30 32 -33 -34 -35 53 36 37 38 -40 -41 -42 42 -44 -45 -46 46 -48 48 -50 -51 -52 -53 -54 54 -56 -57 -58 -59 -60 -61 -62 -63
leaf_value=0.053897390528177283 0.055464439559158266 -0.052789133368800839 -0.0074236943791455082 -0.05133885554679251 0.045678069211176189 0.036464065950642867 -0.055988407467971193 0.044482618404232926 -0.013909509904538139 -0.038301106151039092 0.056486244969861377 0.049082658517951683 0.01133194884255119 -0.011994330425109855 0.0029988092795299802 0.030552426977434977 -0.025500455776995709 -0.039063843749123417 0.0029394815665901349 -0.048037385685162096 -0.055563701318291241 0.017040454069410137 0.014964889360833143 0.053546600314660346 -0.042293561612494486 0.092999512443088503 0.065417250303333382 0.058176572071792325 -0.0173978830556079 0.058928732075456583 -0.036979052747944732 -0.019193084918672471 0.037571506528399634 -0.038077041080046517 0.034525621079673101 -0.023599984036937083 0.027638240133211939 0.07547073858588893 -0.00016771654094011187 -0.03587771603030792 -0.036807915078086451 0.015765822265278357 -0.04534794549980805 -0.038072057625240553 -0.030794583352678474 0.032704375944244628 -0.055856949205388542 0.010454619233875256 0.067505750356676067 -0.041923936495790931 -0.046758028160630551 -0.020100373392500565 0.053433591674177244 0.041304805046221929 -0.023299672648175885 -0.0030530565434326476 -0.043772659138729429 -0.051544896006289857 -0.047035166497149575 0.026871063173227579 -0.026940497474915438 -0.031259346933079649
leaf_weight=124.04517668485641 277.56146538257599 235.41299805790186 238.7566033154726 217.22971485555172 19.530688099563122 63.388917297124863 49.984297726303339 69.249945655465126 127.9598228558898 361.96435657888651 121.50518934428692 150.80179762840271 30.557840891182423 102.69112803041935 154.48406597971916 51.919696435332298 279.11425821483135 53.355115249752998 77.629827983677387 175.24081218615174 52.713295519351959 39.392415277659893 250.43191161006689 36.580838084220886 54.370580404996872 57.046096317470074 202.97440176457167 85.414451569318771 54.703604586422443 89.059287510812283 101.99232292920351 40.645928554236889 70.906923569738865 51.770499438047409 378.85514832288027 53.126448899507523 94.331806510686874 92.572046101093292 38.756336741149426 131.15787794440985 77.664961736649275 75.758261598646641 55.576522711664438 34.40555951744318 60.583430394530296 58.967893704771996 48.770903214812279 77.34956818819046 48.284224227070808 82.166647985577583 54.820006936788559 161.518404699862 53.954920768737793 108.17131661623716 65.696188390254974 80.514232777059078 275.62577674537897 667.4371222294867 27.430637210607529 1052.1937509477139 35.893592797219753 43.016570240259171
leaf_count=557 1466 3094 1767 2862 170 292 524 357 790 3965 605 848 238 589 873 278 2026 327 409 2398 395 231 1398 178 542 267 998 423 328 415 610 228 324 277 1828 378 538 416 218 1019 564 449 469 208 380 293 487 382 232 593 400 1030 324 480 507 445 2468 9764 318 4754 287 295
internal_value=-0.000622657 -0.0187996 0.0123974 0.000664463 -0.0312812 0.0156038 0.0159065 -0.0247366 -0.0222041 -0.0158693 0.0108133 0.00900499 0.00349809 -0.00322714 0.00505111 0.0328069 -0.00538762 0.0157811 0.0439847 -0.024615 0.0216587 0.0123149 0.0214922 -0.00586542 0.00594138 0.0619724 0.0228549 0.00902217 0.0192561 0.0329099 0.0158065 0.0513008 -0.00640546 0.00493361 0.0197573 0.0118862 0.0224254 0.0318275 0.0531491 -0.012292 -0.00396822 0.00874707 -0.0100955 0.0100769 -0.00248321 0.00265065 -0.0122721 0.0172809 0.0323808 -0.0116548 -0.0057997 0.000269472 0.016054 0.0249065 0.0105805 0.0223768 -0.0382731 -0.0487138 -0.00847677 0.0297212 0.010136 0.00818889
internal_weight=8204.99 3424.35 4780.64 1337.93 2086.41 842.454 4366.64 495.479 1372.01 1136.6 3190.4 3068.9 2195.81 1602.41 1296.23 467.694 774.637 789.283 355.191 413.997 593.402 442.6 389.887 374.76 495.523 96.4385 873.086 367.507 317.522 505.579 261.959 243.62 172.899 232.108 735.928 441.152 313.192 260.066 131.328 338.179 278.25 200.585 131.335 128.737 112.503 207.021 143.632 180.337 125.634 506.944 424.777 369.957 208.439 633.237 254.382 188.686 306.184 714.398 46.9613 1176.24 94.8615 293.448
internal_count=60575 32217 28358 9790 22427 5089 24193 4701 12175 9081 18882 18277 13536 10102 7396 2533 5116 4176 1875 4165 3434 2586 2191 2556 3090 498 4741 2166 1642 2575 1349 1226 934 1219 3849 2548 1758 1380 634 2378 1839 1275 918 746 658 1359 1067 942 614 3220 2627 2227 1197 3260 1432 925 2706 10252 488 5311 580 1693
is_linear=0
shrinkage=0.05


Tree=30
num_leaves=63
num_cat=0
split_feature=29 4 4 12 29 29 12 12 10 4 12 10 12 12 26 12 36 20 11 41 12 11 37 11 21 34 12 7 11 17 21 34 18 26 12 11 11 7 7 12 34 1 10 21 34 18 1 4 0 18 26 7 21 1 12 12 12 37 21 17 26 9
split_gain=742.715 288.456 229.153 160.096 143.336 143.335 118.466 129.273 117.36 90.6067 90.2897 86.6881 71.3565 63.9347 59.0451 58.9896 57.0007 93.4277 55.8294 112.33 51.91 48.5294 65.2472 46.7641 45.6507 45.1951 47.6044 64.2732 57.3738 48.57 70.4071 44.4978 46.435 42.4676 40.7277 40.1643 40.6825 65.5559 39.1252 38.3852 37.9102 37.8059 38.145 35.9369 35.5399 37.5841 52.101 35.3037 33.5384 33.2164 32.9482 35.4896 31.6742 46.8424 47.9847 33.3155 42.3202 33.6777 31.6006 29.3841 29.3057 29.0161
threshold=0.39157741890675668 1403.0500000000002 1122.0250000000003 34.500000000000007 0.19126905493519469 0.1586532314496161 34.500000000000007 41.500000000000007 0.38228988095593647 529.75000000000011 59.500000000000007 0.24945989828264456 30.500000000000004 32.500000000000007 -0.010978769071233985 41.500000000000007 43.806234149684684 61.963052965652345 2.5000000000000004 0.034769540249880868 61.500000000000007 2.5000000000000004 -37.337345673789123 1.0000000180025095e-35 0.00038737398756234401 0.65939276182654105 28.500000000000004 0.55048613727437767 1.0000000180025095e-35 -0.0061377145586120835 0.0016975341745299997 -1.0000000180025095e-35 -0.010645560248324413 -0.014598242926417026 58.000000000000007 2.5000000000000004 3.5000000000000004 0.18902426183635121 0.22501508750754387 116.50000000000001 0.61394859186234241 60.500000000000007 0.049264640731358951 0.00096421126780830621 0.23017183535677591 -0.0031758384100484811 26.500000000000004 720.32500000000016 0.013527246153769911 -0.0098680076319797565 0.017977021770230344 0.079501653078888498 0.00041067057919964796 54.500000000000007 41.500000000000007 59.500000000000007 68.500000000000014 -23.148131146328087 0.00097122150553313432 -0.014892396725326263 0.014357547915047304 0.044764475945961127
decision_type=2 2 2 2 2 2 2 2 10 2 2 10 2 2 2 2 10 10 2 10 2 2 8 2 8 10 2 10 2 8 8 8 8 2 2 2 2 10 10 2 10 2 8 10 10 10 2 2 2 8 2 10 10 2 2 2 2 10 10 8 2 10
left_child=1 4 3 11 25 24 9 41 50 -6 18 12 31 16 -12 -5 21 58 49 59 34 22 -11 -13 -3 26 44 29 -29 30 -28 32 -2 -26 35 38 37 61 -17 52 -15 -8 -43 -14 45 -1 -47 -40 -36 -9 -7 -52 -31 54 -54 -56 -57 -58 -18 -20 -61 -37
right_child=2 5 -4 15 6 8 7 10 -10 13 14 23 43 40 -16 20 17 -19 19 -21 -22 -23 -24 -25 33 -27 27 28 -30 39 -32 -33 -34 -35 48 36 -38 -39 47 -41 -42 42 -44 -45 -46 46 -48 -49 -50 -51 51 -53 53 -55 55 56 57 -59 -60 60 -62 -63
leaf_value=0.070236483987900208 0.02807757120448667 -0.043888241212928371 -0.047313079869126626 -0.054309588503815058 0.045269121730972611 -0.041994433044589184 -0.047910639207262955 0.041740122284034259 0.045692436661327912 0.029029550405119703 0.053474899777828377 0.01995011182441522 0.046971900489552597 -0.050291676163651704 -0.019771698378647368 -0.047313778324564251 0.050678246609844581 -0.047279263723225884 0.069673578153591653 -0.041165151387897732 -0.042374662982452835 0.029728446167485545 -0.045702386046343219 -0.038004546021782527 0.063943905881352112 0.064045911119247553 0.037543376469189843 -0.059691184340728357 0.027824242644753312 0.035408103962734118 -0.026163215138551563 0.031273987786956566 -0.024303926378198521 0.0059151546921766733 0.037232767919214434 0.073988256495423552 -0.034936381067849659 -0.040324862797748696 0.045110784718296902 -0.028271663054719579 0.013984438014273621 0.045760483576395776 -0.038755317942308326 -0.011823585059751512 0.0027177478219865951 -0.0078219436766811985 0.046219124117862942 -0.029954741641714577 -0.022083587734821955 -0.0017320145839538647 -0.041629477146876814 0.04557664277648299 -0.013639573053807405 0.03176580656354562 0.025997715071885932 -0.037242348840223559 0.051605377592923919 -0.0036875147165150828 0.020352151854584277 0.042674514149575321 -0.0020880969427964635 0.012671691018537136
leaf_weight=98.452068537473679 56.130764335393906 42.534695468842983 722.69302868843079 167.49886281788349 259.44480382651091 471.07592311874032 178.4634316675365 49.054258204996586 45.546238780021667 42.804359972476959 29.56134819984436 45.624322772026062 172.60921769589186 62.406065717339516 397.20598026737571 158.24501750618219 181.69980867579579 36.988661922514439 70.980881541967392 47.667748183012009 206.94582854956388 68.480669029057026 91.944795873016119 146.81868081539869 34.1019676476717 67.533953309059143 555.99808040261269 47.511042669415474 30.912776961922646 192.79887887835503 47.039007276296616 83.424309954047203 171.81432506069541 417.89409324526787 64.990256369113922 36.722476616501808 60.168507292866707 35.45958898216486 25.142331793904305 48.914623841643333 36.274482846260071 24.608190510421991 29.183467082679272 30.595866061747074 61.109490342438221 57.898557536303997 194.18393345177174 41.544466909021139 37.627823248505592 421.5576911047101 23.292403720319271 23.374406617134809 208.6147218644619 246.15953296422958 281.56892045587301 56.814693138003349 41.494279839098454 81.881152607500553 162.92989384755492 159.0208180770278 47.48259611427784 40.65329921245575
leaf_count=475 302 353 9889 2349 1407 6170 2082 276 214 325 179 216 1156 565 3184 1446 1046 265 352 334 2343 393 673 1199 186 347 2621 372 170 945 233 496 1235 2657 315 173 403 290 176 254 173 175 303 192 275 264 861 394 215 2495 241 171 1182 1145 1243 283 196 391 921 789 301 259
internal_value=9.9993e-06 0.00958744 -0.0239864 -0.0133303 0.0148797 -0.01401 0.006308 -0.00263974 -0.0312553 0.0201123 0.00385673 0.00436443 0.0150713 0.0105636 -0.014698 -0.027628 0.0168449 0.0282361 0.0138076 0.0297406 -0.0213112 -0.00454501 -0.0219631 -0.0242647 0.00563311 0.023743 0.022534 0.0190948 -0.0251947 0.0210669 0.032574 2.97514e-05 -0.0114051 0.0102933 -0.0126029 -0.0198455 -0.00173288 0.0159726 -0.0337766 0.0150757 -0.0266641 -0.0368355 -9.16842e-05 0.0381193 0.0379044 0.0440386 0.0338069 -0.00165345 0.0154827 0.00279931 -0.0380245 0.0020502 0.0169871 0.0131121 0.00626249 0.0152539 -0.00153462 0.0149089 0.036341 0.0419212 0.032382 0.0417725
internal_weight=8079.17 5774.47 2304.71 1582.02 4716.65 1057.82 2397.76 1454.79 563.289 942.974 1222.53 707.017 514.574 683.529 426.767 874.998 584.848 381.618 795.764 325.152 707.5 203.23 134.749 192.443 494.531 2318.89 2251.35 1839.71 78.4238 1761.28 603.037 311.369 227.945 451.996 500.554 397.936 173.004 112.835 224.932 1158.25 98.6805 232.255 53.7917 203.205 411.644 350.535 252.082 66.6868 102.618 470.612 517.743 46.6668 1109.33 916.533 670.374 461.759 180.19 123.375 344.63 277.484 206.503 77.3758
internal_count=60535 37487 23048 13159 27495 9992 16238 10470 6796 5768 7910 4796 3381 4361 3363 8363 3623 2232 4547 1776 6014 1391 998 1415 3196 11257 10910 9035 542 8493 2854 2033 1537 2843 3671 3141 1125 722 2016 5639 738 2560 478 1348 1875 1600 1125 570 530 2771 6582 412 5385 4440 3295 2113 870 587 1967 1442 1090 432
is_linear=0
shrinkage=0.05


Tree=31
num_leaves=63
num_cat=0
split_feature=29 4 4 12 29 12 12 12 12 11 12 34 12 4 29 34 20 36 11 12 11 41 12 12 29 11 41 4 11 7 4 0 20 7 18 11 39 29 10 10 4 1 20 7 4 12 41 34 11 7 10 10 12 10 11 12 2 17 41 12 4 7
split_gain=677.023 275.411 230.128 192.312 131.826 120.371 97.95 96.7248 85.9365 92.4849 79.4546 85.172 78.4267 71.0652 69.5403 63.0265 60.1254 57.4547 72.0051 53.2499 55.7063 60.6375 51.7717 50.3418 49.4145 48.3036 48.0074 48.3084 60.0649 46.1015 43.1856 42.8777 42.726 42.144 46.176 41.0462 40.116 40.101 39.9056 39.3228 46.4062 37.2418 36.5633 35.1159 33.6837 38.5333 33.5747 33.3894 35.6028 44.495 37.8912 33.2004 31.3759 50.232 31.1141 53.6067 29.982 29.5693 28.7278 28.6306 28.3653 27.1483
threshold=0.33534033189845686 1165.9000000000003 1837.9250000000004 34.500000000000007 0.15431076586924861 34.500000000000007 41.500000000000007 41.500000000000007 33.500000000000007 3.5000000000000004 53.500000000000007 0.17773105983594431 61.500000000000007 529.75000000000011 0.5197876979676197 -0.12309839978499031 57.900079879421689 51.542528196854299 1.0000000180025095e-35 58.000000000000007 2.5000000000000004 0.036113269766408253 26.500000000000004 32.500000000000007 0.1586532314496161 3.5000000000000004 0.016754349459236966 489.22500000000008 1.5000000000000002 0.017660809490056332 563.07500000000016 0.015983448169299138 62.12157487042407 0.22300503825512433 0.00089427091026661476 1.5000000000000002 1.0000000180025095e-35 0.075923964939811836 0.14767497971946555 0.31906370701217068 904.50000000000011 34.500000000000007 68.813079094039495 0.12869396626636001 1160.0250000000003 119.50000000000001 0.052909181394374179 0.65939276182654105 1.0000000180025095e-35 0.47029629605184692 0.42496495537796813 0.12774793483194793 73.500000000000014 0.13791609200094482 2.5000000000000004 54.500000000000007 1.0000000180025095e-35 -0.0088973610330251151 0.027267191908547563 56.500000000000007 1046.8500000000001 0.50233651608160379
decision_type=2 2 2 2 2 2 2 2 2 2 2 10 2 2 2 8 8 10 2 2 2 10 2 2 2 2 10 2 2 10 2 2 10 10 10 2 10 2 8 8 2 2 10 8 2 2 10 8 2 10 8 10 2 10 2 2 10 8 10 2 2 8
left_child=2 3 4 8 36 13 15 -5 9 14 11 57 19 -6 16 35 23 22 -19 20 33 25 51 47 29 38 44 28 -28 -4 -25 -21 39 -9 -35 -7 59 -38 56 41 -41 -20 60 -11 45 -12 -3 48 50 -50 -2 -15 -29 -54 55 -31 -22 -8 -13 -1 61 -24
right_child=1 46 24 7 5 6 10 12 -10 43 26 58 -14 17 -16 -17 -18 18 32 31 21 -23 42 30 -26 -27 27 52 -30 54 -32 -33 -34 34 -36 -37 37 -39 -40 40 -42 -43 -44 -45 -46 -47 -48 -49 49 -51 -52 -53 53 -55 -56 -57 -58 -59 -60 -61 -62 -63
leaf_value=0.022872049981445368 -0.054905413166993738 -0.045771883684145261 -0.046893747559153709 -0.053665946775265122 0.044818724463855965 0.04210105558684922 0.052845847076814202 -0.040379909950658335 0.051451234602657374 -0.0032994845370981686 0.00091337442854869599 0.0081716025031184185 -0.038753479067892109 0.067114826686954607 -0.03090485065117542 -0.045842110049807774 -0.02779571127741471 0.065344995328939864 0.059822389274442105 0.039520212154409623 0.032477234057272146 -0.054959884104663098 0.00796854562111423 0.027829475846093861 -0.050913014034129248 -0.020539443815541261 0.020722071388718542 0.0066863059795937195 -0.050058452460515261 -0.023595561557978009 -0.051818864187102923 -0.02185182277278705 -0.030388765250878552 -0.034633492176684488 0.032586895365794726 -0.026435560204086935 0.037628736457190851 0.021189415902797756 0.063330218594530738 0.03023471412401716 -0.045501054305995429 0.0096332820628272607 0.042021431486544171 0.053588063646794075 -0.035536647504544688 -0.053455787092742513 -0.0013065002032876098 0.066123960855564393 0.012597741798638202 0.064620994844210466 0.031717763904229271 0.0031927621465218862 0.06816246799788582 -0.0092339277499117051 -0.0293639816719398 0.058861528621751237 -0.029998229608311527 0.021929573194240666 -0.054036434543759948 -0.013199011514537061 -0.040671203703363273 -0.035318341290456481
leaf_weight=100.82970236986876 31.876333322376013 788.93230940774083 62.637561954557896 209.74893053621054 229.96405981481075 41.134674571454525 115.54852402582765 215.35228554904461 99.266103908419609 36.491995669901371 244.67482003569603 33.29969797283411 276.34318677335978 39.340791366994381 191.58174756914377 183.07491645589471 112.12519998475909 91.554222524166107 84.978964518755674 94.031608648598194 50.932784393429756 36.952082559466362 117.65741721540689 26.474659405648708 146.31705187633634 66.199332170188427 50.106777392327785 331.92719120532274 74.594762392342091 34.190608203411102 47.648461282253265 40.8119255900383 45.006367933005095 51.661014221608639 50.542652748525143 46.587305031716824 510.32195708155632 1358.4083670154214 57.333082608878613 43.25756673514843 37.988814283162355 65.413112305104733 29.056641511619091 105.71156992018223 151.78202754631639 37.596617192029953 44.867241103202105 38.373119868338108 172.34039499610662 53.973391190171242 20.902754053473473 41.99947863817215 57.424125902354717 33.018509276211262 41.421844832599163 46.541973687708378 30.826248593628407 233.89256532117724 41.924356747418642 121.0605715662241 85.449607726186514 52.33300094678998
leaf_count=531 402 11486 565 3055 1254 259 614 1923 590 329 1456 193 3185 195 1450 2192 817 507 468 468 327 334 642 135 2287 379 298 1959 438 239 437 230 313 558 287 319 2278 6676 260 209 243 405 137 582 1450 345 316 189 1089 244 105 216 345 220 288 311 226 1289 286 624 781 462
internal_value=-4.56561e-06 -0.0190384 0.011092 -0.00945379 0.0139122 0.00648593 -0.00160888 -0.0228753 0.00746315 0.00224938 0.00369533 0.0217632 -0.016224 0.0205644 -0.00526483 -0.0291447 0.00448705 0.0129659 0.0269095 -0.00726126 -0.0140556 0.00400324 -0.00106782 0.0137307 -0.0292057 0.0146165 -0.0041251 0.00572661 -0.0216179 -0.012018 -0.0233708 0.0209453 0.0141895 -0.0278316 -0.00139108 0.0057027 0.0232921 0.0256787 0.0313486 0.0228509 -0.00517747 0.0379926 -0.0111252 0.0389897 -0.016542 -0.00632822 -0.0433792 0.0223933 0.0163806 0.0250047 -0.020599 0.0341091 0.0137999 0.0399068 0.00586532 0.0239406 0.00892162 0.0321526 -0.0264986 0.00319213 -0.0171707 -0.00535769
internal_weight=8013.62 2951.3 5062.32 2117.5 4731.21 2640.59 1676.59 1180.74 936.766 837.5 1405.79 424.665 970.986 964 695.296 270.797 503.714 734.036 368.199 694.643 559.799 242.244 365.837 391.589 331.109 205.291 981.125 547.071 124.702 184.792 74.1231 134.844 276.645 317.556 102.204 87.722 2090.62 1868.73 139.092 231.638 81.2464 150.392 284.497 142.204 434.053 282.271 833.8 317.466 279.093 226.314 52.7791 81.3403 422.37 90.4426 122.154 80.7326 81.759 349.441 75.2241 221.89 255.44 169.99
internal_count=60697 29403 31294 17601 27604 17495 11663 11232 6369 5779 8893 2382 8177 5832 4868 2770 3418 4578 2145 4992 4294 1526 2433 2601 3690 1192 6511 3260 736 1403 572 698 1638 2768 845 578 10109 8954 813 1325 452 873 2022 911 3251 1801 11802 2029 1840 1333 507 411 2524 565 838 550 553 1903 479 1155 1885 1104
is_linear=0
shrinkage=0.05


Tree=32
num_leaves=63
num_cat=0
split_feature=29 4 4 12 29 29 12 12 12 4 10 10 12 4 7 41 12 34 12 10 12 26 12 34 12 26 10 9 20 34 17 21 21 0 20 18 29 21 18 41 7 19 41 17 7 18 34 1 4 7 6 7 10 12 27 12 18 12 21 21 6 10
split_gain=612.755 269.318 218.5 137.497 113.698 106.914 101.186 142.805 103.16 101.082 98.7355 70.8837 67.6566 65.75 75.8375 63.0504 61.5485 52.871 66.4882 50.2024 48.9643 45.4501 41.6186 53.8604 84.7849 94.7684 41.507 39.1461 61.206 43.7796 39.3088 38.6897 52.1093 36.9189 36.8613 36.6333 36.0031 35.6744 32.2555 34.091 43.5366 30.2122 29.7927 29.654 40.1426 37.4333 30.4393 30.9102 35.1072 29.0215 27.382 30.9202 27.3524 27.2572 27.0899 26.4039 26.3669 25.8946 31.031 34.5584 27.6406 25.7177
threshold=0.38521879337732062 1395.825 1122.0250000000003 34.500000000000007 0.19550493244394798 0.12640874451937309 34.500000000000007 41.500000000000007 61.500000000000007 529.75000000000011 0.39462903763979035 0.24945989828264456 32.500000000000007 567.32500000000016 0.29039165338340794 0.10854552861262205 41.500000000000007 -0.06653304366818695 35.500000000000007 0.46124852658936583 61.500000000000007 -0.014598242926417026 119.50000000000001 0.12304051610226364 87.000000000000014 -0.0037398213608679036 0.37440042452090649 0.049816244136602288 56.681931479718664 0.32938320271263383 -0.022738472708755338 0.00082245896259284027 0.00041485151531601175 0.0080277278919827933 46.568874113331994 0.0070586875147594661 0.50670721682457442 0.0004660639838554986 -0.001347174887222746 0.033561157958378947 0.066694214719207653 0.0016367355620030557 0.034219276104927969 -0.0035819420148174527 0.3569735671622824 0.0022751579534044945 0.10365295287789079 21.500000000000004 840.02500000000009 0.22501508750754387 0.00011829314892313129 0.31052106386646844 0.057329826298775276 30.500000000000004 -0.017178851551638227 27.500000000000004 -0.0098680076319797565 27.500000000000004 0.00042110721893447433 0.0005241153030873649 0.04575561050378852 0.25594595480668531
decision_type=2 2 2 2 2 2 2 2 2 2 10 10 2 2 10 10 2 8 2 10 2 2 2 8 2 2 10 8 10 10 10 8 10 2 10 10 2 8 8 10 8 10 8 8 10 10 10 2 2 10 10 10 10 2 8 2 8 2 8 8 8 8
left_child=1 5 3 11 21 57 9 17 35 -7 55 13 19 53 -15 -14 -5 18 -8 27 38 -3 23 24 -10 -26 37 30 29 34 42 32 -20 -27 -29 43 -13 -23 -18 40 -40 49 -11 -9 45 46 -45 -48 -49 -42 -39 54 -32 56 -52 -6 -2 -1 60 61 -59 -60
right_child=2 4 -4 16 10 6 7 8 22 12 -12 36 15 14 -16 -17 20 -19 31 -21 -22 26 -24 -25 25 33 -28 28 -30 -31 52 -33 -34 -35 -36 -37 -38 50 39 -41 41 -43 -44 44 -46 -47 47 48 -50 -51 51 -53 -54 -55 -56 -57 -58 58 59 -61 -62 -63
leaf_value=0.045866276936915494 0.053512869403966358 0.049179606741779222 -0.045503867201316273 -0.053866567704211554 -0.00054001618992549573 0.044512332746161704 0.0558961766922128 0.028145498994302121 -0.018181915429712644 0.030643206590884393 0.046971769053992897 -0.0044705096026761634 -0.042520966820013474 0.022813422352329152 -0.026967614021123684 0.039781631027123683 -0.027935492241601086 -0.050322735229225014 0.02453852305034266 0.057025322463843113 -0.03994095695842953 -0.033782751894262462 -0.048254773864624796 -0.033549994065400497 0.1053257424674786 -0.014053252796900699 0.049349894909442547 0.059750777327263555 -0.0079524150887567285 -0.016538142508794835 -0.041020402247875239 0.02007292723440364 -0.057808786580330687 0.040121664300029253 0.022870292574067305 -0.02930689584832032 -0.048451525898374828 -0.020506907984046648 -0.044804263419226671 -0.042183183704807531 0.0092470145265026171 -0.022153158867487581 -0.023211030066599567 0.027531263059421381 -0.038082709608396006 -0.013649487989778254 -0.026560027988217466 -0.0026121849746234597 0.057553525504581066 0.05193097997969294 -0.022699214161089096 -0.04065379578166245 0.0065084936131261295 0.052669748520476789 0.019747304922862176 -0.04495685322127798 -0.0003405972900040331 0.025947425160468038 -0.011800989625416069 0.024188056723110592 0.068160740229174607 0.032288907805921217
leaf_weight=141.78532686829567 33.46783197671175 42.934490613639355 698.61872988939285 155.06026757135987 36.84156945720315 317.56266281753778 31.573937568813562 434.63467584177852 184.63405107334256 99.196102622896433 34.753448113799095 121.73426798731089 94.906461458653212 160.5803032591939 146.12556027248502 30.829291626811028 180.12244039028883 148.4497608654201 24.870680276304483 71.844170428812504 202.38101314008236 104.59206344559789 63.847981952130795 123.56780670955777 34.209634050726891 66.667977809906006 34.025052145123482 134.51012549549341 119.65949336439371 37.394152037799358 76.330931089818478 37.017097722738981 84.425473142415285 59.527663558721542 136.50979716330767 42.593168877065182 75.323241837322712 128.25842401012778 38.521063651889563 44.898928359150887 143.24859421700239 50.648359227925539 34.651887230575085 374.45922599360347 38.613410037010908 100.34587949514389 60.803931966423988 70.624683611094952 36.921063251793385 55.155871976166964 45.248887188732624 30.400623064488173 50.164138823747635 109.33259147405624 222.05296835303307 364.42348182201385 70.831142067909241 91.469387076795101 127.39854075759649 861.84418492019176 67.317548632621765 44.67203876376152
leaf_count=658 165 257 10228 2387 254 1758 221 2294 1330 519 167 836 756 1060 1165 152 1521 1768 215 414 2435 927 578 939 169 518 154 698 716 233 629 273 774 364 721 241 626 1035 416 408 862 308 269 1903 284 591 341 391 187 327 323 185 301 637 1484 5237 473 419 623 3892 301 207
internal_value=-0.000388939 0.0085169 -0.0222026 -0.0119478 -0.0143952 0.013765 0.00883504 0.00199109 0.0078337 0.0203091 -0.0338765 0.00425755 0.011634 0.0139296 -0.00090403 -0.0223411 -0.02531 -0.028292 -0.00990707 0.017253 -0.0191168 -0.000413201 -0.0103841 -0.0052242 0.00492002 0.0315114 -0.00418459 0.0131023 0.0224006 0.034177 -0.00218655 -0.0241072 -0.0390704 0.0115016 0.0411745 0.0162032 -0.0212818 -0.00761782 -0.0108951 -0.00166326 0.00466312 0.0123143 0.0167009 0.0179395 0.011433 0.0144058 0.0195922 0.00193347 0.018043 0.021113 -0.00119319 0.0071277 -0.0221719 0.0352259 0.012562 -0.0408788 0.0169401 0.0256655 0.0232641 0.0201035 0.0438437 -0.000354607
internal_weight=7885.42 5599.37 2286.05 1587.43 1043.53 4555.83 3221.35 2017.79 1691.45 1203.56 436.018 717.395 885.997 520.337 306.706 125.736 870.037 326.337 177.887 760.261 714.976 607.513 532.455 468.607 345.039 160.405 564.578 688.417 428.074 308.414 260.343 146.313 109.296 126.196 271.02 1159 197.058 530.553 512.595 332.473 287.574 249.053 133.848 1116.4 681.768 643.155 542.809 168.35 107.546 198.404 425.961 297.702 126.495 213.632 267.302 401.265 104.299 1334.49 1192.7 1033.91 158.787 172.071
internal_count=60524 36670 23854 13626 10023 26647 20547 13381 10130 7166 5658 4962 5408 3500 2225 908 8664 3251 1483 4500 6277 4365 3898 3320 2381 1051 4108 4086 2368 1652 1718 1262 989 882 1419 6232 1462 3954 3842 2321 1913 1497 788 5991 3697 3413 2822 919 578 1189 3027 1992 930 1275 1807 5491 638 6100 5442 4722 720 830
is_linear=0
shrinkage=0.05


Tree=33
num_leaves=63
num_cat=0
split_feature=23 12 22 12 12 21 7 10 12 21 22 12 7 34 12 12 10 1 23 1 34 21 1 6 1 12 12 12 23 23 41 41 11 14 41 12 12 1 21 11 12 9 21 1 21 0 34 11 10 10 41 13 21 23 31 25 12 41 16 7 21 34
split_gain=381.719 175.649 194.568 331.963 175.347 168.561 164.354 136.951 125.438 102.594 79.166 215.139 151.623 76.6585 71.4997 99.1643 71.4033 69.1914 67.3066 87.1958 95.2462 66.6917 63.1842 62.5909 62.367 59.4538 55.9728 91.4262 119.699 70.347 68.1697 63.673 55.9033 73.6621 55.7336 55.1298 137.901 109.354 85.3222 65.2394 54.373 53.4814 52.5538 48.7105 45.7045 41.4981 39.9617 38.985 97.528 59.0414 37.1424 36.294 33.1715 33.1084 32.0579 31.1011 30.7644 30.7069 28.7707 25.9896 39.1776 39.2329
threshold=7.2412409171377439 34.500000000000007 1.0000000180025095e-35 28.500000000000004 41.500000000000007 0.0009727433685497391 0.29762849959356513 0.54730766542635367 61.500000000000007 0.0009727433685497391 1.0000000180025095e-35 55.500000000000007 0.29762849959356513 0.054055819294941528 46.500000000000007 47.500000000000007 0.39462903763979035 20.500000000000004 6.2925408884090226 21.500000000000004 0.096441447615936773 0.00082245896259284027 13.500000000000002 0.0071556618184799295 51.500000000000007 27.500000000000004 68.500000000000014 97.500000000000014 6.2298414778502913 6.9177303616978891 0.016565253706447878 0.027881718966799387 3.5000000000000004 -0.069466392725674231 0.039063729975818098 55.500000000000007 53.500000000000007 37.500000000000007 0.0006343896734898744 1.0000000180025095e-35 54.500000000000007 0.17071374785553908 0.00070089828294719284 52.500000000000007 0.00078521935135722172 0.0072236304482830452 0.11281870886095048 1.5000000000000002 0.27659102068915714 0.31349582284520522 0.018007294055687923 0.0086503168938024799 0.00077204360708324016 5.8897086285778171 -0.06794802375391866 827.50000000000011 49.500000000000007 0.0208305272263857 0.0078598644771612127 0.32294708822269397 0.0016975341745299997 0.16855673129241147
decision_type=2 2 2 2 2 8 10 10 2 8 2 2 8 8 2 2 10 2 2 2 10 8 2 10 2 2 2 2 2 2 10 8 2 2 8 2 2 2 10 2 2 10 10 2 8 2 10 2 8 10 8 2 10 2 10 2 2 10 10 10 10 8
left_child=1 2 5 9 32 7 24 47 10 22 13 12 40 35 21 -16 45 -9 56 20 -20 55 54 -10 46 -26 53 28 -28 31 -31 -30 33 -3 -27 36 42 38 -38 -37 44 -11 -6 -43 -12 -2 -7 48 -1 -49 -35 -42 -24 57 -4 -15 -17 -25 -40 60 61 -47
right_child=16 4 3 -5 8 6 -8 17 23 41 11 -13 -14 14 15 18 -18 -19 19 -21 -22 -23 52 26 25 34 27 -29 29 30 -32 -33 -34 50 -36 39 37 -39 58 -41 51 43 -44 -45 -46 59 -48 49 -50 -51 -52 -53 -54 -55 -56 -57 -58 -59 -60 -61 -62 -63
leaf_value=-0.039924143729352171 -0.034441619231133973 0.010266256565279772 -0.0064167908092276852 -0.04479832090589253 0.019846031556376226 0.031381975570503755 -0.042994450687273783 -0.065234715245871863 -0.029795286845599074 0.040171815730216089 -0.050530719567844662 -0.056539810961896086 0.054336008299174336 0.02039347300410688 0.070108132821585303 0.0055091797286118517 0.020094150891752097 0.029091124768358324 0.023057796854142384 0.035428673739036937 -0.065813040632771547 -0.061860140840652569 -0.061466266243106485 0.037213621532548251 0.070961100632105048 -0.020876986012219059 -0.021722037831879357 -0.020995429753073669 0.095894190795275863 -0.026138435569519142 0.052989072735758251 0.012450312992096171 -0.052662397602624859 0.0015996817185729324 0.036805143658907052 -0.0045581769260468292 -0.04191830697532864 -0.052172304316297907 0.010106107385244555 0.065238822594074486 0.057990912106226526 0.030632079640788758 0.062861455498260374 -0.036235367955414002 -0.004979334046886115 -0.0073846403924877528 -0.036277616476372246 0.0556289171355282 0.04598836986497281 0.0027139649073764684 -0.036811274334337445 -0.0012921780939518417 -0.012205695061861373 -0.043474880090257309 0.058393485803930251 -0.038951470002299884 -0.034101736088626482 -0.036248584206266775 0.063147460149788892 -0.048694935459914358 0.040571145791058021 -0.039403442058093582
leaf_weight=43.893045395612717 768.26062026619911 168.55176558718085 35.496001712977886 308.70593276247382 132.8566672578454 33.121528420597315 136.66283489763737 43.779697619378567 318.87587727606297 360.99713877588511 75.05512734875083 153.55991232395172 144.58401983231306 71.329910911619663 68.293715871870518 86.026262171566486 86.045838236808777 34.97164536267519 68.806019641458988 255.59098519384861 53.661628805100918 67.572792172431946 48.022625621408224 30.646331049501896 76.172182604670525 60.740345563739538 107.69336712360382 208.33418525010347 76.743723057210445 53.313031673431396 55.612656246870756 32.561498336493969 140.51105080544949 78.490845166146755 134.84410620108247 42.605409510433674 42.841293908655643 89.980438835918903 42.945676803588867 156.29904148727655 46.554555039852858 60.112958870828152 152.52276928722858 49.796821057796478 206.78332457691431 334.23902690783143 63.978705145418644 613.98748937249184 133.51992157846689 57.666805900633335 317.58146150410175 57.959950659424067 118.51390742510557 114.41564473509789 41.258243206888437 31.973672106862068 113.94467797130346 26.546948485076427 63.173726215958595 56.386920299381018 32.074762769043446 134.03734367713332
leaf_count=297 10299 1271 226 3247 671 172 834 272 2730 1954 601 1531 914 434 304 493 474 186 333 1327 363 444 378 229 361 368 800 1646 466 460 379 219 1482 909 736 246 228 507 216 722 307 326 729 307 1493 3483 417 3315 721 333 3496 410 760 938 254 207 692 187 297 563 293 1459
internal_value=-0.000499019 0.00468285 0.0151844 -0.00147374 -0.00183946 0.0270726 0.00384322 0.039729 0.0030648 0.0172529 0.00973156 -0.00441714 0.010658 0.0160186 0.00552555 0.0131301 -0.0240427 -0.0233468 0.00639821 0.018807 -0.0158827 -0.023238 -0.00911203 -0.0114101 0.0211968 0.0334864 -0.00310455 0.00487524 0.021412 0.042698 0.0142606 0.0710367 -0.0244411 -0.017418 0.0188915 0.0278751 0.0193726 -0.00865086 0.0176385 0.0502883 -0.00568751 0.0308742 0.0428359 0.000336447 -0.0171099 -0.026909 -0.0131985 0.0455794 0.0247331 0.0510858 -0.0291993 0.0251147 -0.0264105 -0.0279475 0.0284211 0.00202552 -0.0170614 0.00311526 0.041682 -0.0165144 -0.0128879 -0.0165496
internal_weight=7822.09 6411.04 2456.24 1022.9 3954.8 1433.34 505.52 927.819 3249.66 714.198 2224.92 684.497 530.937 1540.42 817.2 646.323 1411.04 78.7513 578.03 378.059 122.468 170.876 243.291 1024.74 368.857 271.757 705.867 534.258 325.924 218.231 108.926 109.305 705.135 564.624 195.584 723.225 524.321 238.941 148.961 198.904 386.353 470.907 285.379 109.91 281.838 1325 97.1002 849.067 177.413 671.654 396.072 104.515 166.537 171.609 76.7542 103.304 199.971 57.1933 106.119 556.738 500.351 468.276
internal_count=60716 44145 15464 7452 28681 8012 2888 5124 21523 4205 13469 5256 3725 8213 4597 3512 16571 458 3208 2023 696 1085 1618 8054 2054 1465 5324 3970 2324 1524 839 685 7158 5676 1104 3616 2648 1248 741 968 2811 2587 1400 633 2094 16097 589 4666 1018 3648 4405 717 1138 1354 480 641 1185 416 513 5798 5235 4942
is_linear=0
shrinkage=0.05


Tree=34
num_leaves=63
num_cat=0
split_feature=29 4 4 29 29 7 18 41 10 4 37 10 26 27 18 7 7 25 29 29 40 40 7 40 6 36 20 6 37 7 21 41 4 10 29 18 21 21 7 25 4 25 7 2 21 5 25 18 7 8 4 20 26 29 21 10 21 17 10 21 25 37
split_gain=604.977 216.814 202.801 137.661 99.6451 68.0624 61.7705 59.6734 47.6528 45.9883 43.9946 43.9187 40.355 39.8957 50.5514 39.062 38.0323 37.6008 35.3985 34.2011 31.9553 30.6216 67.8473 40.2752 44.0384 44.9174 43.8579 31.5138 32.6554 30.2835 30.2649 29.9098 28.5905 30.4228 27.0855 35.2337 26.9855 28.8698 26.8576 30.1616 25.9601 25.6842 30.9691 24.7029 25.4337 24.6211 30.3051 26.0735 26.188 36.9249 24.0732 33.5873 33.2895 23.6209 22.5353 22.2675 21.9283 37.5783 26.2198 25.4608 25.7097 21.6697
threshold=0.39157741890675668 1568.1250000000002 1165.9000000000003 0.20185507976374181 0.1586532314496161 0.11373881423048142 0.0077274069037250879 0.016754349459236966 0.37440042452090649 1039.1500000000003 -67.841880495770667 0.42496495537796813 -0.0055495582884594235 0.33310688405797101 -0.0049201968242391638 0.011330682534583395 0.12990669750841002 562.50000000000011 0.10703862176965512 0.48518726100840365 0.013971378449230258 0.072152481385802755 0.024723884487937674 0.048784204625958803 0.26599525763682053 43.806234149684684 61.758740478565691 0.099182356568952995 -32.683380775897547 0.037631239493958184 0.0010323365633201455 0.042558069766870543 994.22500000000014 0.32918025266884482 0.54144127984795831 -0.010645560248324413 0.00041067057919964796 0.00053155586671121469 0.34228868121203232 717.50000000000011 1837.9250000000004 762.50000000000011 0.3569735671622824 -0.75586918574634143 0.0011549621135986743 0.070165451686686572 822.50000000000011 0.004113538637508852 0.067738825067250416 0.082112643669613086 633.87500000000011 53.662292889758419 0.0034991263494981791 0.065157927042667083 0.0012299661360145272 0.25594595480668531 0.0008204484349781081 0.017523364208942099 0.28077064629980314 0.00040127218311154436 807.50000000000011 6.7724113710468705
decision_type=2 2 2 2 2 8 10 8 10 2 10 10 2 8 8 10 10 2 2 2 8 10 8 10 10 10 10 10 10 10 10 10 2 8 2 8 8 8 10 2 2 2 8 10 8 10 2 10 8 10 2 10 2 2 10 10 10 10 8 8 2 10
left_child=1 3 5 13 15 19 7 8 9 12 -7 -6 -5 14 -1 40 -14 -12 29 50 -15 22 -9 24 25 27 45 -24 41 -16 -26 34 56 -34 35 -19 -31 -38 39 -30 -3 -29 -43 -37 -45 47 -47 48 49 55 -2 52 -52 -17 -55 -27 57 58 59 60 -20 -50
right_child=2 4 -4 6 11 10 -8 21 -10 -11 17 -13 16 20 18 53 -18 31 32 -21 -22 -23 23 -25 30 26 -28 28 38 36 -32 -33 33 -35 -36 43 37 -39 -40 -41 -42 42 -44 44 -46 46 -48 -49 61 -51 51 -53 -54 54 -56 -57 -58 -59 -60 -61 -62 -63
leaf_value=0.04129691886170999 -0.036461127537306452 -0.00037218603801411794 -0.048382763215104277 0.047275238892539588 -0.041864399106377792 -0.040825081457682828 -0.050779879445872471 -0.031231796340459802 0.055568394877576512 -0.039462605916493199 -0.065471247262022067 0.042943942313965963 -0.034116007180019732 -0.019044073833570221 0.0070905239290560852 0.048324916674692513 0.0072754693520429292 0.04674786766765171 0.0037399151278545762 -0.043787025094650787 0.01287207944960804 0.039112224253974204 -0.019000402933815469 -0.027847632754667753 0.0026342087312101214 0.00094561696519828656 -0.032994906830884581 0.0008495132137145352 0.024216917476535288 0.058645619292805519 0.056262069854134539 -0.034631686116863111 -0.0070239875167110296 0.036076066391690226 -0.014290751984273577 -0.01809117848827169 0.00240144746331011 0.033826285230006831 -0.03448338186534234 -0.01665573741598728 -0.05080972919638569 0.0082088482579262666 0.071098509179156819 0.012221834906579536 -0.016644720935234142 0.012663334038510455 -0.040478215212993246 -0.020913009996133318 0.021605847975036143 -0.03151349600840643 0.041414477275844921 -0.05108409340501463 -0.015959793038168756 -0.0024098153600342863 0.044612729354409644 0.043997647968244596 0.031655355794991145 -0.028601083490070834 0.049249395338226684 0.0048974025591206442 0.054099718241987095 0.044010969835204673
leaf_weight=306.94328491389751 86.88090917468071 52.281495183706284 588.55604460462928 32.999705392867327 322.88124535605311 89.708193860948086 53.159124970436096 111.84589188173413 23.891842223703861 146.41537100821733 24.512813571840525 16.023098669946194 103.70412429049611 93.250367946922779 143.69540311396122 37.796872720122337 119.38696513324976 46.718672182410955 42.573428764939308 230.47341029718518 493.33988135680556 74.732712976634502 192.21584605798125 70.666776951402426 38.256135225296021 60.558818481862545 43.765264287590981 62.612996969372034 92.123618375509977 85.599446386098862 84.240396838635206 68.622240755707026 246.27196755632758 49.107564255595207 254.68961969763041 125.5199588611722 88.769053019583225 413.69997875392437 59.738387055695057 88.495844691991806 49.824309445917606 34.731598429381847 44.858474235981703 401.74292538315058 94.198069877922535 113.94438413903117 35.089712709188461 32.459978759288788 245.17817172035575 43.393567360937595 47.546497490257025 27.842012640088797 53.99071329087019 160.42748676985502 30.290291078388691 59.588305532932281 222.63191431760788 49.434089139103889 56.272727370262146 282.16386518627405 62.622079715132713 192.7699447311461
leaf_count=1537 918 380 9393 202 5049 905 385 941 130 1704 186 76 888 528 639 206 984 260 229 2453 2436 421 1683 586 216 492 370 419 602 389 471 705 1457 260 2117 1083 429 1856 363 623 502 233 223 3311 718 689 245 228 1700 363 267 348 548 1113 178 333 1093 296 282 1617 325 1121
internal_value=-0.000802719 0.00788459 -0.0233902 0.0115332 -0.0188027 -0.0139151 0.00248059 0.00376307 -0.0130385 -0.0171109 -0.00726058 -0.0378547 -0.00433169 0.0192962 0.0225866 0.000726648 -0.0119654 -0.00429699 0.0192913 -0.0303858 0.00779836 0.00778502 0.00641314 0.00905342 0.0107645 0.00825171 0.0157152 -0.00248358 0.00581521 0.0276674 0.0395139 -0.00278457 0.0132292 0.000141501 -0.000416502 0.00487194 0.0326954 0.0282746 -0.00542106 0.00419106 -0.0249841 0.0248073 0.0436547 0.00172389 0.00673898 0.0184378 0.000151287 0.0227368 0.0250924 0.00801958 -0.0161039 -0.00243355 0.0109067 0.0122148 0.00505843 0.0222978 0.0186307 0.0127497 0.0173575 0.0127244 0.0337187 0.0314678
internal_weight=7707.73 5566.72 2141 4897.2 669.525 1552.45 2260.82 2207.66 426.398 402.506 1105.71 338.904 256.091 2636.38 2049.78 330.62 223.091 1016 1742.84 446.734 586.59 1781.27 1706.53 1594.69 1524.02 1401.52 826.748 574.777 382.561 731.764 122.497 991.491 1011.08 295.38 922.869 668.18 588.068 502.469 240.358 180.619 102.106 142.203 79.5901 621.461 495.941 782.983 149.034 633.949 601.489 163.541 216.26 129.379 101.537 228.515 190.718 120.147 715.698 493.066 443.632 387.359 105.196 437.948
internal_count=60704 37492 23212 29988 7504 13819 16615 16230 3908 3778 9285 5125 2074 13373 10409 2379 1872 8380 8872 4534 2964 12322 11901 10960 10374 9687 5541 4146 2463 3313 687 8194 5559 1717 7489 5372 2674 2285 1588 1225 882 875 456 5112 4029 5171 934 4237 4009 1188 2081 1163 815 1497 1291 825 3842 2749 2453 2171 554 2821
is_linear=0
shrinkage=0.05


Tree=35
num_leaves=63
num_cat=0
split_feature=4 12 22 12 12 21 7 10 12 21 22 12 7 34 10 12 12 34 12 12 21 11 26 10 14 11 4 11 21 12 9 12 21 1 1 12 34 21 21 17 1 12 7 12 11 12 31 25 21 0 4 4 40 11 1 16 9 12 26 10 12 4
split_gain=305.144 168.092 195.201 307.009 149.788 144.446 164.059 145.125 102.43 92.0547 72.3776 198.953 116.917 76.3658 68.0068 58.3467 60.5605 74.5014 57.5727 88.4239 55.6312 70.8564 53.4427 52.0702 51.681 57.0677 51.5436 76.9744 163.675 62.3937 51.3815 50.3187 45.1736 45.0514 44.2528 49.0695 45.1138 44.8558 40.1997 40.1842 40.1459 39.7017 77.0578 64.6551 39.0768 52.9892 68.4554 98.6918 62.593 36.8256 60.1117 38.7859 49.9738 36.7104 34.7993 33.4284 33.0597 32.4661 32.1536 40.1774 31.9087 31.2037
threshold=1413.1750000000002 34.500000000000007 1.0000000180025095e-35 28.500000000000004 41.500000000000007 0.00096421126780830621 0.29762849959356513 0.56650401449481325 61.500000000000007 0.0009727433685497391 1.0000000180025095e-35 55.500000000000007 0.29762849959356513 0.096441447615936773 0.39462903763979035 68.500000000000014 119.50000000000001 0.094401866798917503 46.500000000000007 47.500000000000007 0.0024105775746217106 3.5000000000000004 -0.0091690321436424648 0.35647918279188545 -0.07480389923670859 3.5000000000000004 429.10000000000008 2.5000000000000004 0.00097122150553313432 47.500000000000007 0.1682544095242583 54.500000000000007 0.0013461024591458598 13.500000000000002 51.500000000000007 27.500000000000004 0.12609111882843951 0.0024105775746217106 0.00060531979341098339 -0.0086614383817116471 21.500000000000004 55.500000000000007 0.17926832542857124 53.500000000000007 3.5000000000000004 33.500000000000007 -0.033366918764822721 817.50000000000011 0.0007078170637538798 0.010130591698647067 898.32500000000016 1046.8500000000001 0.0078913406858858223 2.5000000000000004 52.500000000000007 -0.0085093899997976466 0.073663006199007272 46.500000000000007 -0.014598242926417026 0.12149008725537956 32.500000000000007 361.30000000000007
decision_type=2 2 2 2 2 8 10 10 2 8 2 2 8 8 10 2 2 8 2 2 10 2 2 8 2 2 2 2 10 2 10 2 8 2 2 2 8 10 8 10 2 2 10 2 2 2 10 2 10 2 2 2 8 2 2 10 10 2 2 8 2 2
left_child=1 2 5 9 24 7 34 44 10 33 13 12 31 26 58 61 17 22 23 -20 21 40 -17 -15 25 38 29 28 55 -6 -11 32 -12 56 36 -36 -7 39 -3 -37 53 43 -43 -31 45 46 47 48 -1 51 -51 52 -24 -21 -32 -28 -4 -29 59 -2 -48 -10
right_child=14 4 3 -5 8 6 -8 -9 15 30 11 -13 -14 18 -16 16 -18 -19 19 20 -22 -23 49 -25 -26 -27 27 57 -30 41 54 -33 -34 -35 35 37 -38 -39 -40 -41 -42 42 -44 -45 -46 -47 60 -49 -50 50 -52 -53 -54 -55 -56 -57 -58 -59 -60 -61 -62 -63
leaf_value=0.067728709175705629 0.060576348372386103 0.041292955466294884 -0.012157832294270964 -0.044662366903103073 0.061979261911526112 0.040157898200037671 -0.042038715489070712 -0.039703082063267815 -0.0036310121892478182 0.038035246654121911 -0.024863920110982977 -0.055378201757873037 0.047188087717785605 -0.00072116731914512167 0.021311344532978758 0.073791584354615636 -0.035785861857000022 -0.020526096821295834 0.071446210933590645 -0.0094096075064744305 0.055957252006638009 0.046793346249694626 0.059796161910451798 -0.059399990158324305 -0.032085163482835174 -0.051198424843199697 0.0052174125704996452 0.015394216953572099 -0.063040526464995847 0.0071441349544539359 0.025135176457740122 0.023976266899336032 0.030218144413968379 -0.024152310211064978 0.066826934225241538 0.022387863227530433 -0.032424786996428562 0.038556783965678139 -0.0098785528918439013 -0.047303438268516546 -0.00071867188078904125 -0.0127042516311452 0.076426992547375491 -0.057693091056887948 0.064202870974713735 0.062843312391430942 0.051007001049724332 -0.069454306221259629 -0.0047768102497472657 0.0080780468197966023 0.077830958917593618 -0.030796524636145718 -0.0059417082658986152 -0.068230796364375138 -0.030063352161887713 0.04438914393856188 0.052893177203371437 0.062696258370890989 -0.027798890135044399 -0.017322143694581817 0.011644044466418976 -0.046301435115679662
leaf_weight=49.712691083550453 23.066384766250849 67.660585775971413 37.324769034981728 301.88109041005373 45.014316812157631 32.677290964871645 134.81020119041204 55.349360235035419 59.439999677240849 351.48048792034388 239.15076645091176 154.46224722266197 146.0312667414546 90.221218325197697 82.366669550538063 34.394292816519737 132.59638381749392 247.51212967187166 51.705722749233246 55.554497316479683 43.911349788308144 60.396287985146046 39.504332162439823 65.076251067221165 498.40553358197212 45.797103844583035 77.084301620721817 44.367254748940468 53.517998412251472 104.24791645258665 61.49908572435379 106.85316836833954 44.083737406879663 165.47261654958129 74.786297425627708 46.356501340866089 62.079066712409258 125.39371672272682 88.6880390830338 37.349386464804411 245.70999523997307 60.484068021178246 40.477166868746281 60.918284833431244 184.56291230022907 161.90411470830441 256.36997565627098 36.276793248951435 74.186395809054375 108.92412197589874 43.111814990639687 84.562940370291471 107.80252163112164 50.763005677610636 53.299617629498243 185.60024756938219 40.970156989991665 198.8932813629508 1140.1709706149995 58.61454538628459 64.421318516135216 153.45258764177561
leaf_count=247 210 484 247 3296 213 170 855 340 441 1940 1866 1645 939 617 457 192 1206 2048 229 318 237 266 262 407 5658 447 397 212 297 567 334 731 275 1154 366 226 416 695 678 266 1436 326 194 359 1047 1019 1342 223 420 783 282 793 793 328 335 939 253 928 14699 663 374 1314
internal_value=-0.000636716 0.00389124 0.0142964 -0.00242502 -0.00247435 0.0264153 0.00532803 0.0386803 0.00206389 0.0155325 0.00806198 -0.00537962 0.00902557 0.0141134 -0.0226635 -0.0111299 -0.00492826 0.00121703 0.00133259 0.0094767 0.00245515 -0.00324129 0.0140826 -0.0253101 -0.0234364 -0.00211206 0.0238514 0.0329242 0.0166571 0.0075377 0.0285496 -0.00526076 -0.0162907 -0.00936668 0.0221923 0.0320678 -0.00739422 0.0196358 0.0122662 -0.00870825 -0.0118256 -0.00167085 0.0230301 -0.0167698 0.0439236 0.0381016 0.0297729 0.00307801 0.024315 0.00873329 0.0278574 -0.00380631 0.0116877 -0.0374947 -0.000492817 0.0328943 0.0218821 0.054069 -0.0256279 0.00467609 0.0431021 -0.0343878
internal_weight=7648.76 6344.54 2408.16 1011.93 3936.38 1396.24 513.452 882.784 3235.83 710.047 2224.52 690.581 536.119 1533.94 1304.22 1011.3 798.409 665.812 663.338 508.041 456.335 412.424 418.3 155.297 700.551 202.146 870.605 559.463 316.203 311.142 466.279 390.088 283.235 243.768 378.642 283.886 94.7564 209.1 156.349 83.7059 352.027 266.127 100.961 165.166 827.434 642.871 480.967 160.176 123.899 383.906 152.036 231.87 147.307 106.318 114.799 262.685 78.2949 243.261 1221.85 81.6809 320.791 212.893
internal_count=60701 44672 15565 7559 29107 8006 2994 5012 21840 4263 13726 5456 3811 8270 16029 8114 6359 5153 3838 2814 2585 2348 3105 1024 7267 1609 4432 2773 1633 1659 2609 2872 2141 1654 2139 1553 586 1187 1162 492 2082 1446 520 926 4672 3625 2606 890 667 2913 1065 1848 1055 646 669 1336 500 1140 15572 873 1716 1755
is_linear=0
shrinkage=0.05


Tree=36
num_leaves=63
num_cat=0
split_feature=29 22 4 12 29 22 10 29 4 12 12 12 4 12 12 12 21 12 7 0 12 21 14 12 34 21 26 1 18 1 6 4 10 2 21 22 21 12 12 1 34 21 12 22 21 10 4 12 18 34 12 21 36 12 26 12 21 7 29 26 12 12
split_gain=562.097 185.329 165.438 139.038 109.128 100.382 98.8666 97.3346 85.1849 84.6538 99.862 76.5118 69.8474 65.0318 71.8859 55.8515 55.1939 53.0403 51.2574 53.9957 50.6746 49.509 46.6105 47.2572 46.0096 45.7095 44.444 40.9051 40.1117 39.8599 38.9689 42.4709 38.8241 37.0481 35.3587 34.0691 52.9031 33.3187 81.5107 33.0428 32.0649 31.7099 45.1301 31.6839 100.641 39.5972 45.743 43.2142 35.9106 35.7845 33.5914 54.3002 46.2004 30.8875 34.2671 43.2198 30.1961 29.4168 28.068 30.9193 27.4408 25.1898
threshold=0.38521879337732062 1.0000000180025095e-35 1303.7250000000001 34.500000000000007 0.20412411425957727 1.0000000180025095e-35 0.25923001775825533 0.1411178652743437 567.32500000000016 34.500000000000007 41.500000000000007 61.500000000000007 647.22500000000014 30.500000000000004 26.500000000000004 41.500000000000007 0.00074465461709358172 61.500000000000007 0.3569735671622824 0.0069757124667702043 32.500000000000007 0.00087433926013203648 -0.016636691667368891 55.500000000000007 -0.10094667807242656 0.0013292896043993415 -0.010978769071233985 59.500000000000007 -0.010645560248324413 49.500000000000007 0.0047374705433670863 935.57500000000016 0.46124852658936583 0.26421633287114987 0.00043248792436387018 1.0000000180025095e-35 0.00097122150553313432 47.500000000000007 46.500000000000007 61.500000000000007 0.61394859186234241 0.0007112878390854899 53.500000000000007 1.0000000180025095e-35 0.0012911939358669045 0.19750188246743464 440.02500000000003 53.500000000000007 0.0022751579534044945 0.18308110509426825 55.500000000000007 0.0012911939358669045 68.783101168220568 40.500000000000007 -0.0073592952160509437 46.500000000000007 0.00038430802006881719 0.041325401776949634 0.50895706192708967 -0.001930084433276383 67.500000000000014 53.500000000000007
decision_type=2 2 2 2 2 2 10 2 2 2 2 2 2 2 2 2 8 2 10 2 2 10 2 2 8 10 2 2 8 2 10 2 10 8 8 2 8 2 2 2 10 8 2 2 8 8 2 2 10 10 2 8 10 2 2 2 10 8 2 2 2 2
left_child=2 3 7 6 18 21 13 -1 28 12 24 43 35 14 -2 -5 -16 22 19 56 32 -6 23 41 27 -7 -13 34 -3 -23 -28 -32 -14 -18 -11 -9 -37 38 -24 -15 -22 -17 -43 45 49 46 47 -12 -48 -45 51 57 -52 -21 -55 -56 -4 -47 59 -8 -57 -46
right_child=1 8 4 15 5 25 58 9 -10 10 11 26 20 39 16 17 33 -19 -20 53 40 29 37 -25 -26 -27 30 -29 -30 -31 31 -33 -34 -35 -36 36 -38 -39 -40 -41 -42 42 -44 44 61 50 48 -49 -50 -51 52 -53 -54 54 55 60 -58 -59 -60 -61 -62 -63
leaf_value=0.023576570493762786 0.049439040151835478 0.045462345496376802 -0.040165821739129533 -0.053499898143085062 0.031621412161048967 -0.051081960661232266 0.020900941434939344 0.047024501403505031 -0.049564477199719188 0.026078913462160222 0.037895681411524287 0.04050759988854398 0.009029143646744002 0.060307733019452636 0.029494181596618797 -0.038118593320404334 -0.057592778621171903 -0.039219379871769572 -0.051436386755875946 0.0039068865559756969 -0.053588156495628217 -0.057722296041527899 -0.046409467216067556 0.047207070941604118 -0.046079253048566027 0.003776022300461607 -0.042574160499236645 0.033068499175626827 -0.021045486075655054 0.009603089682747562 -0.015744544595060864 0.033321804794511391 0.053277232345150374 0.0068147283234259214 -0.049003139114805992 -0.015174713577548793 0.039590972368181293 -0.032341894425991731 0.059612860165132509 0.0048000357957396871 0.01121979769805612 0.036020894503025362 -0.030137564016846904 -0.031696346215248666 0.067123522039603395 -0.022325786952660867 0.065911039897678478 -0.015109463307627925 0.022578204963262665 0.028876893285587457 0.0036983832820655172 -0.055354353540732454 0.062064135423614143 0.079584350152114292 0.069240681883531371 -0.0064421231707652103 3.66979104165008e-06 0.021385572371534781 -0.04837925549584271 -0.030362621637611682 0.044779338423448105 0.016196046983057443
leaf_weight=1441.1316791921854 64.254653379321098 31.768371522426605 54.659239064902067 134.61376280710101 84.510409843176603 266.59613397344947 53.381217855960131 236.71330331265926 621.41470500826836 22.188421156257391 75.442549549043179 37.851957350969315 477.05806197598577 120.12779088318348 48.99074761942029 51.715831536799669 64.816056087613106 215.30142367631197 39.359527107328176 141.78583279624581 50.004229333251715 41.338161367923021 36.154044680297375 56.70593886077404 147.33143448457122 44.279152184724808 103.8284398727119 45.363661449402571 79.164874546229839 46.957782134413719 249.97977865487337 53.550112377852201 55.322765000164509 34.059559095650911 53.463503554463387 71.869263179600239 114.11138821393251 219.39062353223562 36.360246792435646 34.513864636421204 30.867777749896049 64.395720526576042 42.982936024665833 155.91265317797661 46.630723901093006 56.272432871162891 111.52808436751366 78.427271485328674 83.686986491084099 28.902045261114836 86.303333073854446 42.455831572413445 55.844947263598442 34.738107148557901 40.947365310043097 82.472491174936295 324.71748073771596 121.80082073807716 64.168389640748501 65.51205588132143 38.286152027547359 50.658872131258249
leaf_count=6835 321 166 559 2283 530 4552 326 1329 10245 182 353 211 3026 772 275 353 638 2877 256 889 515 452 373 295 1951 484 931 270 642 379 1939 353 359 192 507 478 646 1899 155 170 151 336 376 1168 236 317 505 396 387 172 399 288 246 179 245 514 2574 587 559 501 238 316
internal_value=-0.000258657 -0.0219603 0.00830093 -0.0113458 -0.00773447 -0.0262857 0.00828134 0.0130552 -0.0423595 0.00752818 0.000686717 0.00590834 0.0188041 0.0232606 0.00528378 -0.0239289 -0.0139037 -0.0184232 0.00411927 0.00716641 0.00802534 0.00426573 -0.00960416 0.00801563 -0.0273155 -0.0432683 -0.0113172 -0.0044715 -0.00199939 -0.0219171 -0.0161328 -0.00708804 0.0136272 -0.0354064 -0.0269819 0.0344422 0.0184276 -0.0226302 0.00675244 0.0479192 -0.0288518 -0.00595334 0.00953812 0.0136247 -0.00055571 0.019245 0.0312657 0.010879 0.0473346 -0.0222237 0.00767484 -0.00454208 0.0266282 0.0216921 0.0345287 0.0248498 -0.00578381 0.00757247 -0.0217294 -0.00734608 0.00979748 0.0406055
internal_weight=7564.94 2139.79 5425.15 1407.44 1240.65 483.682 549.824 4184.5 732.348 2743.37 1707.42 1439.08 1035.95 366.763 212.121 857.621 147.866 723.007 756.966 717.607 613.253 172.806 507.705 215.8 268.347 310.875 445.21 121.016 110.933 88.2959 407.358 303.53 532.381 98.8756 75.6519 422.694 185.981 291.905 72.5143 154.642 80.872 159.094 107.379 993.867 282.104 711.762 349.085 153.87 195.215 184.815 362.677 220.529 142.148 338.23 196.444 161.706 379.377 178.073 183.062 118.893 120.759 97.2896
internal_count=60658 23754 36904 12701 11851 6397 3754 25053 11053 18218 11714 8804 6504 2368 1426 8947 1105 6664 5454 5198 4051 1361 3787 1360 2910 5036 3434 959 808 831 3223 2292 3385 830 689 2453 1124 2427 528 942 666 1065 712 5370 1892 3478 1641 749 892 1340 1837 1192 645 2065 1176 997 3133 904 1386 827 752 552
is_linear=0
shrinkage=0.05


Tree=37
num_leaves=63
num_cat=0
split_feature=29 4 29 4 29 4 34 21 17 1 11 1 11 14 11 34 1 37 20 26 34 26 14 11 34 20 34 34 21 21 32 1 32 40 21 34 11 32 31 34 1 26 11 37 20 41 29 34 19 9 4 1 37 11 34 1 21 4 20 4 4 19
split_gain=516.676 267.556 122.333 107.369 74.6648 52.457 50.4499 59.4074 55.8284 49.9281 47.8308 58.0644 47.4499 44.3805 45.1244 45.0734 44.861 54.106 67.7635 44.1252 50.5064 42.7732 43.0283 86.6506 60.5708 52.5354 42.367 39.7623 38.4111 60.4543 44.844 38.1565 36.4066 36.3328 36.1076 34.8347 34.6346 34.0748 32.1286 31.7555 30.827 29.642 44.645 65.8425 34.5284 31.0018 27.5571 34.6439 27.0102 26.6121 25.6218 24.578 23.5425 48.898 33.3485 46.6478 35.4972 22.8729 22.7823 43.7319 22.572 21.1457
threshold=0.26425425062253155 1312.0250000000003 0.47701787022305336 1160.0250000000003 0.08738608015795539 1788.6000000000001 0.65939276182654105 0.0016975341745299997 -0.014517023128237218 8.5000000000000018 1.0000000180025095e-35 15.500000000000002 1.5000000000000002 0.090573139414732343 1.5000000000000002 0.1495115499744695 48.500000000000007 1.0000000180025095e-35 39.612092684324288 0.012547810987455783 0.61394859186234241 -0.016407979854008544 0.024718766563167075 1.0000000180025095e-35 0.23679646603785956 61.963052965652345 -0.13886962664626304 0.1495115499744695 0.0004052138928074376 0.00073967053420570387 -0.039783054679086098 73.500000000000014 0.013909111336925297 0.013792175318010452 0.00096421126780830621 -0.04726360698852277 3.5000000000000004 0.027869073986919405 -0.020889336594590854 -0.024019174091214564 69.500000000000014 -0.012788505998825505 1.0000000180025095e-35 6.3259580193811473 54.427025375067245 0.016754349459236966 0.37017694872227114 0.51714974125712054 0.00048247658291389334 0.13645166140186191 809.87500000000011 66.500000000000014 -33.889646236403216 2.5000000000000004 0.0015708954072977124 51.500000000000007 0.00092741246494926655 691.77500000000009 45.734978913914269 489.22500000000008 698.02500000000009 0.00013855717109578783
decision_type=2 2 2 2 2 2 10 10 8 2 2 2 2 2 2 8 2 10 8 2 10 2 2 2 10 10 8 10 8 8 8 2 10 8 10 8 2 8 8 8 2 2 2 10 8 10 2 10 10 8 2 2 10 2 10 2 10 2 10 2 2 8
left_child=3 2 19 6 -5 21 7 8 9 -1 11 -10 -4 14 16 -15 17 -12 -19 20 27 -6 33 -24 25 49 57 31 -16 30 48 41 40 -23 -17 -13 51 61 -9 -7 50 44 43 -43 -2 -44 47 -3 -30 -25 -14 -11 -47 58 55 -55 -56 -21 60 -60 -54 -29
right_child=1 46 12 4 5 39 -8 38 10 36 13 35 32 15 28 34 -18 18 -20 26 -22 22 23 24 -26 -27 -28 37 29 -31 -32 -33 -34 -35 -36 -37 -38 -39 -40 -41 -42 42 45 -45 -46 52 -48 -49 -50 -51 -52 -53 53 54 56 -57 -58 -59 59 -61 -62 -63
leaf_value=-0.0055362464239737084 0.044055476545342809 -0.033368277660759185 -0.039724433701021675 0.021688500176833121 0.04112084911767816 -0.0018810449480659028 0.056118834992886203 -0.046380363615731911 0.032212519769061171 0.049629595056313258 -0.015277575435461578 -0.046594035271282093 0.00516991321111346 0.035886939144516052 0.038547171899952132 -0.048271584292235867 0.068299403476862905 -0.013170953832420515 0.053593350065286198 0.02917739461889159 0.041395820989348436 -0.031556165344735924 0.061476440407474069 0.007511845761214532 -0.053772565516989751 -0.040976312458674079 -0.020538503793816124 0.037090870362067305 0.043052701126047949 0.021865092008666272 -0.015399913687392824 -0.053881722845413288 -0.032655231770679125 -0.002278635375056464 0.0089627778574947348 -0.0012941498107354487 0.0095045882979792589 -0.035070432837668551 0.0084204317864422749 -0.042796979918517636 -0.062116867782328278 -0.048155696349990215 -0.0096587116819254262 0.030179688741990996 -0.0015533500373287369 0.031752119365321504 -0.049270652809675769 0.043506699713084372 -0.0073927890770573088 0.059806352727680125 -0.020603519858760924 0.017770396249469536 -0.01287446706828799 0.020839128954410754 0.018333098811994464 -0.044786521022383327 0.071697833016538426 -0.01778194604749336 0.015421332917114412 -0.04152666732846573 0.041656164335387325 -0.020212708563085373
leaf_weight=76.47784661129117 103.86285071074963 244.17090206220746 273.71455441042781 316.5421045050025 57.855352390557528 72.91313049942255 84.883222468197346 54.573091246187687 68.806378491222858 338.66484332829714 61.630360886454582 78.778059910982847 275.38686677068472 42.682073004543781 149.64157705754042 66.063717592507601 81.099060863256454 49.634565319865942 162.21384290605783 78.528824478387833 86.387102432549 163.07398253306746 67.709627814590931 54.335673656314611 46.854246899485588 34.247098479419947 396.84807504341006 33.891387961804867 65.396874465048313 544.48042232915759 264.36482169479132 26.534136138856411 199.53527726605535 302.59733603894711 47.27651097625494 91.998306538909674 88.76408576220274 121.67136232182384 52.452822931110859 135.6373185031116 23.989058379083872 88.119674772024155 199.75994678214192 38.563511125743389 69.108798772096634 131.61232083290815 442.43948909267783 15.591151013970373 44.65380422398448 44.051559410989285 148.38691025972366 73.712666481733322 40.565296567976475 122.13764670491219 74.428525369614363 34.792038798332214 53.606017619371414 38.714779812842607 52.609925355762243 93.849115889519453 35.658902022987604 30.665819115936756
leaf_count=390 670 3600 3113 1651 343 833 485 378 396 1772 303 603 2272 206 829 332 413 291 785 547 454 1473 367 384 325 272 3868 241 348 2716 1537 198 2082 1994 225 473 484 1187 261 1750 227 1153 1812 243 443 864 8140 86 270 232 1485 364 349 892 510 332 309 393 394 805 215 254
internal_value=-0.000297958 -0.0140141 -0.00725167 0.0123272 0.000578279 -0.00624541 0.0182093 0.0169239 0.0185517 0.0320937 0.0142507 -0.0065665 -0.0222719 0.0174091 0.0201845 -0.00790619 0.0356404 0.0259555 0.037951 -0.000164359 0.00433085 -0.000225708 -0.00358133 0.0132787 -0.0049032 0.0123603 -0.0127367 0.00196157 0.0150557 0.0112301 -0.0042354 0.00539027 -0.014892 -0.0125314 -0.024398 -0.0221907 0.0378363 -0.0194913 -0.0195228 -0.028492 -0.00697622 0.00677146 0.00335726 -0.0243097 0.025833 0.00753468 -0.0416811 -0.0287542 0.0225841 0.030926 -0.00385481 0.0439347 0.0129074 0.00802171 0.0217395 0.00628962 0.0406761 0.013671 -0.00953269 -0.0210702 0.0126358 0.00987065
internal_weight=7459.2 3575.13 2872.93 3884.07 1295.82 979.275 2588.25 2503.37 2396.34 577.619 1818.72 239.583 921.013 1579.14 1423.12 156.022 354.578 273.479 211.848 1951.92 1437.82 770.725 712.87 247.198 179.489 132.634 514.092 1351.44 1068.54 918.896 374.416 1165.21 647.298 465.671 113.34 170.776 501.142 186.229 107.026 208.55 447.763 1138.67 965.703 126.683 172.972 839.02 702.202 259.762 110.051 98.3872 423.774 412.378 639.26 507.647 284.964 156.93 128.035 117.244 222.683 146.459 76.2242 64.5572
internal_count=60623 37138 25312 23485 9624 7973 13861 13376 12737 3010 9727 1472 9179 8255 7492 763 1792 1379 1076 16133 11325 5390 5047 1580 1213 888 4808 10871 5700 4871 2155 9189 6066 3467 557 1076 2620 1682 639 2583 3984 8991 7878 1396 1113 6482 11826 3686 618 616 3757 2136 4670 3806 2043 1224 819 940 1763 1199 564 495
is_linear=0
shrinkage=0.05


Tree=38
num_leaves=63
num_cat=0
split_feature=4 12 4 12 12 12 7 12 37 5 6 41 20 7 12 40 4 4 26 26 12 12 27 4 4 41 37 4 34 12 4 12 26 12 41 34 4 12 34 27 7 35 2 6 7 21 28 21 34 26 12 12 21 18 12 9 18 14 26 41 34 9
split_gain=247.867 131.074 144.346 129.559 97.6539 91.8552 71.4355 68.6631 81.6609 59.9958 59.9191 58.0562 58.0549 52.6977 51.4797 48.4625 46.5988 45.6347 48.3135 47.9329 44.73 79.8836 97.7236 49.3471 43.8855 42.8572 69.0943 45.8569 74.9507 63.8826 67.3196 62.3362 60.6583 47.358 42.0856 65.4496 40.6569 38.8723 37.6793 36.8822 36.1351 35.1007 34.8726 33.231 42.0918 34.8059 31.9281 29.9892 29.7451 29.657 40.3946 28.8645 28.8053 28.1309 36.0662 29.6448 27.5409 32.6244 26.0613 25.4823 24.6527 24.5625
threshold=1395.825 34.500000000000007 529.75000000000011 41.500000000000007 32.500000000000007 61.500000000000007 0.32294708822269397 28.500000000000004 -38.821934765802119 0.17290400255401253 0.0053774352863637416 0.018007294055687923 53.767705240465887 0.83505983676150919 37.500000000000007 0.026713416158427119 1017.8750000000001 814.97500000000014 -0.001930084433276383 0.0089283371322727428 69.500000000000014 97.500000000000014 0.0091441974546326871 393.52500000000003 1788.6000000000001 0.033765773037720125 59.073965712871733 727.1500000000002 -0.11076067077424849 47.500000000000007 540.52500000000009 46.500000000000007 0.016167284842638827 53.500000000000007 0.060050925976615301 0.32938320271263383 1046.8500000000001 27.500000000000004 0.61394859186234241 -0.0031307602673658059 0.029373139759293076 0.019761256490233973 -0.50749709525880571 0.00061926947485647249 0.31821453413513962 0.0016975341745299997 -0.0069114625334745763 0.00073414532896908511 -0.013630170918999261 -0.010978769071233985 30.500000000000004 53.500000000000007 0.0016975341745299997 0.0034465911572328927 54.500000000000007 0.022306058370405332 -0.010645560248324413 0.067713807323735456 0.016167284842638827 0.029185103367214731 -0.22810941439868662 0.08530954314197052
decision_type=2 2 2 2 2 2 10 2 10 10 10 8 8 10 2 8 2 2 2 2 2 2 8 2 2 10 10 2 8 2 2 2 2 2 10 8 2 2 10 10 10 10 8 10 10 10 8 10 10 2 2 2 10 10 2 8 8 2 2 10 10 8
left_child=1 2 13 9 6 25 17 8 -8 11 -7 14 -10 15 16 -1 -3 18 -4 34 -12 22 39 -24 43 27 -27 28 -5 31 47 40 33 41 35 48 -25 -20 61 -22 -30 -29 60 -2 45 46 -45 51 59 -48 58 -31 -26 54 -44 -55 -17 -58 -51 -19 -35 -6
right_child=24 3 4 5 38 10 7 -9 12 -11 20 -13 -14 -15 -16 56 -18 19 37 -21 21 -23 23 36 52 26 -28 32 29 30 -32 -33 -34 42 -36 -37 -38 -39 -40 -41 -42 -43 53 44 -46 -47 49 -49 -50 50 -52 -53 -54 55 -56 -57 57 -59 -60 -61 -62 -63
leaf_value=0.057667367991681623 -0.028794057407093138 0.0388238348390142 0.050996866480849279 0.050629189476567693 -0.024091146057126055 -0.029625787367026604 0.050423388729755395 -0.055291946834716048 0.021657599029463168 0.04335517549893203 -0.023306208825704527 -0.035168059191070612 -0.02582842057828981 -0.023346781587899046 -0.037854036126020639 0.058968055014754155 -0.02599513423254542 -0.03131882783122647 -0.013295253822895516 0.035463062136504721 0.033355018695068454 -0.019014520606928299 -0.030056542247705237 0.041688387062006498 -0.034169169983915511 -0.017940797117415763 0.042059783457922162 0.039063301209373548 -0.031276735853978714 -0.00055575769478101282 0.038434877426006236 0.065784517568258385 -0.022756763328587469 0.012016986957987358 0.040415164119556958 -0.055124610173634729 -0.008456017125917965 0.031866040013651321 0.0038551300612182809 0.10600517040533526 0.03509528348071006 -0.001990409571434734 0.045815623562744837 -0.034795878674861329 -0.045895540761830528 0.049440457300276804 0.033311007424908758 0.033494112411104005 0.013955785103164052 -0.0031949006983236147 -0.015711085471966559 -0.032655577924394261 0.030988199601785352 0.028192933622625694 0.007396781729599915 -0.03248226719861292 0.027965689216229161 -0.017657811557847503 0.050040452890143562 0.014291830583843552 -0.030405100803214066 -0.065930106926352469
leaf_weight=199.13113281130791 235.00356340780854 81.832141440361738 171.6680197045207 163.20628316700459 98.559509187936783 285.31056652590632 69.015765815973282 62.381639990955591 96.293609190732241 33.477932225912809 186.96308056637645 446.22620345652103 194.11584029719234 37.644975628703833 65.867760382592678 57.702585428953171 41.937286242842674 86.157107152044773 76.094483476132154 139.9447238072753 31.928351890295744 202.5806923173368 67.635346848517656 96.186290994286537 483.23080760240555 288.66885202005506 57.546315439045429 187.82370240613818 36.292912539094687 157.59330853074789 95.777602598071098 92.789072379469872 171.19997823238373 49.009346943348646 63.736997492611408 53.090898767113686 69.725957777351141 127.46102878451347 77.244914270937443 38.577267859131098 47.146159291267395 72.033718511462212 78.404823776334524 75.785855043679476 60.272866919636726 31.230642836540937 59.056193985044956 36.219231076538563 257.90113036334515 46.451438251882792 244.92322687804699 126.04512105882168 17.579419143497944 28.58216929808259 276.5754618383944 68.084331806749105 273.72329476475716 45.730032730847597 45.517276417464018 47.509036101400852 113.69423908367753 54.464003268629313
leaf_count=1286 2909 678 971 838 1087 2642 349 837 535 237 1538 4882 1214 378 820 317 535 679 514 809 217 1667 529 599 7698 2148 325 1129 222 937 549 427 1273 297 382 459 595 804 471 238 282 474 410 861 655 221 594 200 1733 402 2850 718 225 162 1754 542 1563 284 244 290 802 419
internal_value=-0.000453117 0.00377987 0.0132279 -0.00192033 0.00562873 0.00235489 0.0104466 -0.00686905 0.00153521 -0.0218841 -0.0103383 -0.025319 -0.0100831 0.0339687 -0.00214351 0.0377127 0.016861 0.0175823 0.03146 0.00955064 -0.00240435 0.00530906 0.0215151 0.00594039 -0.0202796 0.00814305 -0.00796777 0.011241 0.0206302 0.012358 0.00166172 0.0375852 0.00445946 0.00978934 0.00241779 -0.00302873 0.0206148 0.0149835 -0.0246123 0.0731057 0.00622591 0.027683 0.00222068 -0.0130004 -0.00641066 -0.00167898 -0.00506329 -0.00934956 0.00403472 0.00062763 -0.00510167 -0.0148205 -0.031882 0.00937063 0.0158824 -0.0145419 0.027177 0.0214346 0.0231524 -0.0151074 -0.0176268 -0.0389824
internal_weight=7383.56 6084.51 2289.57 3794.94 1675.64 3125.6 1445.37 421.807 359.425 669.341 978.908 635.863 290.409 613.932 189.637 576.287 123.769 1023.56 375.224 648.34 693.597 506.634 304.053 233.548 1299.05 2146.69 346.215 1800.48 755.07 591.863 415.635 176.228 1045.41 874.208 508.395 444.658 165.912 203.556 230.268 70.5056 83.4391 259.857 614.35 798.241 563.238 502.965 471.734 319.858 391.567 395.948 336.892 283.638 500.81 451.647 354.98 96.6665 377.156 319.453 91.9687 133.666 162.704 153.024
internal_count=60706 44047 15381 28666 11553 21514 9576 2935 2098 7152 8025 6915 1749 3828 2033 3450 1213 6641 2289 4352 5383 3845 2178 1723 16659 13489 2473 11016 4173 3335 2404 931 6843 5570 3543 3161 1194 1318 1977 455 504 1603 3967 8736 5827 5172 4951 1855 2702 4090 3496 1655 7923 2868 2164 704 2164 1847 646 969 1099 1506
is_linear=0
shrinkage=0.05


Tree=39
num_leaves=63
num_cat=0
split_feature=29 22 29 4 12 22 21 1 12 21 7 10 4 12 12 10 34 12 12 41 21 11 4 21 11 11 6 34 11 11 1 12 12 11 5 11 1 7 4 1 37 4 34 37 10 10 1 19 29 29 10 11 7 1 11 7 7 7 0 21 11 6
split_gain=478.403 156.354 151.619 194.177 135.124 85.0855 317.414 135.249 116.494 106.877 133.256 83.871 79.83 75.9552 76.1913 72.9117 69.7551 80.2975 67.689 65.2308 64.4208 91.6008 62.2981 63.9372 72.0268 60.7818 58.0004 55.7047 130.198 52.2635 50.6072 48.4399 49.4444 45.447 44.0107 43.4289 42.3643 40.2508 41.1563 39.8663 43.8207 37.9518 36.4723 35.523 35.4836 34.2518 34.1469 33.6602 33.1612 31.945 31.5821 52.327 31.3887 28.7114 28.7 28.836 28.5352 28.1042 26.9758 25.7175 35.2398 35.3933
threshold=0.39157741890675668 1.0000000180025095e-35 0.12640874451937309 1725.0250000000003 34.500000000000007 1.0000000180025095e-35 0.00097122150553313432 36.500000000000007 34.500000000000007 0.00097122150553313432 0.25163182492513897 0.25923001775825533 567.32500000000016 41.500000000000007 119.50000000000001 0.54730766542635367 0.098462464018067478 53.500000000000007 30.500000000000004 0.015673714466260591 0.0012418158609305509 1.0000000180025095e-35 545.05000000000007 0.00089689293817927639 2.5000000000000004 1.5000000000000002 0.070540225464114523 0.14045481321073097 1.5000000000000002 2.5000000000000004 31.500000000000004 41.500000000000007 61.500000000000007 1.5000000000000002 0.13501615881431558 2.5000000000000004 1.5000000000000002 0.011330682534583395 1815.0250000000003 22.500000000000004 29.849552934656845 1165.9000000000003 -0.16279008926980407 6.7724113710468705 0.32373169605842084 0.044246879125092113 51.500000000000007 0.00068253982041399663 0.23751178900129702 0.078209369387906902 0.085138287036399821 2.5000000000000004 0.20582994218409725 12.500000000000002 1.0000000180025095e-35 0.033765213534501508 0.11510776186387721 0.067738825067250416 0.043730610855844648 0.0011549621135986743 2.5000000000000004 0.074214732757648214
decision_type=2 2 2 2 2 2 8 2 2 8 10 10 2 2 2 10 8 2 2 8 10 2 2 10 2 2 8 10 2 2 2 2 2 2 10 2 2 10 2 2 8 2 10 10 10 8 2 10 2 2 8 2 10 2 2 10 10 10 2 10 2 10
left_child=2 4 37 5 11 8 27 36 9 15 46 18 42 19 16 -4 17 57 29 -10 35 -22 25 33 -25 -19 -23 58 -29 30 53 -6 41 43 -21 48 -8 38 -1 40 -18 50 -3 -24 59 -27 -11 52 -9 -39 -33 -52 -35 -2 55 -13 -38 -15 -7 60 -41 -62
right_child=1 12 3 -5 31 6 7 20 13 10 -12 54 -14 14 -16 -17 39 22 -20 34 21 26 23 24 -26 45 -28 28 -30 -31 -32 32 -34 47 -36 -37 56 49 -40 44 -42 -43 -44 -45 -46 -47 -48 -49 -50 -51 51 -53 -54 -55 -56 -57 -58 -59 -60 -61 61 -63
leaf_value=0.01041132789331236 -0.019537504850851845 0.024503346871444377 0.048364528039637478 -0.041914954023688479 -0.053222286544053601 -0.042942708511467385 4.6565113982485382e-05 0.029688664437344983 0.036333192625126291 -0.0067530561842271729 -0.04449869677302587 -0.030123988936345481 -0.049172643089473868 0.018348918661989774 -0.04817353162814747 -0.023889493221904895 0.0027675318109388791 0.025230266582299706 0.048744302344726959 -0.044580200392240393 -0.057006139325732223 -0.026785363201648593 -0.033202962149001557 -0.059756327569053948 0.034477963972537551 -0.0030635473798644964 0.048279047117919201 0.079359408303764215 -0.045425516697501146 0.042210918646147358 -0.046581118533797039 0.018213006976725815 -0.0402613708211393 0.042874163951890643 0.013954793265604011 -0.052413410050798727 0.014774008189796965 0.033592317602685558 -0.046051427265800748 -0.0111354849659378 -0.053783772325321555 -0.043005371547277821 -0.033338527373236525 0.03327472794928122 0.035875734666683305 -0.054299873329287124 0.041080920140888093 0.016786782369498616 -0.037851729632966451 0.017624464667024674 -0.037276319441966181 0.0055468215949784714 0.093061186658650222 0.043115331900875395 -0.038953436879177329 0.02952749371961267 0.064791975955764247 0.059604240800584962 0.010394766115501218 -0.029623688730263956 0.054082435318041647 -0.0086057175927078695
leaf_weight=278.52228407561779 33.594355426728725 58.535318937152624 404.70826994255185 239.01000281050801 123.65241580829024 448.91770448163152 39.566290210932493 43.341466952115297 39.532847017049789 51.798112656921148 97.586031530052423 37.90774717181921 549.6728120483458 59.255997821688652 59.086844321340322 38.211724691092968 64.186016481369734 70.617074344307184 144.63717070221901 171.86268803477287 33.827594239264727 32.073083359748125 39.126942627131939 44.697963178157806 37.115147441625595 57.418225787580013 130.19626763835549 34.256496138870716 53.626985505223274 60.91248856112361 62.548724338412285 111.72623755782843 196.92265589535236 97.025952190160751 39.4906424023211 75.51263739913702 34.163805842399597 508.33830609917641 36.503871202468872 140.84416604042053 73.462440196424723 75.530355773866177 50.996565956622362 41.314462572336197 70.984640195965767 75.522211380302906 133.38297840952873 70.581653133034706 31.296907611191273 816.03052527457476 126.20397958904505 164.08299205079675 45.890821643173695 40.127709906548262 92.446261584758759 43.517417810857296 172.44791065901518 136.08639594167471 25.027104325592518 71.451762437820435 55.166249915957451 38.043177992105484
leaf_count=1397 228 348 2421 4219 2272 5112 324 227 323 313 612 224 9898 305 601 209 383 445 935 2063 365 235 284 268 234 381 835 189 482 308 559 631 2816 567 270 551 246 2414 360 869 508 991 455 229 375 467 787 400 269 4170 1132 950 217 277 911 226 960 657 121 492 306 196
internal_value=-0.000486651 -0.0215347 0.0072653 0.00167951 -0.0115645 0.00467474 -0.00642208 0.0191118 0.0101851 0.0267993 0.00278409 0.00838392 -0.0414055 0.00264381 0.00734567 0.042131 0.00989104 0.0193677 0.0227651 -0.0226168 -0.00103245 0.0178396 0.0100198 0.0220881 -0.0170062 -0.0122573 0.0334423 -0.0333466 0.00321496 0.003709 -0.0135012 -0.0244538 -0.0191796 0.0329693 -0.0336431 -0.0256793 0.0474446 0.0199324 0.00386867 -0.00438738 -0.0274137 -0.0104862 -0.00242705 0.000939779 0.00403126 -0.0321704 0.027701 0.0450373 0.00136804 0.0237535 -0.0043765 -0.0130708 0.0589893 0.0145651 -0.0198887 0.00175655 0.0565214 0.0470897 -0.0401262 -0.00336785 0.00464752 0.0284964
internal_weight=7330.13 1973.02 5357.11 3717.72 1313.81 3478.71 1154.25 592.426 2324.45 725.687 282.767 515.692 659.205 1598.76 1347.88 442.92 1288.79 774.653 341.82 250.886 346.248 196.097 579.31 375.753 81.8131 203.558 162.269 561.828 87.8835 197.183 136.271 798.119 674.466 293.94 211.353 150.151 246.178 1639.39 315.026 514.138 137.648 477.544 109.532 80.4414 376.49 132.94 185.181 213.498 74.6384 1324.37 402.013 290.287 142.917 73.7221 173.871 81.4252 206.612 195.342 473.945 305.505 234.054 93.2094
internal_count=60819 23161 37658 29317 12460 25098 9916 4012 15182 4342 1712 3668 10701 10840 8184 2630 7583 4454 2307 2656 2482 1435 3492 2199 502 1293 1070 5904 671 1372 1064 8792 6520 1697 2333 1047 1530 8341 1757 3129 891 3704 803 513 2238 848 1100 1184 496 6584 2713 2082 784 505 1361 450 1206 962 5233 1863 1371 502
is_linear=0
shrinkage=0.05


Tree=40
num_leaves=63
num_cat=0
split_feature=29 4 29 4 34 29 7 18 26 41 36 4 11 7 14 18 10 1 21 4 8 34 21 21 11 1 34 26 34 4 7 41 10 29 29 10 11 7 11 10 1 7 11 11 7 14 4 26 11 7 34 18 21 32 11 17 21 34 11 26 36 27
split_gain=470.116 250.561 122.08 82.0309 59.1984 61.5969 50.7184 50.2771 48.0171 49.9958 54.4898 45.4326 52.4104 82.9736 61.7944 47.1276 51.2696 46.2689 42.8395 41.3667 41.2684 62.3025 38.3261 47.1779 45.4589 60.155 58.1181 50.7633 44.7725 38.0514 36.9513 36.4086 35.6499 36.0281 32.3256 31.3979 30.6313 42.7276 81.1311 31.2354 29.1302 37.0056 90.6583 39.6085 55.2578 33.423 30.5199 27.6706 27.2248 28.4252 27.122 26.7278 45.5252 25.7784 25.6856 24.7228 23.4963 35.1309 23.2153 23.8103 23.2048 24.5506
threshold=0.24614391330214966 1374.2500000000002 0.47701787022305336 1837.9250000000004 0.61394859186234241 0.071585606949493355 0.11790816093789211 0.0077274069037250879 -0.010978769071233985 0.016889529728730666 98.006334979023364 1079.3000000000004 1.0000000180025095e-35 0.30336339179726318 -0.084404509451003085 -0.0037406498613692936 0.32918025266884482 24.500000000000004 0.0016248171638097576 949.82500000000016 0.029246078936547237 0.25727384294467653 0.00091978065087783842 0.00038430802006881719 1.5000000000000002 48.500000000000007 0.16855673129241147 -0.0055495582884594235 0.23017183535677591 809.87500000000011 0.017660809490056332 0.015351206849302187 0.35113148269407579 0.3610251695878024 0.1586532314496161 0.4946604770611473 1.5000000000000002 0.18700939513128204 2.5000000000000004 0.3384188320596721 73.500000000000014 0.062184492974999277 1.0000000180025095e-35 1.0000000180025095e-35 0.10372683888905265 -0.15020788719204373 702.52500000000009 1.0000000180025095e-35 2.5000000000000004 0.084964713182174897 -0.11076067077424849 6.2398627101889495e-05 0.0010580657030479152 -0.038768492639285994 3.5000000000000004 -0.045418468263460209 0.0018350920464602206 -0.04988747427191647 1.5000000000000002 -0.0055495582884594235 41.868349467749333 -0.0050263211081626449
decision_type=2 2 2 2 10 2 8 10 2 10 8 2 2 10 2 10 10 2 10 2 10 8 10 8 2 2 10 2 10 2 10 8 10 2 2 8 2 10 2 10 2 8 2 2 10 2 2 2 2 10 8 10 10 8 2 8 10 10 2 2 10 8
left_child=3 2 7 4 5 -1 -4 8 19 10 36 12 13 17 51 20 31 -7 22 35 56 -22 23 -16 25 28 27 -26 -25 58 -5 -17 -3 -34 48 -2 39 -38 -39 -10 41 42 -11 44 -43 46 -45 -19 49 -32 -21 -14 54 -29 -53 -47 57 -13 -8 -60 -33 -62
right_child=1 32 6 30 -6 11 29 -9 9 40 -12 15 14 -15 18 16 -18 47 -20 50 21 -23 -24 24 26 -27 -28 53 -30 -31 34 60 33 -35 -36 -37 37 38 -40 -41 -42 43 -44 45 -46 55 -48 -49 -50 -51 -52 52 -54 -55 -56 -57 -58 -59 59 -61 61 -63
leaf_value=0.030860878090530633 0.015064218482451257 -0.046940524246576736 -0.040063582617928979 -0.046495964474114519 0.053422999252890097 0.042593345179795003 -0.025283305099000383 -0.051337545929497665 -0.045604729295351809 0.043265037748008883 0.065322988288326334 0.037356719272099659 0.05450150110643736 -0.054588317490477323 0.039721826832372742 -0.029101243282029787 0.043065638576178969 0.018955815827968601 -0.036015353316655334 0.030546647808304885 0.072000022354634249 -0.0020607902208857431 0.029268098455002056 -0.0071359875300844814 0.038746981206013206 0.07192489333970796 -0.048093882953359667 0.01301702844564649 0.054787231338048817 -0.031050968328601731 0.066705388049750985 -0.017177871593122764 0.03538141349108772 -0.041012002623373039 -0.042562899130719603 0.054032733029934769 -0.022428713047223561 0.059908177428705349 -0.042333095887129094 0.025050173667045674 -0.040803988641862451 0.057099858079785182 -0.029176835039242139 0.056919553942345297 -0.050417523264478625 -0.040249020080216774 0.0052854102081011257 -0.035432221452969502 -0.021881018266563971 0.0038879417651482258 -0.035094756327662444 0.051176701008313313 -0.015401459392321591 -0.013289171604724585 0.0072573812680626877 0.0084936451064846 -0.036350801002472982 -0.01602087825211989 0.023239469155238411 -0.0074985664065784739 -0.019430449568929174 0.014640117939754406
leaf_weight=441.11418852210045 132.03818971663713 528.12975500524044 281.93834608048201 70.280181307345629 95.644022181630135 70.501330509781837 109.42116035893559 47.833928856998682 141.12979509308934 55.133037511259317 19.475364442914724 65.397472403943539 135.35473171621561 65.461288072168827 112.29707217216492 168.30647628381848 50.651523910462856 42.553867720067501 42.469096064567566 23.420265235006809 69.435681238770485 48.045749887824059 341.33389739692211 110.01516999676824 83.892284259200096 51.532230768352747 61.864058777689934 144.2396614253521 39.733258962631226 226.77048782259226 29.169016987085342 159.62726245075464 27.818208031356335 34.667299460619688 38.778177417814732 84.945383578538895 209.54744296520948 49.963255278766155 31.722884956747293 17.592249631881714 37.943555343896151 15.105365190654991 199.34748749062419 68.601392291486263 57.212169293314219 26.845780223608017 49.103089693933725 51.91736052185297 42.870621956884861 47.068297274410725 47.9646578989923 118.732615634799 50.476280726492405 262.81209125742316 46.261075437068939 840.29978833347559 31.211260110139847 58.310860205441713 89.458610728383064 213.0283615142107 69.377147451043129 222.27761495113373
leaf_count=2047 898 10626 3483 947 575 355 1168 442 1690 373 127 398 771 594 626 1445 255 221 234 153 361 268 1696 627 472 270 302 808 200 2597 209 1053 160 304 763 482 2204 337 418 102 279 104 1991 388 865 192 361 319 317 331 477 622 248 1468 258 6440 200 377 619 1880 437 1421
internal_value=-0.000338974 -0.0128865 -0.00715892 0.0126604 0.0146588 0.0135057 -0.0224001 -0.000648583 0.000501964 -0.00250308 -0.0165581 0.010746 0.0153366 -0.00695835 0.0185455 0.00182694 -0.00530034 0.0119413 0.0133419 0.0194577 0.0193635 0.0417118 0.0150775 0.00948678 0.00498425 0.0253291 -0.00242343 0.00333152 0.00929431 -0.0146027 -0.0163371 -0.00925428 -0.0427151 -0.00700207 -0.00291245 0.0303197 -0.0201022 -0.0104713 0.0202027 -0.0377736 0.00238573 0.00363513 -0.0134824 0.00775563 -0.0279598 0.0103782 0.0353792 -0.0109335 0.00999662 0.0279224 -0.0135588 0.0370889 0.0261506 -0.00396751 0.0388626 0.00698463 0.00241602 0.0121968 -0.00554727 0.00159201 -0.00185231 0.00653561
internal_weight=7205.47 3666.46 3075.84 3539.01 3310.85 3215.2 920.617 2155.23 2107.39 1819.02 469.431 2774.09 1831.45 230.434 1601.01 942.641 670.24 164.973 1250.19 288.368 272.401 117.481 1207.72 866.386 754.089 201.281 552.808 490.944 149.748 638.679 228.166 619.589 590.615 62.4855 157.886 216.984 449.956 291.234 81.6861 158.722 1349.59 1311.65 254.481 1057.17 72.3175 984.85 117.704 94.4712 119.108 76.2373 71.3849 350.825 215.47 407.052 164.994 867.146 154.92 123.708 411.908 302.487 451.282 291.655
internal_count=60655 39160 28070 21495 18928 18353 9747 18323 17881 15871 4878 16306 10091 1489 8602 6215 4611 895 6703 2010 1604 629 6469 4773 4147 1097 3050 2748 827 6264 2567 4356 11090 464 1620 1380 4751 2959 755 1792 10993 10714 2364 8350 969 7381 749 540 857 540 630 1899 1128 2276 880 6632 975 775 3667 2499 2911 1858
is_linear=0
shrinkage=0.05


Tree=41
num_leaves=63
num_cat=0
split_feature=29 4 29 4 7 34 10 18 26 34 7 11 11 4 29 29 34 7 11 11 37 10 20 18 14 10 16 4 34 18 40 10 31 37 17 11 25 21 29 16 21 21 34 4 27 4 21 11 4 9 21 17 21 20 4 14 21 11 26 32 34 26
split_gain=458.481 229.562 122.633 66.2782 51.9083 50.6414 50.0959 48.7506 43.6591 50.4245 47.2796 42.3583 41.9973 47.4125 40.1487 38.3365 38.134 34.6185 57.6975 49.8996 104.681 41.764 34.6796 34.0465 72.7901 48.9271 83.8605 53.6332 46.1198 80.0192 40.1046 35.4443 34.709 32.9884 32.7911 31.282 56.9639 30.5634 29.5327 29.0662 57.2074 28.7489 35.4777 29.1308 27.5371 26.6978 26.6023 26.4076 50.8015 26.3531 25.6442 25.5365 47.962 29.0204 24.9762 24.7081 24.1258 23.1923 56.2634 22.9782 22.3144 21.9826
threshold=0.23063828901821426 1374.2500000000002 0.47701787022305336 1788.6000000000001 0.11790816093789211 0.61394859186234241 0.35647918279188545 0.0074287477867414084 0.012547810987455783 0.65939276182654105 0.068918796144222902 1.5000000000000002 1.0000000180025095e-35 659.02500000000009 0.078209369387906902 0.36795585228128674 0.04923993886851253 0.071967904235984911 1.0000000180025095e-35 1.0000000180025095e-35 4.5122969083559825 0.30403125454641139 55.500639854573699 -0.0049201968242391638 0.09535838958181099 0.28077064629980314 -0.03057685854421846 1102.1250000000002 0.12990228798576034 -0.01310906158523528 0.022906071883892837 0.0786808021250711 -0.09213697650756901 74.711426208190872 0.064205147377847674 1.0000000180025095e-35 852.50000000000011 0.00039592741465105738 0.1586532314496161 0.0095348246062757734 0.00092358656776608523 0.00095838796833766688 -0.15196485391660439 601.42500000000007 0.039828516872911564 911.82500000000016 0.00038901486614884359 1.5000000000000002 507.67500000000001 0.027655996859269217 0.0010485406043442269 -0.019771670662924432 0.0011549621135986743 60.834321422847644 994.22500000000014 0.020464288860924152 0.00051969014499015167 1.5000000000000002 -0.0037398213608679036 -0.0026979474155084389 -0.078830922311452764 0.014357547915047304
decision_type=2 2 2 2 8 10 10 10 2 10 10 2 2 2 2 2 8 8 2 2 10 10 8 8 2 10 10 2 8 10 10 8 8 10 8 2 2 8 2 10 10 10 10 2 8 2 8 2 2 10 10 8 8 10 2 2 8 2 2 10 8 2
left_child=3 2 7 5 -4 14 -3 8 9 17 33 -6 -12 47 -1 -8 38 18 54 20 -19 22 39 28 25 27 -27 32 29 -16 -31 59 50 -10 -30 36 -34 -13 49 40 -21 43 -43 -41 45 -15 -37 -14 -49 -5 60 52 -24 -53 -2 -42 -48 58 -58 -29 -25 -59
right_child=1 6 4 16 11 -7 15 -9 10 -11 12 37 13 44 23 -17 -18 19 -20 21 -22 -23 51 24 -26 26 -28 31 34 30 -32 -33 35 -35 -36 46 -38 -39 -40 41 55 42 -44 -45 -46 -47 56 48 -50 -51 -52 53 -54 -55 -56 -57 57 61 -60 -61 -62 -63
leaf_value=0.026390344570952774 -0.005779332593415544 -0.04527957892941669 -0.040221867540872022 -0.0012250273325478706 -0.036040693253244445 0.053296919530374944 0.038957792302169843 -0.042439879417632512 -0.04030398292481141 0.041102075041669461 -0.051470833950506091 0.033290603768738262 0.053110949394687738 -0.026582355430694989 -0.028160554251522349 -0.037560426934497577 -0.041824152156459078 -0.047523235888581261 -0.024739141414331717 -0.011002603579750895 0.047726497487226682 -0.038195553555032992 0.035956699502880461 0.0599443388157197 -0.039357605146311862 -0.021239918420514252 0.063328173076420136 -0.010318787083342031 -0.016606135977443346 0.020388381539596833 0.06639220191686511 0.0055922967396257132 -0.032276255518489026 0.029627653320619004 0.029443157906094936 0.037072796725319504 0.033507430704839171 -0.010701588415743367 -0.03988693904328753 0.019631620693226715 0.035597897212017289 0.040446488014706475 -0.020937230446326411 0.059389529644275289 -0.03131958321949365 0.024331993106971386 -0.0069262050085204755 -0.015294247886124388 0.05030821256422905 0.048815255115945991 0.00095233232697302913 0.0031960246160595038 -0.035994058984687098 -0.031251856928982504 0.056195817681956042 -0.012162112700990499 -0.010641835071091378 0.014994095829739089 0.053697209812225082 -0.047005645713817414 0.015325785108585389 -0.011075461368176382
leaf_weight=562.54640271514654 29.386998727917671 537.53349495306611 276.50864429399371 101.86035960912704 165.57560384646058 85.861213348805904 33.033595085144043 67.216162450611591 155.29397511482239 91.332493767142296 38.644651383161545 43.488856986165047 50.169529609382153 41.786414381116629 38.316215582191944 32.447771728038788 73.112838998436928 104.37964281439781 224.74812755361199 174.36704543232918 39.861707743257284 43.102913338690996 98.223004195839167 89.372669070959091 75.152445614337921 41.18438957259059 101.71280578151345 149.08220702037215 88.027758210897446 72.529851630330086 136.59574739262462 323.98663774505258 99.321039903908968 18.918118592351675 68.931510306894779 112.05921065062284 49.214374154806137 428.42267770320177 34.766487248241901 80.16398947685957 171.03507064655423 45.46272349357605 48.812644138932228 108.33902887627482 102.51893631368876 67.080561827868223 151.56188654527068 76.131893035024405 48.190052758902311 35.473527517169714 41.825999200344086 189.16795776411891 30.308387126773596 90.335161987692118 36.384037137031555 32.174299914389849 50.933757189661264 443.27078818902373 102.08060902357101 59.801728904247284 40.820449821650982 98.906194739043713
leaf_count=2624 262 11058 3506 790 2028 532 181 611 1716 500 555 326 312 459 297 284 888 1439 2299 1470 241 356 650 456 403 198 517 1030 487 391 744 2089 674 145 362 626 297 3965 703 647 1134 277 398 684 1167 538 916 508 304 256 210 1373 233 699 191 246 252 2373 512 554 201 551
internal_value=-0.000120209 -0.0119387 -0.00663278 0.0134462 -0.0221294 0.015436 -0.0402496 -0.000484041 0.000777009 0.00500132 -0.0107768 -0.0142818 -0.00177605 0.00320075 0.0143514 0.00104096 -0.0115726 0.00286895 -0.0126852 0.00646746 -0.0212006 0.010058 0.0120047 0.0115698 0.00893093 0.0107871 0.0389548 0.00856601 0.024818 0.0382662 0.050437 -0.00476201 0.0141173 -0.0327099 0.00361725 0.0108713 -0.0104801 -0.0066475 0.00127913 0.0190859 0.0100077 0.0312073 0.00866404 0.0424818 -0.0127228 0.00478954 0.014179 0.0224912 0.0101348 0.0117004 0.0350125 0.0005448 0.0189903 -0.0079375 0.0285048 0.028036 0.0111493 0.01509 0.0322807 -0.0208219 0.0459547 0.0102384
internal_weight=7148.86 3820.55 3217.53 3328.31 913.996 3083.1 603.015 2303.54 2236.32 1637.59 598.734 637.487 424.522 385.877 2997.23 65.4814 245.213 1546.25 290.519 1255.73 144.241 1111.49 1068.39 2434.69 2030.29 1955.13 142.897 1812.24 404.401 247.442 209.126 532.871 1279.37 174.212 156.959 1107.35 148.535 471.912 172.1 660.355 377.576 282.778 94.2754 188.503 211.386 108.867 958.812 174.491 124.322 137.334 172.019 408.035 128.531 279.503 65.771 203.209 846.753 695.191 153.014 208.884 130.193 542.177
internal_count=60695 40762 29239 19933 9825 17296 11523 19414 18803 13099 5704 6319 3843 3288 16764 465 2637 12599 2752 9847 1680 8167 7811 14140 11859 11456 715 10741 2281 1432 1135 3673 7068 1861 849 6201 971 4291 1749 4856 2850 2006 675 1331 2164 997 5230 1124 812 1046 867 2955 883 2072 453 1380 4604 3688 764 1584 657 2924
is_linear=0
shrinkage=0.05


Tree=42
num_leaves=63
num_cat=0
split_feature=29 4 4 12 22 29 29 12 12 22 12 20 11 7 21 7 10 35 40 12 12 11 12 27 32 22 12 1 11 41 32 41 21 17 10 4 10 4 11 7 32 20 21 7 12 1 10 41 21 7 10 12 12 21 20 41 13 32 22 7 12 12
split_gain=404.906 145.439 120.819 95.7542 92.1836 88.2983 87.8443 70.4354 79.9527 58.7231 103.836 69.8077 73.389 75.9374 54.3547 57.9075 51.489 54.8602 48.5739 47.1403 39.8912 37.888 37.2891 36.944 36.7748 35.329 46.1223 34.5846 32.0721 61.8748 31.8711 31.2505 31.7396 75.412 48.1345 44.8147 40.206 34.0706 31.35 40.9179 32.8929 30.9193 30.4901 29.8661 28.9938 80.7118 28.4338 26.447 25.5337 25.4877 24.7888 25.6915 30.6073 24.224 29.6744 24.1769 31.9128 24.102 62.5375 38.1122 23.6949 34.4933
threshold=0.39157741890675668 1165.9000000000003 1568.1250000000002 34.500000000000007 1.0000000180025095e-35 0.20636474656222265 0.1586532314496161 34.500000000000007 41.500000000000007 1.0000000180025095e-35 28.500000000000004 62.492492260134689 1.5000000000000002 0.30336339179726318 0.0009727433685497391 0.33242717712854408 0.30029041989903971 -0.048496154590697997 0.035158241866881247 41.500000000000007 59.500000000000007 1.0000000180025095e-35 30.500000000000004 4.1735822959889362 -0.098649431586859224 1.0000000180025095e-35 61.500000000000007 51.500000000000007 2.5000000000000004 0.036113269766408253 0.013909111336925297 0.056970421967556563 0.00067534136334050589 0.021662850870732019 0.27357315978190205 308.67500000000001 0.36388003753408865 772.82500000000016 1.0000000180025095e-35 0.26558251004483546 -0.035898394082250588 54.924976083256972 0.00038737398756234401 0.20582994218409725 35.500000000000007 60.500000000000007 0.4946604770611473 0.02003900595946528 0.0016248171638097576 0.032293078139114743 0.25594595480668531 41.500000000000007 61.500000000000007 0.0010876769912676464 59.593560131694481 0.038719685591596151 -0.0023971300575575181 -0.13414852935265978 1.0000000180025095e-35 0.2080528997808668 119.50000000000001 87.000000000000014
decision_type=2 2 2 2 2 2 2 2 2 2 2 10 2 10 8 10 10 10 10 2 2 2 2 8 10 2 2 2 2 10 8 10 8 10 10 2 10 2 2 10 10 8 8 10 2 2 10 10 10 8 8 2 2 8 8 8 2 10 2 8 2 2
left_child=2 3 5 4 16 23 42 9 44 14 11 12 -11 41 46 27 17 24 -6 -5 28 -18 -8 31 -2 26 30 -16 -10 57 -21 32 33 34 35 47 37 43 39 40 -37 -14 -4 50 45 -9 -7 -1 -24 -40 51 -34 -53 -45 -55 -39 -57 -30 -59 -60 61 -22
right_child=1 -3 6 19 18 7 22 8 20 10 -12 -13 13 -15 15 -17 21 -19 -20 25 60 -23 48 -25 -26 -27 -28 -29 29 -31 -32 -33 36 -35 -36 38 -38 55 49 -41 -42 -43 -44 53 -46 -47 -48 -49 -50 -51 -52 52 -54 54 -56 56 -58 58 59 -61 -62 -63
leaf_value=0.052438517321210326 -0.029560801769803541 -0.044605862985678209 -0.046293390000711865 -0.052953533749929615 -0.04255989525952289 0.046038963253649152 0.0069196752057016225 -0.053887561422709132 -0.002005719450308602 0.061189661096794773 -0.053986738737207732 -0.049252822479465656 -0.061768027294278077 0.046845790912718385 -0.021085721543749297 -0.055092555879093702 0.020648756555105983 0.042061296322052848 0.0031493335181780133 0.0071106924077604817 -0.025021288104777391 -0.039193613262954827 -0.04749115853764279 -0.0063195793225321517 0.038025075050050192 -0.04774693975982635 -0.036664414561731265 0.034012725875520365 0.057914988151218066 -0.042566065750348742 -0.021690347316107746 0.044839620937867954 -0.0094211941453909084 -0.041524831709321509 0.056561883207358866 0.038833669691631288 -0.022519813249378434 0.019086334213242875 -0.018606120326802054 -0.054658439838932475 -0.018386542599753645 0.0039214863030513462 0.0083276510801089075 0.061103719216020196 -0.046329896904833273 0.090942168853468869 0.0072175298487882102 0.0087578771959064255 0.025127990121406957 0.015117739023283068 0.043754108461090624 0.052473861855989394 -0.00020784823144648275 0.046850567579547392 -0.0074209644286568031 -0.043004050340676114 0.019555035155033009 0.039304177662700016 -0.053310232656558557 0.028907988483303865 -0.054840540138351081 0.0075810103399943599
leaf_weight=85.899659432470798 56.122443176805973 463.73892011493444 28.048278670758009 120.07667757198215 133.34201100468636 231.73037437349558 43.848683048039675 25.193338811397552 433.84225707873702 82.030866220593452 75.79448202252388 37.993361581116915 40.446959417313337 51.189093679189682 40.839795537292957 34.68828821927309 47.33412866294384 202.32443022727966 103.03032751008868 229.95175000280142 174.56349590793252 59.948711562901735 215.77437698468566 176.90887187793851 31.380993060767651 90.859825406223536 161.10243751853704 94.107883237302303 54.228406764566898 35.001486167311668 164.96315158158541 99.169017605483532 82.998942911624908 68.654494132846594 58.921513430774212 38.058139335364103 51.363865971565247 741.66756507009268 65.123627055436373 46.669973839074373 73.853239081799984 32.153879776597023 286.76340441405773 122.68933469802141 144.7106577269733 15.561699520796536 59.219782158732414 58.084763068705797 12.824034094810484 401.08981570973992 86.850693203508854 57.900137290358543 52.633177325129509 77.136709850281477 37.398688189685345 38.102273371070623 43.842229053378105 132.9208327755332 37.269135031849146 22.668122343719006 32.180343206971884 151.5745740160346
leaf_count=421 365 9380 295 2401 1635 1494 405 443 2829 429 1257 307 260 289 285 246 236 1280 700 1423 1533 554 4493 939 201 1313 2394 562 282 292 1314 590 474 405 303 201 228 3679 399 375 426 195 2064 674 2095 104 362 294 191 2286 435 279 254 484 180 206 214 654 396 180 420 1336
internal_value=-0.000347442 -0.0203363 0.00682926 -0.0122997 0.0020861 0.009553 -0.0145287 0.0017892 -0.00552262 0.013595 -0.0028722 0.0130178 0.0245126 0.00020806 0.0250218 0.00252696 0.0168015 0.0277553 -0.0226361 -0.024182 -0.000288666 -0.0127906 -0.0353159 0.0157274 -0.00532276 -0.0188413 -0.0141178 0.017338 0.00652774 0.0196519 -0.00492003 0.0173606 0.0161701 0.00883131 0.0130082 0.00967007 0.0208938 0.0225564 0.00387487 -0.0153289 0.00107256 -0.0326751 0.00346117 0.0326088 -0.0358386 0.0014135 0.0381373 0.0348173 -0.0434173 0.010407 0.0215613 0.011602 0.0273882 0.0456661 0.0291295 0.0162388 -0.00953347 0.0284655 0.0201848 -0.0222155 -0.013908 -0.00986918
internal_weight=7056.36 1864.18 5192.18 1400.44 633.483 4604.93 587.259 2039.91 1259.71 780.195 319.609 243.814 205.821 123.79 460.586 169.636 397.111 289.828 236.372 766.954 1074.25 107.283 272.447 2565.02 87.5034 646.877 556.017 134.948 715.93 282.088 394.915 2388.11 2288.94 896.355 827.701 768.779 1392.58 1341.22 624.795 158.581 111.911 72.6008 314.812 517.608 185.466 40.755 290.95 143.984 228.598 466.213 280.383 193.532 110.533 237.225 114.535 823.612 81.9445 247.086 192.858 59.9373 358.318 326.138
internal_count=60640 23196 37444 13816 4971 29996 7448 16250 10564 5686 2737 1480 1173 744 2949 1093 2636 1846 2335 8845 7922 790 5089 13746 566 6444 5131 847 4633 1804 2737 12807 12217 5110 4705 4402 7107 6879 3687 1002 627 455 2359 2780 2642 547 1856 715 4684 2685 1442 1007 533 1338 664 4099 420 1512 1230 576 3289 2869
is_linear=0
shrinkage=0.05


Tree=43
num_leaves=63
num_cat=0
split_feature=29 29 4 4 10 12 22 12 12 4 12 10 18 7 4 12 10 12 12 27 37 20 5 12 26 35 9 29 18 1 11 10 7 12 22 37 4 7 20 10 39 32 1 1 32 12 17 4 29 1 11 39 11 32 12 41 12 12 12 11 1 4
split_gain=402.496 132.467 133.647 131.346 78.1844 78.033 84.6092 62.7893 91.8284 52.8686 51.9149 47.2703 47.2615 45.0687 46.7574 42.1302 41.3857 57.4641 61.6617 39.3662 39.0264 38.8018 44.9392 36.8743 36.5056 35.8348 33.0948 31.559 31.8067 40.609 31.2995 67.1248 48.3368 31.1433 46.6571 30.1673 30.028 41.0268 37.5278 31.858 50.2087 46.2798 32.5728 30.0092 56.5179 29.5871 29.4009 29.1912 28.7628 28.7107 27.7343 26.9882 26.8062 25.1763 24.7661 24.738 33.6153 42.9576 45.9456 37.1733 35.4489 24.5004
threshold=0.41053539869998062 0.20636474656222265 1389.0250000000003 1122.0250000000003 0.38228988095593647 34.500000000000007 1.0000000180025095e-35 34.500000000000007 41.500000000000007 545.05000000000007 61.500000000000007 0.30029041989903971 -0.010645560248324413 0.030228978580628677 1837.9250000000004 32.500000000000007 0.26622865197173029 41.500000000000007 56.500000000000007 4.1735822959889362 88.502011058754235 56.878764486319774 0.057975998022686957 41.500000000000007 -0.010978769071233985 -0.051022756753280211 0.1018513468197116 0.065157927042667083 -0.0045647095826514264 37.500000000000007 1.0000000180025095e-35 0.21075966762944601 0.052051910746345166 61.500000000000007 1.0000000180025095e-35 -1.0000000180025095e-35 686.55000000000007 0.22501508750754387 63.124814815160931 0.11371550643798432 0.014755435028045159 -0.0026979474155084389 22.500000000000004 41.500000000000007 0.10910358671265487 27.500000000000004 0.025141774472507615 1354.6250000000002 0.24834928693022187 35.500000000000007 1.0000000180025095e-35 0.026543618621934748 1.5000000000000002 0.094846907636904634 30.500000000000004 0.012277708321304258 35.500000000000007 39.500000000000007 53.500000000000007 3.5000000000000004 23.500000000000004 406.92500000000001
decision_type=2 2 2 2 10 2 2 2 2 2 2 10 8 10 2 2 10 2 2 8 10 10 10 2 2 10 10 2 8 2 2 10 8 2 2 8 2 10 10 10 10 10 2 2 10 2 8 2 2 2 2 10 2 8 2 10 2 2 2 2 2 2
left_child=1 13 7 5 45 6 11 9 -9 46 20 25 -8 14 16 21 17 -1 26 27 30 22 -11 -7 -12 -2 47 -15 29 -29 32 -32 -10 34 53 -20 55 39 52 41 -41 -38 -42 44 -18 -4 -3 -19 -33 -23 -13 -24 -39 61 -27 -30 60 59 -59 -58 -57 -25
right_child=3 2 4 -5 -6 23 12 8 10 15 24 50 -14 19 -16 -17 43 18 35 -21 -22 49 51 33 -26 54 -28 28 36 -31 31 48 -34 -35 -36 -37 37 38 -40 40 42 -43 -44 -45 -46 -47 -48 -49 -50 -51 -52 -53 -54 -55 -56 56 57 58 -60 -61 -62 -63
leaf_value=-0.031732280018707891 -0.0030443003752991292 0.041447751097847034 0.005073609378031866 -0.04483013065980479 0.036934077555481358 -0.052791492656818532 0.015816242413530631 -0.037778038697575352 0.035135866557783314 0.037730890870138846 0.038372505014417947 0.015433135797824307 -0.039634082273543841 0.03505125316233617 -0.03569376276048946 -0.028913615167071884 0.048523815669459736 0.026844051984033276 0.014204530827327422 -0.033443739559932989 0.061128648587725154 0.020167109863089137 -0.030562591570844008 -0.019346133396285457 -0.021902613939090543 0.020294186933452169 -0.0094080683919548908 0.050172987561051256 0.05074081056975388 0.013286734922655453 0.017122794413927851 0.015330529690725906 -0.047631704697575002 -0.039978574254247855 -0.050277454369998309 -0.023295623776673137 0.01832131116431374 -0.040787318398402182 0.024833396273707488 0.059494864094230542 -0.015608986032690557 -0.018719821418077414 0.026480123132912134 0.054151761746028537 -0.032393204952810305 -0.044014435835404965 -0.0070774272875431523 0.075745737797714999 -0.037519904510276959 -0.028200650347822872 -0.040249641385899593 0.014068695006023937 -0.0037772224566290629 -0.028940071155384991 0.057046359637524802 0.0062420739505832526 0.0082036234534609755 0.040465271918745827 0.0018418979168517661 -0.061119103720056779 0.049115179827957774 0.013652340506676625
leaf_weight=109.58126275241375 72.292719479650259 196.80791986361146 34.447653938084841 448.83311493694782 38.340609259903431 99.781353142112494 52.030790064483881 175.07513689249754 25.114653810858727 174.03339956328273 27.65550109744072 40.52512226998806 146.97652041912079 247.11990676820278 70.070947807282209 77.008518163114786 45.455308072268963 114.92059678584337 86.772065479308367 37.474139254540205 33.146707821637392 46.69023647159338 47.292423456907272 84.011596139520407 274.01370609179139 92.420982401818037 43.646615833044052 143.59005387872458 64.243271470069885 155.3362532146275 536.25530037656426 35.482623189687729 59.269477874040604 141.08428405225277 68.672275178134441 140.4159928150475 216.4819097109139 87.247608404606581 60.893929280340672 81.587158314883709 66.648738715797663 138.13341027498245 148.14259196817875 69.927648436278105 41.084362559020519 281.90780115500093 37.099437277764082 41.550985958427191 93.796791408210993 89.480749472975731 49.894821524620056 119.3558295480907 111.3880857527256 83.191398840397596 90.94574598222971 74.013224665075541 41.905038423836231 130.36899992451072 188.08691439032555 35.910200707614422 138.31708315014839 170.22665841132402
leaf_count=775 463 1307 284 9023 205 2096 341 2600 142 1334 173 199 1646 1180 883 704 230 514 474 235 170 315 440 633 2833 533 226 769 330 969 3106 185 535 2171 1034 831 1417 573 289 465 349 1024 747 363 203 5703 219 265 785 636 494 786 665 741 660 448 242 702 886 244 827 990
internal_value=-0.000121307 0.0065421 -0.00216154 -0.0217762 -0.030497 -0.0130959 0.000841123 0.00274693 -0.00417679 0.0138194 0.00124642 0.0157791 -0.0251365 0.0136774 0.0032305 0.00540178 0.00716422 0.000569634 0.00885335 0.0173579 0.00803565 0.0109435 0.0199607 -0.0248382 -0.0163769 0.0267686 0.0290909 0.018252 0.0160464 0.0310051 0.00568892 0.0093262 -0.0229982 -0.0197408 -0.01271 -0.00897284 0.0132224 0.00730327 -0.00950616 0.0140046 0.0261036 0.00389267 0.0134201 0.0297923 0.0101088 -0.0386693 0.0337513 0.0398299 -0.0230143 -0.0116163 -0.0152933 0.00140297 -0.0200333 -0.00506438 0.0385224 0.0212323 0.0181174 0.00951578 0.0176535 -0.0237875 0.0341706 0.00274818
internal_weight=6973.48 5332.59 2402.27 1640.89 354.696 1192.05 545.087 2047.58 1259.81 787.769 1084.73 346.079 199.007 2930.31 763.426 553.861 693.355 536.888 427.306 2166.89 783.066 476.853 340.682 646.968 301.669 255.659 200.118 2129.41 1882.29 298.926 749.919 665.535 84.3841 547.186 406.102 227.188 1583.37 910.523 259.53 650.994 296.378 354.615 214.791 156.467 86.5397 316.355 233.907 156.472 129.279 136.171 90.4199 166.648 198.636 337.43 183.367 672.845 608.601 396.271 318.456 77.8152 212.33 254.238
internal_count=60611 39587 22462 21024 6192 12001 4336 16270 10529 5741 7929 2349 1987 17125 4764 4215 3881 3085 2310 12361 4923 3511 2560 7665 3006 1656 1005 12126 10946 1738 4753 4076 677 5569 3398 1305 9208 5529 1527 4002 1561 2441 1096 796 433 5987 1526 779 970 951 693 1226 1238 2364 1193 3679 3349 2074 1588 486 1275 1623
is_linear=0
shrinkage=0.05


Tree=44
num_leaves=63
num_cat=0
split_feature=29 4 4 29 12 12 29 12 4 12 20 36 10 21 12 12 12 34 27 34 21 12 11 18 17 7 21 4 11 12 18 9 25 29 34 34 18 25 21 26 21 11 12 7 4 34 25 4 41 12 12 12 10 40 11 7 26 21 11 11 26 12
split_gain=351.661 132.32 114.439 91.6444 88.5289 96.1344 88.3195 67.4629 58.1063 44.6539 53.2718 49.601 43.7429 42.5627 42.2321 40.1898 39.2041 38.436 36.607 36.4687 35.0714 32.8245 36.8305 32.6457 35.1438 77.485 32.3459 32.058 31.1609 28.1631 27.6661 26.9767 26.8786 26.8221 25.9294 24.9109 42.0976 34.5378 37.8129 28.9817 26.5478 25.4749 37.5677 33.4109 30.5328 25.4799 25.3696 23.8047 41.1134 51.6033 58.3187 40.1808 36.3657 83.8752 48.4953 37.2171 37.5704 26.0965 24.5824 24.0939 23.753 23.5878
threshold=0.43181707798713825 1609.825 1160.0250000000003 0.20845596232131447 34.500000000000007 41.500000000000007 0.1586532314496161 34.500000000000007 465.02500000000003 32.500000000000007 59.136898902426942 43.453090736942002 0.24945989828264456 0.0010323365633201455 125.50000000000001 30.500000000000004 119.50000000000001 0.70642223593871534 0.32082511968459587 -0.016788377889645319 0.00097122150553313432 59.500000000000007 1.0000000180025095e-35 -0.0049201968242391638 0.020986175770240142 0.10478359113682538 0.00096421126780830621 733.62500000000011 1.0000000180025095e-35 41.500000000000007 -0.0014467119695262263 0.063011857225592091 762.50000000000011 0.073760122835437647 0.12990228798576034 -0.10465374092534406 0.0054440403583864158 672.50000000000011 0.0010275674697422577 -0.010978769071233985 0.00071690040874219192 2.5000000000000004 59.500000000000007 0.16524904952762595 1079.3000000000004 0.27420197442384248 827.50000000000011 652.67500000000007 0.015240257095593563 34.500000000000007 39.500000000000007 53.500000000000007 0.20795151649292962 0.028243812286892264 2.5000000000000004 0.084964713182174897 0.0053088632770896997 0.0010407847228225055 1.0000000180025095e-35 1.5000000000000002 0.012547810987455783 61.500000000000007
decision_type=2 2 2 2 2 2 2 2 2 2 10 8 10 10 2 2 2 10 8 8 10 2 2 8 10 8 10 2 2 2 8 8 2 2 8 8 10 2 10 2 10 2 2 10 2 10 2 2 8 2 2 2 8 10 2 10 2 10 2 2 2 2
left_child=1 3 7 14 8 -6 19 12 60 10 11 13 15 -10 17 -2 35 18 23 -3 -13 22 31 34 47 -26 -17 -11 -14 -9 -31 -20 -12 -21 -1 46 37 40 39 -39 -37 45 43 44 -43 -41 -7 48 -25 -50 -51 -52 54 -54 58 56 -56 -57 -49 -53 -5 -32
right_child=2 6 -4 4 5 16 -8 29 9 27 32 20 28 -15 -16 26 -18 -19 21 33 -22 -23 -24 24 25 -27 -28 -29 -30 30 61 -33 -34 -35 -36 36 -38 38 -40 41 -42 42 -44 -45 -46 -47 -48 52 49 50 51 59 53 -55 55 57 -58 -59 -60 -61 -62 -63
leaf_value=0.045398799700772902 -0.0046589285907664094 0.023088382294932219 -0.047669065787908069 0.055241731426980467 -0.039026544615203718 0.0030544329038671302 -0.038656135601411165 -0.052609316975163724 -0.033433296826506219 0.0056234133635723431 -0.02991026317041709 0.044078267961814015 0.012741875815758539 0.024005439896413863 -0.031961350705752005 0.041382743735547969 -0.054285488248940833 0.058177000265256532 -0.04454589269609105 0.01869223539803035 0.012923440091055283 -0.018073664319603458 0.016684782618907767 0.050230576520703757 -0.042078445419370308 0.028064687791484539 -0.023032294274586119 -0.049635720454682342 -0.041375595121409717 -0.039345064015525254 -0.0054904113178190469 0.012922544021914301 0.022414353290139619 -0.025093494424915215 0.012920924502558795 -0.023877149136518366 -0.045305443319286015 0.035472892419918141 -0.046140145030513391 -0.020440441198861431 0.022358161405933136 0.054585974684372089 -0.018511623651788236 -0.02428911874872447 -0.0048685161160752942 0.032060290918889817 0.03566830768963155 -0.042524922702632521 0.044977186969144684 -0.023637060487242165 0.040689118275386592 0.029936541771354554 0.045188083819355296 -0.03447532586629045 0.02949807696253099 0.020059971913267274 -0.036093995208557078 0.058016629809047128 -0.0024121385610799042 -0.012176418153937297 0.017869900703628153 -0.035518764554371224
leaf_weight=174.66684494912624 227.11042819917202 115.73222865536809 342.66674111783504 98.978614076972008 199.37318499013782 199.20064201205969 263.36282745748758 85.35483830049634 69.901778735220432 50.409362465143204 95.93162477388978 187.86971826478839 37.400175899267197 59.880807295441628 48.024089388549328 109.58644979074597 34.3619779124856 51.372602120041847 47.877475913614035 48.221899174153805 173.99108824506402 134.67956112697721 375.19974181428552 127.67291455715895 79.318658158183098 78.177482668310404 23.704311110079288 54.755567941814661 92.108405251055956 149.51218000799417 245.85190331190825 35.608343843370676 32.981405157595873 127.32733466476202 94.814946204423904 36.855946760624647 58.111543286591768 43.92461409047246 57.338725537061691 281.73544400557876 196.98863485455513 71.447412110865116 91.515861790627241 28.864637870341539 30.947928324341774 25.175479345023632 85.101807504892349 44.775886569172144 136.1532053090632 100.18810172379017 133.37617050111294 52.803054101765156 172.97397012263536 40.842951543629169 37.713906541466713 190.06694201007485 51.840385887771845 59.447832949459553 259.84379213675857 95.194392971694469 74.535499945282936 89.098699979484081
leaf_count=995 1685 758 7593 654 3277 1479 5571 1903 752 302 740 1331 180 461 272 974 497 358 338 333 1159 741 1894 654 413 430 179 713 999 1795 1901 181 246 1141 469 290 641 249 574 2440 1401 345 820 198 348 152 547 357 847 607 702 240 878 197 193 1059 317 293 1369 441 496 1406
internal_value=-0.000193992 0.00548863 -0.0225512 0.00807718 0.000884294 -0.00679818 -0.017673 -0.0144293 0.0131948 0.00697997 0.0120857 0.0195873 -0.000823743 -0.00693145 0.0144954 0.00813241 -0.0016229 0.015362 0.0144903 0.00129894 0.0290983 0.0036291 0.0100015 0.0178297 0.0152098 -0.007261 0.0299272 -0.023148 -0.0257473 -0.0261268 -0.021461 -0.0200345 -0.0165234 -0.0130659 0.0339717 -0.000123917 -0.00411036 -0.00134218 -0.0074253 -0.00355533 0.0150711 -0.00679177 0.00607854 0.0232231 0.0366165 -0.0161339 0.0128169 0.0175646 0.0248181 0.0185512 0.00912151 0.0207858 0.0121054 0.0299709 0.00617098 0.0191792 -0.00847127 0.0291033 -0.0083083 0.00284879 0.0391881 -0.0134781
internal_weight=6919.85 5517.46 1402.39 4962.81 2340.18 1440.94 554.644 1059.73 899.235 725.721 620.556 491.643 489.91 129.783 2622.63 360.401 1241.57 2574.61 2523.24 291.281 361.861 593.365 458.686 1929.87 1660.39 157.496 133.291 105.165 129.509 569.818 484.463 83.4858 128.913 175.549 269.482 1207.21 922.906 864.795 630.95 573.611 233.845 529.687 222.776 131.26 102.395 306.911 284.302 1502.89 645.388 517.715 381.562 281.374 857.506 213.817 643.689 339.069 89.5543 249.515 304.62 147.997 173.514 334.951
internal_count=60775 42160 18615 34357 20112 13258 7803 11022 6854 5704 4689 3703 4017 1213 14245 2838 9981 13973 13615 2232 2490 3154 2413 10461 8997 843 1153 1015 1179 7005 5102 519 986 1474 1464 9484 7458 6817 5126 4552 1691 4303 1711 891 693 2592 2026 8154 3491 2837 1990 1383 4663 1075 3588 1862 510 1352 1726 681 1150 3307
is_linear=0
shrinkage=0.05


Tree=45
num_leaves=63
num_cat=0
split_feature=4 12 12 4 10 12 10 7 12 41 37 7 21 12 41 12 5 26 4 16 26 12 12 7 12 26 12 12 34 26 4 16 4 12 26 1 37 32 4 14 7 12 21 7 40 21 21 41 9 1 4 7 32 31 40 12 10 4 39 25 18 12
split_gain=173.049 86.8886 118.665 99.9672 67.6793 67.2602 57.9307 65.019 58.698 57.3749 56.7445 55.5245 52.5261 51.6335 49.7945 64.4522 52.4845 48.9449 46.5945 45.1167 43.0735 35.8209 48.1747 51.9307 35.3378 51.0657 43.0923 49.0622 62.7851 34.7205 34.3998 32.1262 30.9442 30.5733 29.1773 29.0447 28.8492 28.2916 28.017 60.6882 26.9132 27.642 26.4348 30.4824 25.651 24.4672 24.35 25.9229 23.6582 28.7158 23.6015 23.2671 27.8131 30.5795 23.1254 22.4641 22.3308 21.837 21.6594 32.1969 20.2153 20.603
threshold=1209.2750000000003 34.500000000000007 41.500000000000007 465.02500000000003 0.34482466377410775 119.50000000000001 0.56650401449481325 0.38685323139798716 28.500000000000004 0.03254627426344784 -27.215511629992751 0.041702580150452855 0.00059112167235470523 53.500000000000007 0.018583338375845252 37.500000000000007 0.1536797193611254 0.014357547915047304 779.77500000000009 0.0028504367317532535 -0.001930084433276383 46.500000000000007 61.500000000000007 0.014291747479771277 27.500000000000004 -0.014598242926417026 40.500000000000007 46.500000000000007 -0.18668120554709197 0.012547810987455783 551.70000000000016 0.053862367573133417 326.15000000000003 27.500000000000004 0.014357547915047304 31.500000000000004 31.171992823906351 -0.22227391984283926 1010.0250000000001 -0.00043121117021037349 0.034662152367037027 67.500000000000014 0.00081404481846219796 0.2080528997808668 0.016347336219867035 0.00081610005156027346 0.00051063718092409058 0.012940965776412091 0.10309232814833703 43.500000000000007 854.60000000000002 0.2741889467481971 -0.01874136995424763 -0.059309095734882293 0.013156017465977134 47.500000000000007 0.056414305676124425 1381.9000000000003 0.027289076828009937 657.50000000000011 0.0010683974940013388 32.500000000000007
decision_type=2 2 2 2 10 2 10 10 2 8 10 8 8 2 8 2 10 2 2 8 2 2 2 10 2 2 2 2 10 2 2 10 2 2 2 2 8 10 2 2 10 2 8 8 10 8 8 10 10 2 2 8 10 8 10 2 8 2 10 2 10 2
left_child=1 3 14 17 12 9 7 18 10 11 35 48 -2 42 15 54 -16 -1 20 46 -5 -11 23 38 29 36 -27 28 -28 -14 56 -12 -19 45 -32 -9 -26 -37 39 -23 -29 -42 43 55 57 -22 47 -15 -4 -50 -36 52 -20 -54 -3 -13 -21 -43 -6 -60 61 -55
right_child=4 2 5 6 58 -7 -8 8 -10 21 31 13 24 19 16 -17 -18 32 51 30 33 22 -24 -25 25 26 27 40 -30 -31 34 -33 -34 -35 50 37 -38 -39 -40 -41 41 44 -44 -45 -46 -47 -48 -49 49 -51 -52 -53 53 60 -56 -57 -58 -59 59 -61 -62 -63
leaf_value=0.046923268401455949 -0.032495639827393556 -0.012559783736862153 0.003775032793681131 0.044100887852442205 0.02851989367837611 -0.033507107044944792 -0.055303032721650769 0.055638574169444732 -0.042274484499624919 -0.039260617249392338 -0.037180777983015077 0.045235759770944656 -0.013063578351134607 0.005932314642426789 -0.037723167562425802 -0.04399053516349434 0.016950016650409953 0.043105648326054125 0.028477713211130934 0.021449540362395905 -0.047013527554157643 0.035689907656977833 -0.030436531531586181 -0.011427578897922286 0.043255073927544477 -0.040191799613160134 0.092322818275406338 -0.029832151064959445 -0.00092507198656741399 0.031240912698242987 0.038580501282841212 0.018790860521893781 -0.0061458866820488581 0.025445317622976912 0.031114094245887854 0.036462040407236627 -0.029271491498121079 -0.019752141465435732 0.055945575370170003 -0.030171288661919055 -0.017900580535568218 -0.043858298529524553 0.039345445908718191 -0.018790442674682137 0.034065814815771825 0.0072749376657613709 0.0046048630292370805 -0.036931230543355668 -0.04253311738492227 0.00078304953637442401 -0.032716152153945049 -0.01831749108301944 -0.04757948210609679 0.020411999244904666 0.042363038221492122 0.011060770450726905 -0.019072421183441005 0.018837495013578193 0.027692762651814497 -0.049708661123348791 -0.011777897562890769 -0.019266377450882419
leaf_weight=273.18584305793047 396.64129781723022 26.527631592005491 193.88497890532017 195.91818970441818 116.87570115551353 115.31178584322333 36.596206065267324 48.899080686271191 101.08995356410742 77.334261067211628 91.982395857572556 80.800993423908949 88.420841589570045 60.104762222617865 351.89902641624212 47.796734668314457 50.151610124856234 48.482239194214344 138.59794619306922 63.143690906465054 29.265768650919199 100.47091040015221 123.85300817340612 228.61364927887917 55.161737486720085 179.21165916882455 22.305887766182423 288.86466611549258 94.65056817419827 88.464084979146719 219.84754015877843 35.543159812688828 93.197585988789797 194.15926573053002 28.515484854578972 43.785810429602861 18.246905911713839 45.788445178419352 49.660562634468079 53.656923860311508 301.32487691752613 28.536007303744555 242.26736731827259 49.911892578005791 58.607086313888431 71.362133074551821 407.64747315272689 85.380161672830582 82.651963613927364 71.239718373864889 29.426656559109688 89.449283208698034 28.402471680194139 208.80959832668304 69.0605833157897 118.76050517335534 73.659589920192957 27.05748825520277 27.722405828535557 26.070553831756115 107.41572010144591 38.794514831155539
leaf_count=1879 6920 311 1472 1227 737 1182 267 273 1465 530 570 449 731 501 4326 647 394 295 903 450 234 492 1069 1701 508 2715 193 4130 1209 552 1341 203 711 1291 215 250 259 273 262 298 3285 295 1425 280 649 480 2727 672 645 553 248 629 214 1361 621 695 536 408 185 222 857 280
internal_value=-0.000318941 0.00446599 -0.000709375 0.0128232 -0.0135364 0.00380834 0.0068359 0.00838365 -0.00984187 0.00557123 0.00248379 0.0101102 -0.0166412 0.0143884 -0.0218813 0.00341619 -0.0309033 0.0345554 0.0144538 0.00768441 0.0259298 -0.00737569 -0.00294284 0.00493219 -0.0116139 -0.0150245 -0.0179777 -0.0131308 0.0168591 0.00909408 0.0201544 -0.0215807 0.0107078 0.0138531 0.0302615 0.0246457 0.0252274 0.00772655 0.0232849 0.0127615 -0.0181103 -0.00996145 0.0275815 0.0161573 0.0109864 -0.00851386 -0.0016623 -0.0192228 -0.00784336 -0.0224811 -0.00130291 0.00524434 0.0092817 0.00234281 0.0271209 0.024898 -0.000368877 -0.0133441 0.0164357 -0.00981954 0.00633672 0.0141952
internal_weight=6840.47 5022.31 3101.58 1920.73 1818.16 2556.14 1505.86 1469.26 367.089 2440.83 265.999 1807.24 1647.49 1459.47 545.436 143.385 402.051 414.866 1102.17 967.725 490.705 633.589 556.255 432.402 1250.85 1073.97 1000.56 821.347 116.956 176.885 414.593 127.526 141.68 294.787 277.79 138.473 73.4086 89.5743 203.788 154.128 704.39 415.525 491.741 249.473 114.201 100.628 553.132 145.485 347.777 153.892 57.9421 611.47 522.02 383.422 95.5882 199.561 136.803 55.5935 170.669 53.793 355.02 247.604
internal_count=60702 37704 24042 13662 22998 17743 10777 10510 3034 16561 1569 12209 21854 9539 6299 1579 4720 2885 7476 6690 3232 4352 3822 2753 14934 13651 12884 10169 1402 1283 2790 773 1006 2005 1804 796 767 523 1052 790 8767 4637 2849 1424 1352 714 3900 1173 2670 1198 463 4244 3615 2712 932 1144 986 703 1144 407 2498 1641
is_linear=0
shrinkage=0.05


Tree=46
num_leaves=63
num_cat=0
split_feature=29 29 4 4 22 21 25 34 18 22 7 34 18 21 42 25 11 10 4 10 20 25 4 11 42 25 11 4 18 11 0 32 5 11 29 0 29 16 21 4 41 21 26 18 26 4 10 7 18 18 21 0 21 4 40 7 7 4 11 10 6 25
split_gain=315.852 115.327 139.413 110.655 71.7499 200.689 89.4694 62.5617 107.463 53.0769 49.5021 48.1132 44.0122 101.69 76.5575 46.75 48.6648 80.5217 64.1748 74.554 102.608 49.732 43.1452 41.7652 40.9359 37.3602 75.3986 35.1567 34.2715 33.6579 31.9025 31.1468 30.4783 29.0401 29.0136 28.4753 28.7665 27.2996 31.88 26.5516 25.3276 23.7696 23.2816 23.1506 23.1085 52.1659 22.5762 21.5008 20.5399 20.4462 22.2157 20.0328 25.4682 19.9379 19.8045 19.0847 21.7502 23.8724 21.6604 21.9477 21.6524 18.9469
threshold=0.42327598167509745 0.16976623040790675 1620.0750000000003 1165.9000000000003 1.0000000180025095e-35 0.00097122150553313432 747.50000000000011 -0.15755790459699417 -0.014423578361070276 1.0000000180025095e-35 0.11373881423048142 0.17773105983594431 -0.015968175855729624 0.0012911939358669045 0.094544050864409646 562.50000000000011 1.5000000000000002 0.26218889223371461 592.72500000000014 0.4142480226081941 57.651723150105632 642.50000000000011 567.32500000000016 1.0000000180025095e-35 0.0086632400230648981 772.50000000000011 2.5000000000000004 326.15000000000003 -0.010645560248324413 2.5000000000000004 0.0080277278919827933 -0.092142762960654809 0.042806618971009971 1.0000000180025095e-35 0.080506835586652684 0.031029654172890483 0.32251772239888277 -0.0267682601189108 0.00098287119478441599 860.02500000000009 0.019352994519952867 0.0024226176116103749 -0.012788505998825505 -0.0022500657874205961 -0.0037398213608679036 911.82500000000016 0.16817698773065407 0.059020035013721946 -0.0049201968242391638 0.0060564735722012939 0.00079749095569919056 0.020695972386517731 0.00057786045475489653 314.27500000000003 0.12747099392026509 0.3569735671622824 0.023070955178846633 1725.0250000000003 2.5000000000000004 0.18768155765892638 0.025820721373139753 742.50000000000011
decision_type=2 2 2 2 2 8 2 10 10 2 10 10 8 10 10 2 2 10 2 10 8 2 2 2 10 2 2 2 8 2 2 8 10 2 2 2 2 10 10 2 10 10 2 8 2 2 8 10 8 8 10 2 10 2 8 10 10 2 2 10 10 2
left_child=1 24 4 9 12 11 7 8 -7 10 42 -6 54 15 41 -14 17 21 30 20 44 -17 28 -19 53 26 39 46 -11 32 -18 -27 -9 -12 -26 36 -8 49 -39 -22 -29 -15 -2 -32 -20 51 -23 -47 61 50 -35 52 -46 -1 -3 56 57 -55 59 -58 -60 -36
right_child=3 2 -4 -5 5 6 35 29 -10 22 33 -13 13 14 -16 16 18 23 19 -21 25 27 -24 -25 34 31 -28 40 -30 -31 43 -33 -34 37 48 -37 -38 38 -40 -41 -42 -43 -44 -45 45 47 -48 -49 -50 -51 -52 -53 -54 55 -56 -57 58 -59 60 -61 -62 -63
leaf_value=0.042167242673131933 0.0092913336224676214 0.071355083786399084 -0.03960647396746024 -0.046419363410853343 -0.0432252302428058 -0.055830389364766302 0.035977254695219722 -0.038672775415878213 0.044629738390885215 0.043990340229815413 -0.049074597837347869 0.011341699828690315 -0.051941408971821826 -0.055974934071277398 0.049936845091266405 0.024345964293359952 -0.034526805689816843 0.05474534667324097 0.066013651662448145 -0.032037717035012105 0.0013333287975099536 0.031233870824414256 -0.047417124049302234 -0.0046089231215764087 0.028794184572962195 0.069331058864796319 0.04255449259778421 -0.016815282589450965 -0.02543262931648755 -0.059215263152546084 -0.025161592500914473 0.0076563038475160666 0.024620015127014654 -0.034746141425942775 0.014818252854963743 0.057768267180934335 -0.021112145573270416 0.021813882223802577 -0.029797398483330323 -0.053565652807293009 -0.049853295643048058 -0.0078882469896341591 -0.026549863218348371 0.011004705289135282 0.030813644968467824 0.026763018357123386 -0.029967273216874125 0.067804184654641553 0.010643405945636328 -0.049486010427914555 0.010272319338244089 0.044490062105414209 -0.02355274387028183 0.00075168032133135325 0.018917304523779994 -0.029734569863230614 0.015225253471061524 -0.036107602224684898 -0.023976259385771196 0.057998199649162668 0.012972733063781661 0.044916692670637276
leaf_weight=32.397377982735634 53.059193834662437 36.499528758227825 219.92316069081426 334.5416526440531 343.34971606917679 36.62303632311523 78.186876151710749 40.59581527300179 97.464681647717953 25.965627335011959 25.120484568178654 45.783235985785723 30.488231386989355 112.33894401043653 24.875041820108891 67.273361708968878 53.365724083036184 77.202442407608032 106.4963401183486 51.290224496275187 32.801242791116238 41.780792683362961 175.32608365267515 48.106071323156357 449.40747088938951 31.972748037427664 44.785397544503212 123.45160146430135 56.372902426868677 59.333018071949482 50.438790667802095 56.905601877719164 35.788851644843817 37.843119591474533 120.87617200240493 90.908814802765846 30.741325359791517 248.58003513887525 34.014737449586391 67.034451637417078 109.43418774008751 33.321370460093021 310.20696153678 360.51052780076861 39.477681010961533 43.077053382992744 23.56886825710535 123.12419526278973 940.60388768464327 27.35644119977951 99.346421264111996 38.46024876832962 47.413534097373486 226.71872003749013 35.536980852484703 44.260092563927174 182.25023086369038 54.48489198833704 65.834424700587988 35.89837334305048 99.689197082072496 92.145574174821377
leaf_count=162 434 216 4981 7801 4658 484 483 384 633 135 539 397 216 1084 154 523 490 499 564 305 191 340 2553 338 2187 163 281 1059 520 493 371 415 222 448 731 524 321 2116 309 468 1130 218 3519 2729 360 311 219 656 5204 227 828 302 447 1248 192 318 1084 640 407 179 552 489
internal_value=-0.000369245 0.00522135 -0.00128913 -0.0212568 0.00175328 -0.0102514 0.0117504 -0.00703139 0.0171913 -0.0135565 -0.00743834 -0.0368052 0.00714791 0.00564612 -0.0311304 0.00940509 0.010547 -0.00262879 0.0161843 0.0259362 0.0306444 -0.0144867 -0.0333959 0.0319592 0.0135233 0.00433064 -0.0113482 -0.0232462 -0.00353995 -0.0309632 0.00184281 0.0298429 -0.00901792 0.00323554 0.0180168 0.0371081 0.0198657 0.00617434 0.0156017 -0.0355285 -0.03234 -0.0449746 -0.0213148 0.00656575 0.0460804 0.0387993 0.0091612 0.0571669 0.0138184 -0.0100163 -0.00214582 0.014446 0.00114778 0.00380938 0.0454865 0.00205697 0.0041733 -0.00639003 0.0119154 0.0222639 -0.00172315 0.0278378
internal_weight=6762.03 5334.3 2989.73 1427.73 2769.81 858.775 469.642 269.805 134.088 1093.19 835.527 389.133 1911.03 1838.99 170.535 1668.46 1637.97 490.817 1147.15 682.839 631.548 365.509 257.665 125.309 2344.57 233.499 144.621 298.235 82.3385 135.718 464.315 88.8783 76.3847 472.261 1603.03 199.837 108.928 447.141 282.595 99.8357 232.886 145.66 363.266 410.949 398.049 291.553 65.3497 166.201 1153.63 164.546 137.19 125.351 86.8912 741.533 72.0365 709.136 664.876 281.204 383.672 218.149 165.524 213.022
internal_count=60451 41022 27821 19429 22840 8599 3544 2216 1117 11628 8420 5055 14241 13833 1456 12377 12161 4108 8053 4463 4158 3271 3208 837 13201 1518 940 2748 655 1099 3590 578 606 4467 8611 1328 804 3928 2425 659 2189 1302 3953 3100 2640 2076 559 967 6424 1503 1276 1109 807 4590 408 4428 4110 1888 2222 1263 959 1220
is_linear=0
shrinkage=0.05


Tree=47
num_leaves=63
num_cat=0
split_feature=29 22 4 29 4 7 18 22 10 11 25 19 40 18 10 29 25 11 10 25 7 40 14 0 7 40 19 18 4 7 10 18 25 29 6 10 29 4 36 10 19 42 25 18 20 4 7 7 25 32 40 18 11 37 14 40 18 5 25 6 4 26
split_gain=319.7 169.346 97.5532 69.7786 85.746 61.1169 41.416 63.1365 83.4483 104.947 64.3144 61.7393 50.2989 39.2379 37.4047 34.1926 34.0927 37.6277 53.3343 45.5944 33.708 50.1022 41.0966 31.71 35.2404 41.7111 34.9361 34.4483 40.9827 33.6239 42.8349 30.8792 32.0741 29.1201 27.9325 27.4819 27.4373 27.3807 50.3322 43.0678 27.1715 37.7737 27.7885 91.2223 37.9473 25.7774 54.8854 43.3585 24.1472 26.7415 28.3264 24.0922 22.8497 22.4133 22.3983 21.8577 20.953 20.7409 20.2461 19.4881 25.6699 24.8858
threshold=0.32674410511522151 1.0000000180025095e-35 647.22500000000014 0.11354578049603199 1725.0250000000003 0.063792429279718343 -0.0057171293762097721 1.0000000180025095e-35 0.14595446828456546 1.5000000000000002 747.50000000000011 0.0030208267149083316 0.044432375533628429 0.0074287477867414084 0.3384188320596721 0.47701787022305336 562.50000000000011 1.5000000000000002 0.24945989828264456 812.50000000000011 0.18307222133976417 0.023827901391113765 0.013284178461863633 0.028338453844562884 0.39715038510133943 0.025545233197574999 0.0015428291988058842 -0.0027331076208381151 586.55000000000007 0.27138003396409516 0.14910772060355257 -0.010645560248324413 747.50000000000011 0.50232793438683732 1.0000000180025095e-35 0.035387422926465219 0.4383699767137727 292.02500000000003 44.427310672914025 0.37440042452090649 0.00064151629344855199 0.028107942571238598 677.50000000000011 0.005873785936321708 68.813079094039495 1056.2250000000001 0.027734285217369408 0.19505140621857742 607.50000000000011 0.063610341653377436 0.025431673567023128 0.0022751579534044945 1.0000000180025095e-35 -6.6569252770452625 -0.11518605885946699 0.025849228190975144 -0.0072413795610132827 0.036945425121276548 747.50000000000011 0.10618553784599986 586.55000000000007 0.014357547915047304
decision_type=2 2 2 2 2 8 8 2 10 2 2 10 10 10 10 2 2 2 10 2 8 10 2 2 8 10 10 8 2 8 10 8 2 2 8 8 2 2 8 8 8 10 2 10 8 2 8 8 2 10 10 10 2 10 2 8 8 10 2 10 2 2
left_child=3 5 31 34 6 14 -5 12 11 10 -10 20 40 16 -2 52 -7 19 23 37 -9 22 -22 26 -25 -26 27 -19 29 30 -29 -3 -33 55 -1 -31 -34 -18 -39 -40 41 45 43 -42 51 46 -8 -47 -11 50 -50 58 -16 -28 -46 -30 -4 -43 -44 60 -48 -62
right_child=1 2 56 4 -6 13 7 8 9 48 -12 -13 -14 -15 15 -17 17 18 -20 -21 21 -23 -24 24 25 -27 53 28 33 35 -32 32 36 -35 -36 -37 -38 38 39 -41 42 57 44 -45 54 47 59 -49 49 -51 -52 -53 -54 -55 -56 -57 -58 -59 -60 -61 61 -63
leaf_value=-0.0013264352800840405 -0.040122827433368813 0.033420130126983076 -0.023705155244054935 0.019205794954087346 -0.029702588474969305 -0.056522859268112194 -0.02384473081158282 -0.0464282037389675 -0.013621363523110214 0.021039488734053414 0.063529421545181555 0.037698124597850928 -0.03869270587006432 -0.050914462542205143 0.0258145334927475 -0.036462525407895519 0.045283978846928502 -0.026232744767730055 -0.029309445484959451 -0.04603788577162251 -0.03933611311563822 0.032294966707297486 0.045685236178437977 0.041572461203155969 0.038515115554508234 -0.039665289819246191 -0.035463120811019377 -0.038723668875747713 0.049661887060295451 0.043074093003217656 0.033506893056964256 -0.046001966992997946 0.034470448526442501 0.0035697211442920645 0.019966593698498982 -0.0072607739055958534 -0.025427574795452598 -0.05100917374052686 -0.024088354951374704 0.052047812059423985 0.032623059444076341 0.01025562692822083 0.015353218650442807 -0.050808658246087934 0.050069403720611486 0.064313807439248666 0.0047799329927276897 0.0075695973053436939 -0.031898606021004861 -0.042361149497358835 0.028760380001055193 -0.039723414520671387 -0.021370351971115982 0.014089115533341925 0.0026077358544086974 0.01003391262182479 -0.049286564000987861 -0.028985220283808046 -0.020370687632388262 0.035046003587055514 0.038134897199706912 -0.0035371201995670291
leaf_weight=177.46357654035091 182.72942767105997 45.395274065434933 96.356922740116715 466.55673043057323 183.21207577176392 25.475128080695868 79.703610841184855 177.79171650856733 36.967563528567553 39.344208616763353 100.31177102401853 36.097036771476269 54.707587465643883 37.967271234840155 71.782057832926512 65.907000232487917 27.620686490088701 58.427922653034329 94.629075596109033 82.288607088848948 128.41460897028446 41.696438681334257 15.982059605419634 140.09971720352769 32.74547815322876 35.617864400148392 77.604234248399734 83.42191519215703 131.29827624186873 54.922583028674126 27.223934404551983 49.576400376856327 39.689186707139015 84.738090466707945 1165.8485324382782 53.564115390181541 36.887725215405226 46.029778519645333 35.714470082893968 38.702454067766666 166.26750577613711 67.101521831005812 63.828862819820642 40.802693396806717 35.039340034127235 75.442152120172977 265.46543340198696 60.791118569672108 38.346238844096661 83.046531662344933 38.639026012271643 83.220718752592802 39.930033829063177 32.32590564340353 85.550982784479856 47.344249105080962 472.85772222653031 67.594871141016483 104.74735064804554 163.5253544896841 154.38514201715589 46.652506720274687
leaf_count=1029 2753 271 1266 3120 3453 206 592 2011 204 220 547 254 364 464 402 639 283 606 955 1131 1611 279 163 943 186 251 768 918 1055 526 174 481 275 746 5886 545 357 754 473 257 1016 427 437 270 177 446 1843 365 334 589 192 532 370 311 555 384 11397 419 744 1027 936 369
internal_value=-0.000352749 -0.0152142 -0.034995 0.00768206 0.00344272 -0.00610225 0.00559764 0.00289764 -0.00923283 0.00911056 0.0427537 -0.024672 0.0084312 -0.000863969 -0.0242406 -0.00790137 0.000706778 0.00193781 0.00631729 -0.0161988 -0.0308591 -0.0159845 -0.0299258 0.0102405 0.027212 -0.00221752 0.00480479 0.0100269 0.0144176 -0.00155791 -0.0209517 -0.00194322 -0.0146684 0.0277092 0.0171536 0.0182218 0.00561708 0.000384344 -0.00991198 0.0155082 0.0100837 0.0151559 0.00149952 0.016183 -0.00666541 0.0190716 0.0152477 0.0389929 -0.0140543 -0.0226821 -0.00145377 -0.0177111 0.00894891 -0.0208919 0.0163984 0.0391596 -0.0449561 -0.00943666 -0.00684436 0.0201932 0.0149867 0.0284645
internal_weight=6693.42 2348.87 740.763 4344.54 3001.23 1608.11 2818.02 2351.46 736.637 336.655 137.279 399.982 1614.83 1247.76 360.349 177.619 1209.79 1184.32 953.963 230.356 363.885 186.093 144.397 859.334 208.463 68.3633 650.871 540.941 482.513 219.133 110.646 171.549 126.153 263.381 1343.31 108.487 76.5769 148.067 120.447 74.4169 1560.12 980.662 579.457 207.07 372.387 845.965 709.732 136.233 199.376 160.032 76.9853 251.797 111.712 109.93 120.59 178.643 569.215 134.696 168.576 630.028 466.503 201.038
internal_count=60558 30147 14047 30411 23496 16100 20043 16923 6404 2086 751 4318 10519 11936 4164 1411 11472 11266 8368 2898 4064 2053 1774 7413 1380 437 6033 4954 4348 2163 1092 1384 1113 2185 6915 1071 632 1767 1484 730 10155 6424 3731 1286 2445 5578 4767 811 1335 1115 526 1713 772 1079 732 1439 12663 846 1181 4175 3148 1305
is_linear=0
shrinkage=0.05


Tree=48
num_leaves=63
num_cat=0
split_feature=29 22 23 29 7 29 23 21 7 21 23 10 11 32 1 21 5 1 20 11 10 29 7 26 20 23 23 19 0 7 21 1 18 40 7 2 23 5 16 11 11 1 11 1 7 1 21 11 11 21 10 20 1 0 26 36 14 7 11 9 10 17
split_gain=275.055 174.825 126.337 64.2184 63.8714 48.4493 47.5714 45.5887 44.2196 40.3789 37.7348 36.5531 56.9919 54.2861 56.5422 74.5675 48.1533 99.5017 42.6174 38.3605 36.2013 35.5068 42.7557 35.4562 33.4341 32.5977 40.2963 38.8656 38.1065 31.9876 31.7939 36.2355 31.6214 44.4632 35.5819 30.3776 30.1578 30.0334 26.2824 28.9621 26.1536 52.7925 48.66 39.3845 27.3797 25.4991 25.3533 33.0899 109.228 84.9071 69.3519 35.4926 42.6756 30.3744 28.4021 31.1623 26.9337 24.0442 23.6094 22.7633 22.683 21.7761
threshold=0.28296329785124857 1.0000000180025095e-35 6.53167905311581 0.51539590530224266 0.029373139759293076 0.069484775211721223 7.5163924967674971 0.0012911939358669045 0.076924989480931766 0.00097122150553313432 6.5482549180985155 0.071714995101847867 1.0000000180025095e-35 -0.0097647736007660507 35.500000000000007 0.00058744115874064537 0.035598705501618165 20.500000000000004 46.432913676213609 1.5000000000000002 0.39462903763979035 0.39776300643347634 0.26295696106901939 -0.010978769071233985 37.535026406821196 6.3742579123184413 7.38388075629795 0.0031699106425423511 0.017263054656285016 0.34658453401844613 0.00095358183602656243 13.500000000000002 -0.014423578361070276 0.026570847968353191 0.27138003396409516 0.33343638118266683 6.990923862851953 0.12884432688607961 0.03461306463984247 1.5000000000000002 1.0000000180025095e-35 24.500000000000004 1.5000000000000002 43.500000000000007 0.16161560293197466 43.500000000000007 0.00039592741465105738 1.0000000180025095e-35 1.5000000000000002 0.0012911939358669045 0.4142480226081941 60.834321422847644 31.500000000000004 0.0068602884353518067 0.014357547915047304 70.838472418291261 -0.081474247014518025 0.057805531165901841 1.0000000180025095e-35 0.11874351072892818 0.24945989828264456 -0.054401124674938905
decision_type=2 2 2 2 10 2 2 10 8 10 2 10 2 10 2 10 10 2 10 2 10 2 8 2 8 2 2 10 2 10 10 2 10 10 10 10 2 10 10 2 2 2 2 2 10 2 8 2 2 10 10 8 2 2 2 8 2 10 2 8 10 10
left_child=4 3 9 25 6 -6 20 -4 -5 -3 40 13 -13 14 15 24 18 -18 -14 45 23 22 -9 59 -12 28 27 46 29 -2 31 -17 -16 34 -34 -11 -10 -21 39 -20 41 -7 43 60 -43 -19 -27 53 -49 50 51 54 56 -48 55 -50 -53 -30 -22 -1 -42 -24
right_child=1 2 7 8 5 10 -8 21 36 35 11 12 16 -15 32 30 17 19 38 37 58 -23 61 -25 -26 26 -28 -29 57 -31 -32 -33 33 -35 -36 -37 -38 -39 -40 -41 42 44 -44 -45 -46 -47 47 48 49 -51 -52 52 -54 -55 -56 -57 -58 -59 -60 -61 -62 -63
leaf_value=0.037466987844820852 -0.03222293738991594 -0.030212065670796453 -0.049047336132503706 -0.049454908835567052 0.03018234005310344 0.033061713710832268 -0.040151146790248567 -0.055214652520393016 -0.0061441962704378277 0.027381753314590224 0.032561216220917011 0.063993303139454311 0.047367611561260056 -0.028438263192480315 -0.060761846700708701 -0.0035799383876940942 -0.043034570427246809 0.0070708096757983027 0.056056702330682467 0.015165078582236756 0.057107377408494732 -0.041627557019875333 -0.0069243939211365811 -0.0077526213227121906 -0.031248022459732128 0.046652437163063942 -0.039682436122379844 -0.044800372270075335 -0.024657320586990942 0.018582209295945239 0.075280311401683009 0.053739614146748195 -0.0033097379802632661 0.028619870535336558 -0.049349546456456506 -0.023183636142406951 -0.049823714172024879 0.065595990536268467 -0.0097020847539961846 0.0053555684829683647 0.0022411544739079888 0.0082606276233885504 0.013735473575577601 0.06382214278691882 -0.05146632213959032 -0.051143697647980962 -0.014442372617473465 -0.047450742081633718 0.045808807715948016 -0.039931554219778315 -0.050504231107637687 0.064235015035634932 -0.02850169104553443 0.042037224714833149 0.0050544556374293968 -0.0079609401249691718 -0.0018730048490850706 0.010021760152621614 0.0036327828800307906 -0.0016490537313868061 0.050877393676038898 0.056238420548362415
leaf_weight=79.624685782939196 193.42624881863594 71.431606572121382 508.64555568434298 102.22484880499542 322.37249159067869 58.862653382122517 78.742366921156645 20.64900335483253 296.14368710108101 121.10338937118649 28.802182838320732 49.487852469086647 113.85576619207859 168.30696517974138 28.915803875774145 51.438071999698877 112.43320139870048 44.939535144716501 46.611485164612532 166.32994260266423 43.743453867733479 78.7615668438375 23.971941130235791 666.60831824690104 71.466696705669165 47.385880876332521 44.50100795738399 32.25888598151505 62.993088360875845 36.890740040689707 49.675477065145969 59.425395097583532 131.3621003869921 69.506704915314913 61.667336732149124 39.354115322232246 45.602081663906574 35.893116414546967 97.247857723385096 71.178894758224487 65.965829376131296 30.73234486579895 680.556595813483 100.72250442579389 51.080059602856636 32.352546215057373 29.905802942812443 88.466222068294883 243.54273055866361 68.636098528280854 33.198328875005245 30.172058410942554 61.03038733266294 116.68516295403242 74.577142607420683 30.298208348453045 31.485249362885952 241.99276672676206 39.08263324201107 69.795515730977058 37.658649802207947 31.678296159952879
leaf_count=478 2481 815 12518 1468 1569 357 1309 255 2868 774 277 361 658 1662 260 336 678 255 241 948 272 1287 288 4483 677 390 705 398 662 343 277 354 1063 420 399 302 640 189 597 522 386 186 4153 573 457 247 235 1108 1730 839 272 174 538 766 691 237 274 1981 202 392 215 213
internal_value=-0.0006017 -0.0124825 -0.0307118 -0.00394109 0.00813666 0.0119325 -0.00288596 -0.0418121 -0.0206031 0.00105893 0.00959456 0.00451641 0.0120883 -0.00357845 0.00399784 0.0209103 0.00852492 -0.00331302 0.0226324 0.0126647 0.000378583 -0.0180783 0.00623097 -0.00281824 -0.0129189 0.00109992 0.00674722 0.00907492 -0.00873393 -0.0240853 0.0420393 0.0271447 -0.0111364 -0.00567067 -0.0180181 0.01498 -0.0119727 0.0241162 0.0095359 0.0254188 0.0169767 -0.00304911 0.0201603 0.0415575 -0.0290302 -0.0172963 0.0111067 0.00902209 0.00425853 0.0122428 0.0193438 0.0242659 0.00113835 0.0305149 0.0324098 0.0398596 0.030477 0.00285899 0.0318747 0.0191955 0.0199163 0.0290304
internal_weight=6623.46 2807.01 895.595 1911.42 3816.45 2838.85 977.597 663.706 443.971 231.889 2516.48 1490.9 770.33 720.567 552.26 260.808 720.842 391.948 328.894 279.515 898.855 155.061 76.2992 816.029 100.269 1467.45 932.143 887.642 535.303 230.317 160.539 110.863 291.452 262.536 193.029 160.458 341.746 202.223 215.038 117.79 1025.58 140.675 884.904 204.347 81.8124 77.2921 855.383 807.997 661.406 572.94 504.304 471.106 122.688 146.591 348.418 273.841 61.6573 304.986 82.8261 149.42 103.624 55.6502
internal_count=60705 35252 16452 18800 25453 18317 7136 14561 4976 1891 16748 10421 4696 5725 4063 1921 4335 2317 2018 1639 5827 2043 756 5353 954 13824 8357 7652 5467 2824 967 690 2142 1882 1462 1076 3508 1137 1360 763 6327 1000 5327 1174 643 502 7254 6864 5863 4755 3916 3644 986 1001 2658 1967 448 2643 474 870 601 501
is_linear=0
shrinkage=0.05


Tree=49
num_leaves=63
num_cat=0
split_feature=4 22 21 18 21 18 34 1 11 34 39 1 7 16 21 4 11 21 1 1 21 18 21 1 10 1 10 6 18 19 17 34 8 11 16 31 1 31 41 4 10 4 7 34 7 21 18 34 16 26 16 19 26 36 11 1 4 11 26 4 11 11
split_gain=123.686 40.5753 229.857 123.633 88.6669 152.416 78.7371 71.8514 83.0354 70.9575 70.9122 61.1021 63.1499 59.7414 57.9075 56.4918 46.034 84.994 90.0742 68.5339 64.1466 91.6639 125.672 112.459 62.1732 79.2761 71.0758 56.1588 50.0334 51.2462 43.898 69.692 40.4 39.8066 37.7559 35.4876 35.1419 34.1206 39.7967 33.1354 31.4234 30.945 30.1004 28.9613 28.4975 29.7426 33.0723 28.0718 25.3491 25.025 24.935 23.7355 23.4057 23.1553 23.0127 26.2632 22.5089 26.148 32.0304 22.443 22.3648 22.255
threshold=1473.9250000000002 1.0000000180025095e-35 0.00084956341151054516 -0.015968175855729624 0.0011549621135986743 -0.01310906158523528 -0.14707128603155009 61.500000000000007 2.5000000000000004 0.035280125654904355 0.043151249360910186 73.500000000000014 0.041325401776949634 -0.042464203392857343 0.0024531374974023105 1070.0250000000003 1.5000000000000002 0.00062904037064901797 34.500000000000007 57.500000000000007 0.00069017871430711536 0.0051474687826603702 0.0004052138928074376 25.500000000000004 0.37440042452090649 23.500000000000004 0.06849039378244122 0.16511892814349249 -0.001347174887222746 0.0006929052234282419 0.011765054309386075 0.17773105983594431 0.00064311863222592822 1.0000000180025095e-35 -0.017937160394206852 0.19761169038914675 71.500000000000014 0.03509059628408507 0.042039429085914869 517.87500000000011 0.15088713437079584 597.12500000000011 0.17717966073670469 0.032523703347893458 0.011330682534583395 0.0016975341745299997 -0.011159825187319226 0.020963913126759274 -0.0054358868567346468 0.017977021770230344 0.012494659414841068 -0.003004327261088013 -0.014598242926417026 77.975892305218196 1.0000000180025095e-35 5.5000000000000009 517.87500000000011 2.5000000000000004 0.0016893894219066584 1837.9250000000004 2.5000000000000004 1.5000000000000002
decision_type=2 2 8 8 10 10 10 2 2 10 8 2 8 8 10 2 2 8 2 2 10 10 10 2 10 2 10 8 10 10 8 10 10 2 8 10 2 10 10 2 8 2 10 10 10 10 10 10 8 2 10 8 2 10 2 2 2 2 2 2 2 2
left_child=1 4 30 -4 11 53 36 35 14 42 -10 12 15 -13 -9 -1 17 19 39 32 21 22 34 -24 25 40 27 56 -25 48 31 54 -14 -20 -18 -7 -5 38 -28 -19 -22 -36 60 -39 59 49 -47 -31 -30 52 -17 -44 -46 -6 -3 -56 -27 -58 -59 -2 -8 -11
right_child=44 2 3 6 5 7 9 8 10 61 -12 13 16 -15 -16 50 20 18 33 -21 24 -23 23 28 -26 26 37 -29 29 47 -32 -33 -34 -35 41 -37 -38 43 -40 -41 -42 -43 51 -45 45 46 -48 -49 -50 -51 -52 -53 -54 -55 55 -57 57 58 -60 -61 -62 -63
leaf_value=-0.015787953642361682 -0.020228508577639862 -0.051354468675217202 -0.057394742055586048 0.03825908725239989 0.0085589803534520132 -0.050619681447215195 0.0024710527563019404 -0.053794402370438268 0.049933554685077597 0.047392306635607839 -0.038264996986631709 -0.091508530940124733 -0.01520141543768864 0.0049588370048100116 0.032115092925633991 0.049373063533931977 -0.0092062947124674031 -0.003731675223771633 -0.033363836757828183 0.075405217408167496 0.062355491681956809 0.063082921216351742 -0.038914964194184748 -0.051415331733050046 -0.032676437255752332 -0.053858520712322701 0.048748249024192905 0.025783269902130226 0.00098709860637524803 -0.039266418891561294 -0.051062221960052327 0.037056003820753643 0.019284190830331543 0.022334095590339262 0.021618131186030076 0.010489518225083106 -0.01504364471397565 -0.025759709624538843 -0.0082405511849053033 -0.065625342221074773 0.030692059120996703 0.056716682248411567 0.033614421173640212 0.033489180819810428 0.023027014926205527 -0.015209417448480029 0.078950075228088668 0.021638636220209756 0.035134360003602282 0.018520705618872087 -0.0078063975990496125 -0.0034185293549786168 -0.020660557517058243 0.046755208789631776 0.023227857182125389 -0.025301835506785709 -0.02584180822573668 0.050362771147278808 -0.0097616470152597969 -0.050283108376585853 -0.030886500552309872 0.014209967491651579
leaf_weight=379.076061764732 168.18655957654119 76.930982366204262 63.774937935173512 325.49132554978132 69.765784692019224 226.05180986784399 75.265861654654145 90.763106105849147 80.860458489507437 88.689560104161501 31.73339981213212 29.813127160072327 122.83419464714825 34.763308472931385 25.023014925420284 54.884784534573555 55.696082055568695 27.848924305289984 45.934115903452039 42.547489076852798 170.83415630459785 67.272173970937729 223.95113377459347 34.37041999772191 45.797615941613913 29.755101293325424 250.43148902803659 155.40740777924657 81.500772502273321 61.613845180720091 151.94216220453382 47.793129434809089 275.19577159918845 106.3489846624434 151.40375649556518 26.547807041555643 34.167874678969383 39.34228684194386 34.903953284025192 96.744138525798917 144.74974475055933 107.30775728449225 57.772625265643001 43.352815885096788 32.737678771838546 18.783310905098915 18.520901313051581 27.302924547344446 163.13807209953666 51.961628466844559 29.215724755078554 172.32978263497353 482.63862094096839 92.003285638988018 30.403728855773807 335.68807818181813 94.939078759402037 33.811196517199278 64.234854809939861 98.490316934883595 151.16846813075244 117.44321577064693
leaf_count=3334 2563 1331 800 2264 472 1951 630 828 484 593 238 194 988 241 143 347 385 273 441 308 963 384 2016 267 301 258 1557 1061 603 568 2042 378 2275 782 1202 214 286 386 249 756 853 673 396 260 381 187 231 168 1116 470 216 1287 8065 599 307 3758 662 202 482 2447 1472 1030
internal_value=-0.000168144 0.00251474 -0.00387829 0.0101468 0.00529943 -0.0117013 0.0143602 -0.0258218 -0.00549768 0.00413761 0.0250757 0.0085845 0.00953802 -0.0395774 -0.0352281 -0.00756315 0.0123683 0.00144658 -0.0202622 0.0150892 0.0161336 0.00677064 0.00259066 -0.0109796 0.0243637 0.026824 0.0179389 0.00271517 0.00602425 0.011943 -0.0275773 -0.0203071 0.00864175 0.00553358 0.0281369 -0.0441972 0.0331953 0.0335811 0.041777 -0.0517909 0.0478323 0.0361762 -0.0068564 0.00530146 -0.0177127 -0.0117075 0.0315392 -0.0205648 0.0237583 -0.0145511 0.0295095 0.00587946 -0.0178854 0.0302824 -0.0264954 -0.0212715 -0.0133796 -0.00713843 0.0109723 -0.0313284 -0.0197986 0.0284868
internal_weight=6569.25 5697.93 1728.86 1086.1 3969.07 642.749 1022.33 480.98 228.38 662.67 112.594 3326.32 3261.75 64.5764 115.786 463.177 2798.57 717.454 276.876 440.577 2081.12 973.557 906.285 591.877 1107.56 1061.76 746.178 378.148 367.926 333.556 642.758 490.816 398.03 152.283 314.408 252.6 359.659 368.031 285.335 124.593 315.584 258.712 456.537 82.6951 871.319 604.642 37.3042 88.9168 244.639 567.338 84.1005 230.102 515.376 161.769 443.023 366.092 222.74 192.985 98.0461 266.677 226.434 206.133
internal_count=60618 46274 16574 8758 29700 4929 7958 3858 1693 5408 722 24771 24336 435 971 3897 20439 5823 2252 3571 14616 7382 6998 4738 7234 6933 5117 2665 2722 2455 7816 5774 3263 1223 2260 2165 2550 2452 1806 1029 1816 1875 3785 646 14344 9334 418 736 1719 8916 563 1683 8446 1071 5396 4065 1604 1346 684 5010 2102 1623
is_linear=0
shrinkage=0.05


Tree=50
num_leaves=63
num_cat=0
split_feature=29 22 4 29 4 7 18 7 21 11 1 34 40 21 22 21 11 21 4 22 7 11 17 29 1 10 21 1 17 21 21 7 22 21 1 34 18 34 10 10 4 21 36 9 0 36 33 34 1 10 11 4 11 19 34 11 0 4 7 21 0 19
split_gain=276.777 130.488 71.1031 69.818 74.6768 53.3713 41.1294 39.6195 34.1258 48.2652 44.5126 33.0657 37.9143 41.6748 80.4687 79.2978 88.8565 73.2267 58.0272 57.5933 51.4737 63.9725 44.9997 54.4361 42.0707 40.842 33.8254 57.3372 50.9531 47.6718 32.2343 32.0826 31.8421 124.02 58.7884 41.8629 47.4784 35.2171 33.914 31.5947 31.3776 30.3715 30.3668 30.2525 29.6249 27.1686 26.3158 25.712 65.1026 48.068 27.419 25.6025 34.6385 30.8443 63.5891 25.2532 24.6292 23.4558 60.7707 34.8451 24.9358 23.2964
threshold=0.36308208097312611 1.0000000180025095e-35 563.07500000000016 0.20185507976374181 1660.7250000000001 0.057805531165901841 0.0077274069037250879 0.0013126430271745554 0.0012911939358669045 1.5000000000000002 72.500000000000014 0.70642223593871534 0.048784204625958803 0.0008204484349781081 1.0000000180025095e-35 0.0009727433685497391 2.5000000000000004 0.0011549621135986743 790.02500000000009 1.0000000180025095e-35 0.14946715436935074 2.5000000000000004 0.014090820757036887 0.11354578049603199 29.500000000000004 0.19022777497088553 0.00042689144700733272 11.500000000000002 0.0015946065153554067 0.00067534136334050589 0.0024341194090803067 0.29415103500864553 1.0000000180025095e-35 0.00097122150553313432 36.500000000000007 -0.18090700949774893 -0.01310906158523528 0.18308110509426825 0.25923001775825533 0.30403125454641139 1861.7000000000003 0.00097122150553313432 4.8471586662704249 0.06458848336823525 0.030326431895236077 60.369513021183849 0.022031511890824199 0.11281870886095048 23.500000000000004 0.3384188320596721 1.0000000180025095e-35 292.02500000000003 2.5000000000000004 0.0015652776826992067 -0.14707128603155009 3.5000000000000004 0.027405251807493643 875.05000000000007 0.20582994218409725 0.00090803905619902473 0.0051450540615140235 -1.3206110369146094e-05
decision_type=2 2 2 2 2 8 10 10 10 2 2 10 10 10 2 10 2 10 2 2 10 2 10 2 2 10 8 2 10 10 10 10 2 8 2 10 10 10 8 10 2 10 10 10 2 10 8 8 2 10 2 2 2 10 8 2 2 2 8 10 2 10
left_child=3 5 41 7 6 30 32 40 9 -7 39 12 13 19 15 55 18 20 -17 26 21 -16 23 31 -18 -25 -9 28 -28 43 -2 -21 47 37 44 36 -36 -34 -37 42 -1 -3 -11 -29 -35 -14 -45 57 -49 -50 -51 52 -44 -53 -55 -15 -56 -5 60 61 -59 -60
right_child=1 2 -4 4 -6 8 -8 11 -10 10 -12 -13 45 14 17 16 24 -19 -20 22 -22 -23 -24 25 -26 -27 27 29 -30 -31 -32 -33 33 34 35 38 -38 -39 -40 -41 -42 -43 51 46 -46 -47 -48 48 49 50 -52 53 -54 54 56 -57 -58 58 59 -61 -62 -63
leaf_value=0.0011467925351185586 -0.034788986378123436 -0.045505539549835217 -0.045061319990198828 0.0063199118589878887 -0.04074531418270988 -0.024078048774127541 -0.047247543486416466 0.034247047483588498 -0.032261084367313057 -0.037824102002440609 -0.05942270134121827 0.056081236569885867 -0.039055434112385823 0.046548493189559503 0.037193422400016794 0.0064185074465565083 -0.022097349611814324 0.057828388929688425 -0.058989413206514546 0.023993574714593277 0.04744839914600768 -0.028059859549490314 -0.050705223430482095 -0.03019940818973681 0.041817421895088157 0.041305190564764831 -0.046407472033978631 0.017816357709907912 0.014894302252256991 0.041851695673619189 0.017913160821636014 -0.026507844092560476 -0.042293979079719816 0.017292481346804871 -0.035795881239981994 -0.051997574335003606 0.048527814709962237 0.015138092327851058 0.018090193318049279 -0.039091263729174951 -0.048959262464366285 0.014415525219889373 0.018139062214973311 -0.03483281890035636 0.065499936724652583 0.01559144888939154 0.019185520100233115 -0.037503979596458577 -0.0069913615078507074 0.064141740344379819 0.014429031636331722 0.020853050098819235 -0.052991937900765097 -0.053426124477777129 -0.006535722611415217 0.0064041326274474411 0.046087764553008878 0.01164654799386388 0.044178310507644702 -0.047806607489799841 0.06099544765828261 -0.011333808472107744
leaf_weight=417.35182051360607 230.21172191947699 28.292917415499687 468.52772840298712 524.72288669273257 114.16140921413898 173.10821538046002 43.090056229382753 197.63193904235959 90.799671189859509 32.315903302282095 25.850508317351341 44.89655776321888 59.022953361272812 117.31641636788845 66.341732770204544 52.413024485111237 37.367891114205122 219.21218637749553 96.045412432402372 191.64897538721561 92.830865722149611 86.576977636665106 49.957223407924175 156.41804594174027 82.785682376474142 22.89276971295476 73.479580920189619 229.84400440379977 62.925912506878376 151.10138233006001 33.197507347911596 37.622319951653481 205.85947845317423 70.206790436059237 24.978370178490877 57.690043471753597 50.326183188706636 30.66881875321269 24.627984467893839 35.006033796817064 33.773369636386633 83.726062957197428 34.398445650935173 62.60995439440012 58.360598422586918 37.00401146709919 35.234378933906555 103.9331035092473 196.03290060162544 44.949187390506268 72.43298939242959 485.66062132455409 34.063794616609812 46.615877656266093 46.464569568634033 58.814481787383556 42.638424757868052 34.793220322579145 36.402203235775232 30.683877911418676 96.860674042254686 39.307755142450333
leaf_count=2421 3178 373 11313 4291 2941 2490 367 1085 1310 391 207 345 395 617 350 251 202 1252 510 1047 506 530 373 1708 452 124 398 1227 336 802 240 222 3099 509 311 520 339 266 163 331 548 529 310 374 362 190 188 857 1533 318 413 4165 315 390 466 332 274 249 204 250 563 231
internal_value=-0.000651479 -0.0167722 -0.0365053 0.00592761 -0.00156668 -0.00802938 0.000995107 0.0109545 -0.00296773 -0.000185841 0.00509623 0.0135887 0.0127509 0.0141047 0.0222753 0.00707029 -0.010026 0.0368192 -0.0358972 0.00825829 0.0180786 0.000249402 -0.00591046 -0.000433413 0.0219399 -0.0210704 0.0162513 0.0104701 -0.018128 0.0186177 -0.0281469 0.0157065 0.00221588 -0.0080575 0.0140835 -0.0063831 0.0205578 -0.0348472 -0.0310287 0.00729899 -0.00260438 -0.00071889 0.00954772 0.00790413 0.0391753 -0.0179972 -0.0153805 0.00676634 -0.00321119 0.00816081 0.0334655 0.0117669 -0.0172526 0.0149642 -0.00610877 0.0331433 0.0186462 0.0122255 0.0252431 -0.00285929 0.0479536 0.015357
internal_weight=6524.09 1890.88 580.547 4633.21 1860.09 1310.33 1745.93 2773.12 1046.92 956.122 783.014 2321.99 2277.1 2181.07 909.705 444.743 268.612 464.962 148.458 1271.37 245.75 152.919 458.539 408.582 120.154 179.311 812.827 615.195 136.405 478.79 263.409 229.271 1702.84 522.718 286.19 157.623 75.3046 236.528 82.318 757.164 451.125 112.019 722.158 327.688 128.567 96.027 97.8443 1180.12 417.348 313.415 117.382 689.842 68.4622 621.379 135.719 176.131 89.103 762.771 238.048 106.394 131.654 75.71
internal_count=60853 26282 12215 34571 17786 14067 14845 16785 10649 9339 6849 13816 13471 12886 5002 2364 1415 2638 761 7884 1386 880 3474 3101 654 1832 4410 3325 734 2591 3418 1269 14478 5569 2204 1333 650 3365 683 6642 2969 902 6311 1789 871 585 562 8909 3121 2264 731 5920 625 5295 1130 949 740 5788 1497 685 812 435
is_linear=0
shrinkage=0.05


Tree=51
num_leaves=63
num_cat=0
split_feature=4 12 4 12 22 12 7 34 1 21 12 41 9 5 41 26 12 31 37 21 1 4 4 10 26 36 26 12 14 9 1 7 10 12 36 18 21 1 10 12 12 10 1 4 41 26 21 10 4 16 41 14 12 12 4 26 34 4 21 7 34 12
split_gain=103.72 83.129 100.58 83.5588 78.3281 146.561 74.4964 107.672 133.164 104.509 64.8274 69.8314 49.4512 44.0903 45.0393 43.9184 43.0442 41.1378 59.8336 40.9979 43.4713 40.5511 126.256 56.4519 45.023 54.7153 39.935 36.4367 35.1396 34.8346 34.6586 33.5191 39.0285 32.8813 32.3737 35.698 32.2081 35.6087 50.8812 42.1099 35.0109 30.9446 47.2486 30.4741 29.7314 28.776 30.3725 27.725 25.6861 25.6122 24.9756 24.4767 23.4256 26.4813 22.9382 22.882 22.6694 22.4982 21.1597 20.9918 20.1702 19.5917
threshold=1484.4500000000003 34.500000000000007 465.02500000000003 41.500000000000007 1.0000000180025095e-35 28.500000000000004 0.30336339179726318 0.12609111882843951 20.500000000000004 0.00088511897350622025 53.500000000000007 0.043830035250194938 0.26944270510932627 0.13501615881431558 0.018007294055687923 0.014357547915047304 125.50000000000001 -0.029630271408126237 -38.821934765802119 0.00084956341151054516 12.500000000000002 545.05000000000007 702.52500000000009 0.065101035909754731 0.014357547915047304 98.006334979023364 0.017977021770230344 55.500000000000007 0.075344211328110047 0.17973950515509049 70.500000000000014 0.0035194603794165792 0.36388003753408865 37.500000000000007 44.197845464356838 0.0032201130004164695 0.00061300331531652559 37.500000000000007 0.057329826298775276 54.500000000000007 55.500000000000007 0.21712821644170796 14.500000000000002 1017.8750000000001 0.0086236004751234357 -0.016407979854008544 0.0016975341745299997 0.13256743799188581 986.02500000000009 -0.070889512201641788 0.027267191908547563 -0.044100660859288272 67.500000000000014 77.500000000000014 343.97500000000008 0.019786758697821868 0.011469239071775552 331.80000000000007 0.0013108307044690231 0.36060948191593351 -0.05797352770259772 46.500000000000007
decision_type=2 2 2 2 2 2 10 10 2 8 2 10 10 10 8 2 2 10 10 8 2 2 2 8 2 8 2 2 2 10 2 10 10 2 8 10 10 2 10 2 2 10 2 2 10 2 10 8 2 10 8 2 2 2 2 2 10 2 10 10 8 2
left_child=1 2 15 13 6 19 7 30 -9 17 11 26 16 14 33 -1 21 18 -8 20 -6 23 44 52 28 -26 41 -25 34 -21 47 -2 45 43 36 58 -24 38 51 -39 -41 59 -43 -3 -23 -33 55 -4 -49 -11 -42 -38 -12 -54 56 -47 -29 -17 -36 61 -28 -5
right_child=31 3 4 10 5 -7 9 8 -10 49 12 -13 -14 -15 -16 57 -18 -19 -20 29 -22 22 24 27 25 -27 60 54 -30 -31 -32 32 -34 -35 35 -37 37 39 -40 40 50 42 -44 -45 -46 46 -48 48 -50 -51 -52 -53 53 -55 -56 -57 -58 -59 -60 -61 -62 -63
leaf_value=0.044873774888396424 -0.034584325967149956 0.035093113780372373 0.061619669876436259 0.0007286200034329252 0.027830746942727913 -0.04078366308648234 0.056874886963413654 -0.065923508495262378 0.016385766611924323 -0.0051418738578133012 0.019459899889626073 -0.042754607237705598 0.047227363573559021 0.014190477076418313 -0.034805797634288239 0.035267959492052518 -0.040236853622682964 0.061109836400168233 -0.024043175039211662 0.025500638242294857 -0.040013475111504972 0.078106261253548873 -0.035710078597152917 -0.066471067609223 -0.032344954301216637 0.053158235283737892 0.0098674175956249329 0.024416350019416951 -0.031416593519602798 -0.014354074830875639 -0.010049935291499772 0.037848037618642201 0.032897392940492112 -0.032390269612375337 0.023378939546331013 -0.016141721549847891 0.040022423105879987 -0.050055284809953804 -0.044718749238960846 0.036430610082669089 0.012367165470947569 -0.056463862672747757 0.013713836914969716 -0.022251591187690257 0.027543843400328429 -0.022621229033377918 0.031703483072499587 0.046770382453653898 0.0107037685784079 -0.054074236931790365 -0.03310310730202555 -0.0013150130927595128 -0.045300286705831916 0.0087402126532302917 -0.038358038580180609 0.02471498827054355 -0.022235683959003119 -0.0069867881395383399 -0.021581782155783082 0.057621734504701067 -0.034322822802116668 0.026424189232102543
leaf_weight=258.4470621496439 204.3916825056076 64.506233993917704 143.09474110230803 88.710580138489604 34.751363929361105 230.69289775751531 34.578722294420004 60.423710962757468 263.1200048699975 37.137090342119336 110.14009561017156 54.382201138883829 46.139370623975992 83.426845164969563 359.02101278863847 51.593768615275621 83.672391049563885 44.339237455278635 67.32444866001606 261.95916167646646 73.653570245951414 34.498095735907555 80.511456726118922 56.955325234681368 219.98523353971541 20.44978447444737 49.144941015169024 39.684116739779711 86.830234767869115 69.338802326470613 31.544302873313427 24.797684449702501 46.383175071328878 59.489871509373188 305.59150196239352 88.769637333229184 105.99689988233149 60.90821385756135 30.181757962331176 44.628642296418548 50.009054016321898 30.18770425952971 116.72041240334511 36.151959855109453 184.90026777796447 482.30266520380974 29.939963227137923 129.94815230742097 79.608533691614866 95.537559952586889 76.23881477676332 54.080991772934794 40.020403195172548 52.287321839481592 106.67424660176039 26.956631939858198 75.736331604421139 80.893878351897001 28.619599483907223 45.370205381885171 54.413042528554797 452.93181941285729
leaf_count=1913 4213 602 959 628 263 3277 192 479 1959 267 749 465 276 700 4706 335 914 289 432 1765 694 202 865 378 2263 174 362 278 741 492 169 286 305 898 2134 810 646 387 234 317 378 255 842 623 1317 8586 354 858 503 729 740 500 324 436 952 293 521 665 251 274 451 2804
internal_value=-0.000385994 0.00202865 0.0100621 -0.00256961 0.00468009 -0.00850788 0.0136408 0.0222657 0.00101402 -0.00824454 0.000869057 0.0121495 -0.00395964 -0.0195483 -0.0249699 0.0328748 -0.00511884 0.0209073 0.00341469 0.00842581 -0.0182647 -0.00361482 0.000504793 -0.0162107 -0.00562278 -0.0250726 0.0157148 -0.0307931 -0.00100348 0.0171593 0.0401625 -0.017059 -0.0111904 -0.00291984 0.00184976 0.0120427 -0.00672925 -0.00120072 0.0148294 -0.014359 -0.00163523 0.0198161 -0.000706766 0.0144974 0.0354943 -0.0148162 -0.0172382 0.044654 0.033069 -0.0403775 -0.0150915 0.0260569 0.00388931 -0.0146893 -0.0216436 -0.0201156 -0.00619568 0.00946819 0.0195288 0.0249523 -0.0133517 0.0222158
internal_weight=6440.73 5625.95 2047.99 3577.97 1657.05 670.396 986.657 707.739 323.544 278.917 2975.37 891.861 2083.51 602.596 519.169 390.935 2037.37 146.242 101.903 439.703 108.405 1953.7 1472.2 481.498 1252.8 240.435 837.479 279.05 1012.37 331.298 384.196 814.772 610.38 160.148 925.537 422.981 502.556 422.044 190.26 231.785 170.877 733.921 146.908 100.658 219.398 563.997 539.199 352.651 209.557 132.675 126.248 160.078 202.448 92.3077 222.095 509.259 115.42 132.488 334.211 587.013 103.558 541.642
internal_count=60674 46637 16240 30397 13327 6491 6836 4927 2438 1909 22868 6081 16787 7529 6829 2913 16511 913 624 3214 957 15597 11959 3638 10440 2437 5616 2129 8003 2257 2489 14037 9824 2123 7262 3195 4067 3202 1380 1822 1435 4803 1097 1225 1519 9519 9233 2320 1361 996 1118 1146 1509 760 1751 8879 799 1000 2385 3706 813 3432
is_linear=0
shrinkage=0.05


Tree=52
num_leaves=63
num_cat=0
split_feature=29 4 12 12 4 29 4 12 29 34 12 12 1 26 4 19 12 12 41 4 12 12 32 5 29 20 12 17 21 9 12 27 12 12 21 41 34 14 1 34 40 12 2 14 20 12 5 14 1 28 41 34 29 34 12 17 19 12 20 39 34 5
split_gain=284.391 136.813 82.8006 76.1158 58.545 55.0263 60.1825 44.3192 43.2045 37.539 36.9713 36.0068 33.5842 32.0328 31.9545 34.0112 31.6702 59.7476 45.6631 39.0136 67.3883 39.5399 34.2516 31.5939 30.9784 41.1911 33.1733 30.422 30.5613 28.7533 28.672 82.5623 36.5575 27.477 28.5027 29.4153 26.4551 25.5119 30.5658 49.4824 44.381 34.6627 28.985 48.7459 28.028 25.9901 25.4888 28.6071 23.087 22.2278 21.6818 21.5094 21.2665 20.6367 20.3211 23.5354 23.7553 19.3575 18.9239 18.8323 22.4218 18.9934
threshold=0.31163907646295091 1374.2500000000002 34.500000000000007 41.500000000000007 465.02500000000003 0.093753788261721746 1788.6000000000001 119.50000000000001 0.51539590530224266 0.61394859186234241 32.500000000000007 97.500000000000014 72.500000000000014 0.012547810987455783 733.62500000000011 -0.0027682074090182858 35.500000000000007 41.500000000000007 0.014693514302154617 551.70000000000016 53.500000000000007 55.500000000000007 0.097379690917581377 0.1536797193611254 0.52622374683565631 55.680719740492925 30.500000000000004 0.0017338687377745788 0.00080834358709477156 0.069231057094989459 89.500000000000014 0.07320524070680591 61.500000000000007 55.500000000000007 0.00051969014499015167 0.033561157958378947 -0.024019174091214564 0.090573139414732343 35.500000000000007 0.019463725010793635 0.026161828680601771 27.500000000000004 0.16244657241347696 -0.087262259687787322 59.186483367127032 51.500000000000007 0.059280522503112061 0.015643551060282673 48.500000000000007 0.50087412587412594 0.014270100255096573 0.1495115499744695 0.1586532314496161 0.17293534075380604 54.500000000000007 0.017523364208942099 0.00093146412641342835 33.500000000000007 60.834321422847644 0.0080209341344629013 0.16855673129241147 0.047683105326152324
decision_type=2 2 2 2 2 2 2 2 2 10 2 2 2 2 2 10 2 2 8 2 2 2 10 10 2 10 2 10 10 10 2 8 2 2 10 10 8 2 2 10 8 2 8 2 10 2 10 2 2 8 8 10 2 8 2 10 10 2 10 10 10 10
left_child=5 2 4 -4 13 59 7 9 11 14 12 30 24 -2 16 27 22 18 -18 20 53 -22 -7 -20 25 -6 -26 28 -16 -27 32 -32 33 34 -5 54 52 38 42 40 -40 -41 43 -17 -44 -43 47 50 -39 -35 -45 -24 -8 -19 55 56 -36 -12 -58 -1 -61 -62
right_child=1 -3 3 8 10 6 36 -9 -10 -11 57 -13 -14 -15 15 37 17 19 23 -21 21 -23 51 -25 26 29 -28 -29 -30 -31 31 -33 -34 49 35 -37 -38 48 39 41 -42 45 44 46 -46 -47 -48 -49 -50 -51 -52 -53 -54 -55 -56 -57 58 -59 -60 60 61 -63
leaf_value=0.005620668029439376 0.042996936003244134 -0.044053057494683391 -0.050162190228516867 -0.040020948333635099 0.019464038630524632 0.031223445771738918 0.024911396361243978 -0.038021080756016741 -0.030612819353198331 0.039444941403514344 -0.04531899050177822 -0.050235216720873721 -0.056395439739798582 0.0015136864711614477 -0.027467167285496082 0.03552864887866905 0.047018900174893657 0.043564319536947116 -0.039364780881869038 0.03223196982357876 -0.05841079774891459 -0.0027215187743533935 0.017623342102155819 0.02310638649215839 -0.029530538646612411 0.0050710740226231482 0.035307217675699179 0.038511725434519382 0.02073065522848239 -0.042768042037100419 0.12446612140253055 -0.033591677790061905 -0.032373323002456621 0.022546662818066152 0.027463800773950432 -0.039035526446194208 -0.039216143160634188 -0.040615943111523133 -0.030138206991039907 0.051054209496030234 0.0010650845808443748 -0.02670858751787893 0.030837192570719887 -0.029292065966533415 -0.022956209201942968 0.017897132200722279 -0.029845070329843876 0.032498485940706937 0.0068614219976364486 -0.02991926781955296 0.0078576800428474675 -0.034606713796501848 -0.034159704824068618 0.0047494407439621729 -0.032830673463902636 -0.02779592618764818 0.016517812735531389 0.013546302555637914 -0.034150714582739591 0.02643064374705912 0.017464470175182344 -0.025596792793177184
leaf_weight=209.13603357225657 119.06865703314543 320.66140636056662 156.20523428171873 60.088007513433695 302.09897302649915 326.40512458793819 38.488966923207045 54.508523628115654 250.70124207809567 89.057171575725079 73.001861168071628 44.563039660453796 25.028899932280183 76.39304605871439 51.093076430261135 80.240486392751336 22.601276896893978 103.88638211786747 124.96402203664184 200.43073224276304 37.929428830742836 199.63836675137281 44.970055412501097 24.149993248283863 111.62001163139939 78.251884402707219 23.962653720751405 110.00567070767283 92.312808763235807 52.470785515382886 15.742961298674343 17.386971471831203 110.86195245757699 151.01555256918073 136.00055253319442 47.336578272283077 106.34835815429688 73.217982083559036 244.73682674951851 48.732476484030485 213.25067385472357 50.316149996593595 184.98357251659036 73.494659002870321 27.861559441313148 93.043463611975312 94.495826285332441 54.773856617510319 39.376006029546261 23.302475091069937 84.355632854625583 35.095174957066774 25.220458449795842 51.08220112323761 33.750586863607168 37.79187580011785 38.453580731526017 17.269802527502179 35.385178310796618 609.66743267700076 71.453844867646694 39.910782508552074
leaf_count=1174 863 9093 3814 545 2653 2447 309 482 3252 646 934 785 197 625 392 550 158 540 1237 1104 204 1132 296 123 1087 629 239 654 621 622 138 282 1760 1292 978 544 2152 523 1969 267 1415 540 1292 831 304 601 687 366 251 203 650 237 715 244 330 381 292 233 295 3068 385 199
internal_value=9.6193e-05 -0.0136949 -0.00891771 -0.0176975 0.00265245 0.00816446 0.00496511 0.00664291 -0.0126383 0.00748927 -0.00424639 -0.00664347 0.000288414 0.0267839 0.00646831 0.00191129 0.0127574 0.00676274 -0.019209 0.0142838 0.00511938 -0.0116127 0.0240349 -0.0292472 0.00278441 0.0093175 -0.0180712 0.0187317 0.00355859 -0.0141311 -0.00389629 0.0415156 -0.00612852 -0.000961717 -0.00835704 -0.00256904 -0.0239523 -0.00121627 0.00083662 -0.00667528 -0.0156092 0.0146249 0.00897272 0.000827906 0.0237956 0.00224148 -0.00823827 0.00136436 -0.0240123 0.0155331 -0.00943914 -0.00527078 0.0015271 0.0307698 0.00356568 0.00852628 0.0150679 -0.0340575 -0.00776367 0.0188307 0.0226623 0.0020322
internal_weight=6389.65 2358.41 2037.75 1158.59 879.167 4031.24 3101.07 2931.01 1002.38 2876.5 683.705 751.679 593.433 195.462 2787.44 1616.29 1171.15 764.682 171.715 592.967 392.536 237.568 406.47 149.114 568.404 432.822 135.583 253.412 143.406 130.723 707.116 33.1299 673.986 563.124 388.806 328.718 170.058 1362.88 1250.29 650.08 457.988 192.092 600.206 387.36 212.845 143.36 307.12 212.624 112.594 174.318 157.85 80.0652 63.7094 154.969 281.382 247.631 209.839 90.2717 73.8388 930.168 721.032 111.365
internal_count=60831 32066 22973 14891 8082 28765 23939 20763 11077 20281 6594 7825 5427 1488 19635 11913 7722 4742 1518 3224 2120 1336 2980 1360 5230 3904 1326 1667 1013 1251 7040 420 6620 4860 3365 2820 3176 10246 9472 4792 3384 1408 4680 3084 1596 1141 2534 1847 774 1495 1481 533 1024 784 2276 1946 1565 1167 587 4826 3652 584
is_linear=0
shrinkage=0.05


Tree=53
num_leaves=63
num_cat=0
split_feature=29 22 34 12 12 11 4 34 12 12 11 29 29 34 4 29 37 4 12 12 4 12 1 11 1 12 29 4 12 36 14 20 7 34 4 41 12 12 12 4 11 11 10 41 6 18 8 34 10 40 32 11 22 7 4 29 18 18 34 1 12 6
split_gain=255.665 142.343 120.746 114.642 86.994 62.6648 59.8402 49.5979 48.4547 76.0951 47.6058 45.3236 43.8074 40.2611 39.427 38.4678 38.4197 37.5101 96.451 41.7776 47.9962 37.1768 99.8844 56.8324 47.827 116.249 38.9065 35.3934 30.2768 28.8543 27.9292 28.0274 27.8215 25.9506 25.6896 44.3788 35.1703 48.6249 50.8534 54.7371 35.2342 35.1754 51.4908 36.2442 35.6387 30.569 31.8797 48.1436 26.5141 73.4869 36.0524 28.8887 87.9997 41.1617 34.0622 31.9402 27.341 26.2983 34.7313 25.3484 24.8678 24.7975
threshold=0.24614391330214966 1.0000000180025095e-35 -0.15196485391660439 34.500000000000007 41.500000000000007 1.0000000180025095e-35 458.72500000000008 0.22187736239179537 97.500000000000014 90.500000000000014 3.5000000000000004 0.48304541795566974 0.44685221955854915 0.65939276182654105 433.85000000000008 0.078209369387906902 20.962339017945308 545.05000000000007 47.500000000000007 46.500000000000007 1354.6250000000002 26.500000000000004 35.500000000000007 1.0000000180025095e-35 31.500000000000004 27.500000000000004 0.4977627051670353 1788.6000000000001 116.50000000000001 4.8471586662704249 0.052864421107976865 55.500639854573699 0.29762849959356513 -0.022597948222948246 740.32500000000016 0.013165579993528824 34.500000000000007 41.500000000000007 53.500000000000007 551.70000000000016 3.5000000000000004 3.5000000000000004 0.18081900799640724 0.020603476959827977 0.14178628024768819 -0.0037406498613692936 0.038016400772472626 0.12990228798576034 0.20795151649292962 0.029861889991867559 0.10910358671265487 2.5000000000000004 1.0000000180025095e-35 0.084964713182174897 875.05000000000007 0.13902400189691286 0.0019255678554749303 -0.015672868595020924 -0.04988747427191647 37.500000000000007 32.500000000000007 0.11064026742852416
decision_type=2 2 8 2 2 2 2 10 2 2 2 2 2 10 2 2 10 2 2 2 2 2 2 2 2 2 2 2 2 10 2 8 10 8 2 8 2 2 2 2 2 2 8 10 10 10 10 8 10 10 10 2 2 8 2 2 10 8 10 2 2 10
left_child=13 3 5 6 -5 -3 -2 -4 9 11 21 17 32 15 -14 -1 -9 18 -6 -19 29 22 -8 26 25 -25 -23 28 34 -21 31 -31 -7 -29 35 -17 -37 41 40 61 -39 42 43 -38 -45 46 57 -48 51 50 -50 -47 54 -54 -53 -55 -57 -36 -59 -32 -26 -40
right_child=1 2 7 4 8 12 10 16 -10 -11 -12 -13 14 -15 -16 27 -18 19 -20 20 -22 23 -24 24 60 -27 -28 33 -30 30 59 -33 -34 -35 45 36 37 38 39 -41 -42 -43 -44 44 -46 48 47 -49 49 -51 -52 52 53 55 -56 56 -58 58 -60 -61 -62 -63
leaf_value=0.019960460864186551 0.044633562813296987 -0.053305549875917513 -0.042240493109424827 -0.045513178448909827 0.038579270256415263 -0.01440557679792235 -0.04438388107222152 0.03063999229552606 -0.045137146030196633 0.084520594676497779 0.04094915209876953 -0.024022111491223949 0.039646379981972263 0.048946968779084929 -0.036041252944106331 0.049125525224308492 -0.050864592642620846 -0.034320951963174973 -0.031651020199374241 -0.01835126963238724 -0.030234933643738512 0.034824191498097901 0.054383722396434256 0.045601113367828822 -0.053516998192839942 -0.046345690603548303 -0.026591025378721059 0.0070775632469664458 -0.026906204931493378 0.045132250542522762 -0.023613974942718056 0.01200015110754429 0.041114451375076855 -0.032935298752659839 -0.037455325695494687 0.025886314128987894 0.060367255896262698 0.047272955568151122 -0.026564291926052277 0.03414074141082566 -0.0062865943467511594 -0.057879280062730791 -0.049036425966498029 -0.031916727439276926 0.036477556277806286 -0.014179423788268038 0.058183130114178132 0.0056805989483185966 0.041262573061262797 -0.047840270400062931 -0.01117920077701823 -0.00035732522075588745 -0.054728803630576452 0.020120853050618739 0.048081266754787425 -0.043702626440160937 0.021193468657401716 0.028592185253595151 -0.01550990859432628 0.030370328318691554 -0.012418186458456307 0.016903721444506008
leaf_weight=588.96418727934361 117.95522673428059 43.601409662514925 626.45018285140395 172.92209133692086 63.545032951980829 28.40615164116025 36.47616846114397 43.553797766566277 79.755706444382668 23.352754596620798 84.067911475896835 279.31873276643455 23.586066573858261 62.471352029591799 63.610023967921734 84.183421824127436 21.643927462399006 53.624525815248489 211.9426650814712 46.929621670395136 57.871110687032342 106.17925429344177 85.835808768868446 73.579022467136383 96.082946263253689 64.519817989319563 34.059552747756243 68.946633838117123 62.89002038910985 155.73452728614211 51.497554270550609 108.16159615665674 109.71957782283425 98.288247808814049 34.016998533159494 280.33008800260723 29.96337366104126 133.21847580373287 132.09684953093529 79.920679178088903 39.904431156814098 40.01310109347105 47.068705357611179 47.020713038742542 32.01537487283349 411.66223601438105 86.228416424244642 88.453898418694735 133.42893106117845 38.506340686231852 43.444085281342268 53.876956153661013 52.89184682443738 73.853281900286674 111.20620944350958 57.681314669549465 22.58470949344337 108.19364354200661 76.000545240938663 37.637004893273115 59.659505635499954 43.652517147362232
leaf_count=3013 931 1004 14236 3702 348 302 475 320 1334 200 641 3135 112 495 817 455 378 427 1852 432 845 702 489 395 1105 746 244 841 430 1052 451 761 933 1639 269 1963 173 700 654 403 219 337 414 397 164 2893 493 493 732 207 254 325 481 435 607 589 179 664 468 238 414 218
internal_value=-0.00054389 -0.0109229 -0.0268672 -0.00363222 -0.0124121 0.00156243 0.011907 -0.037921 -0.00751726 -0.00476363 0.00587967 -0.00671908 0.0121798 0.00919355 -0.0155682 0.0084176 0.00358262 -0.000577527 -0.0154514 0.00743407 0.0123247 0.000580852 0.024929 -0.0062798 -0.0187784 0.00264354 0.0199084 0.00581441 0.00733695 0.0184828 0.0233792 0.0315526 0.0296965 -0.016439 0.00824126 0.0144011 0.0111718 0.00457059 0.0140024 -0.000166692 0.0349276 -0.0160551 -0.00533215 0.0135405 -0.00421206 0.00386312 0.0156789 0.0315974 -0.000783222 0.0147544 0.0283817 -0.00505303 0.00504386 -0.0166701 0.0322727 -0.0036088 -0.0254426 0.00293575 0.0103952 -0.000819141 -0.0377735 -0.0157677
internal_weight=6324.26 3061.28 960.571 2100.71 1342.29 268.923 758.415 691.648 1169.37 1089.62 640.46 1066.26 225.322 3262.98 87.1961 3200.51 65.1977 786.944 275.488 511.456 457.831 556.392 122.312 434.08 293.841 138.099 140.239 2611.54 2444.31 399.96 353.031 263.896 138.126 167.235 2381.42 989.388 905.204 624.874 428.793 255.67 173.123 196.081 156.068 108.999 79.0361 1392.03 392.894 174.682 999.136 215.379 176.873 783.757 372.094 207.011 165.083 154.119 80.266 218.211 184.194 89.1346 155.742 175.749
internal_count=60625 39021 18102 20919 14777 3168 6142 14934 11075 9741 5211 9541 2164 21604 929 21109 698 6406 2200 4206 3779 4570 964 3606 2660 1141 946 18096 15616 2934 2502 1813 1235 2480 15186 6097 5642 3679 2194 1275 919 1485 1148 734 561 9089 2387 986 6702 1193 986 5509 2616 1684 932 1203 768 1401 1132 689 1519 872
is_linear=0
shrinkage=0.05


Tree=54
num_leaves=63
num_cat=0
split_feature=29 29 23 23 12 12 22 12 17 11 21 7 21 12 12 12 22 34 10 34 42 12 26 11 41 12 32 17 12 22 23 7 10 7 40 9 21 23 7 11 22 12 11 41 37 12 41 12 22 12 14 37 6 12 34 21 14 5 6 25 11 20
split_gain=255.607 91.1495 99.985 83.3978 63.9499 72.3794 57.1761 119.667 66.596 57.5524 50.5117 62.1005 49.1481 43.8132 44.499 37.0009 41.12 38.9146 35.407 33.6457 33.5956 32.9561 35.711 31.5738 57.0993 30.8188 30.6084 28.4574 29.1695 90.7564 31.3228 30.4985 27.7747 27.3837 26.8121 26.66 26.3157 26.0619 30.3194 45.6442 72.4398 26.9235 39.5748 30.8365 29.9963 41.4457 30.4599 25.4171 26.3351 28.0573 25.232 24.4681 30.7014 30.4501 24.3451 39.2292 23.3574 23.3703 23.0858 26.6142 28.5 31.4477
threshold=0.43622239852976441 0.16976623040790675 7.447197513269038 7.0561968353600859 34.500000000000007 41.500000000000007 1.0000000180025095e-35 28.500000000000004 0.019355236261710696 1.5000000000000002 0.00097122150553313432 0.26021910945542809 0.00085688248046553465 97.500000000000014 90.500000000000014 34.500000000000007 1.0000000180025095e-35 -0.20373438691922588 0.24649526067546715 -0.10094667807242656 0.025637809514697157 59.500000000000007 -0.010978769071233985 2.5000000000000004 0.035566725601822662 35.500000000000007 -0.10771615413358697 -0.014892396725326263 46.500000000000007 1.0000000180025095e-35 5.840568977672711 0.17926832542857124 0.54730766542635367 0.22030635904180604 1.0000000180025095e-35 0.23933820433358896 0.00042368627446024717 5.7322889401740102 0.38094002236701358 1.0000000180025095e-35 1.0000000180025095e-35 32.500000000000007 3.5000000000000004 0.026260071043659485 -15.218955643344575 40.500000000000007 0.031643270899932831 41.500000000000007 1.0000000180025095e-35 61.500000000000007 0.090573139414732343 74.711426208190872 0.094737598740958176 56.500000000000007 0.12609111882843951 0.0024105775746217106 -0.095502540451463877 0.06520298120360056 0.02470428662768229 832.50000000000011 2.5000000000000004 52.46343018203757
decision_type=2 2 2 2 2 2 2 2 10 2 8 10 8 2 2 2 2 8 10 8 8 2 2 2 10 2 10 8 2 2 2 10 10 10 10 10 8 2 8 2 2 2 2 10 10 2 10 2 2 2 2 10 10 2 10 10 2 10 10 2 2 10
left_child=1 37 4 15 6 19 10 8 9 -8 32 54 -11 14 21 16 18 -18 20 25 -2 23 -23 35 27 -6 -22 -25 -29 30 -30 -31 -3 -10 -24 50 -27 -1 41 40 -40 58 44 -44 -43 46 -46 -17 49 -49 -7 52 53 -47 -12 -56 -41 -58 -39 60 -60 -62
right_child=3 2 -4 -5 5 13 7 -9 33 12 11 -13 -14 -15 -16 47 17 -19 -20 -21 26 22 34 24 -26 36 -28 28 29 31 -32 -33 -34 -35 -36 -37 -38 38 39 56 -42 42 43 -45 45 51 -48 48 -50 -51 -52 -53 -54 -55 55 -57 57 -59 59 -61 61 -63
leaf_value=0.031485498758177979 0.039313292247309471 0.037714396827049954 -0.042389316965407126 -0.04631173658007523 0.039883200033587023 -0.0021071128005223862 0.055265596293241182 -0.053717484695799761 -0.05804686512288311 -0.035748598108933924 0.046655786419190964 -0.036744422557866807 0.0246594968344723 -0.034489135996358354 0.06471998796071346 -0.052103076076163116 0.0065672896780884895 -0.045454648971745559 -0.017949972928537988 -0.048419656740973836 -0.039185185056036353 0.036065136849966477 -0.047127206679821176 0.048699946617494654 -0.034464012671088874 0.031032140550039274 0.024194720431457206 -0.023456748257034286 0.00075095406943960974 -0.056267817588887326 0.052926176598844056 0.019128867646742986 -0.012826706323413954 0.0064453512410151681 -0.010593108079639046 0.038207900108220047 -0.040542317526160471 0.051122650718278262 0.029473505864769975 0.025373188047109675 -0.059924024899031959 0.025823181076670493 -0.021691127397980622 0.030038781013104712 -0.024691560347318793 0.033803983048331182 0.032414840412873444 -0.0060322618149751227 -0.052627369946641411 -0.036873388339709608 -0.044149491214509728 -0.019601674814800848 -0.014637426689708794 0.0060883068708810235 -0.026318652592752623 0.034487616905837903 0.0052626653400172042 -0.039341778993189663 0.0084038288008099031 -0.006128434602558532 0.066607724585829545 0.016406411290424399
leaf_weight=167.34320446848869 106.21785082668066 318.6726740244776 138.70416901446879 254.66152280569077 24.00972518324852 519.19275515526533 90.871557883918285 90.65227448195219 40.877123460173607 49.831884197890759 56.260680578649044 68.339001849293709 103.82458226941526 90.194157052785158 27.257299425080419 65.909758472815156 61.010257843881845 87.512027705088258 85.095941862091422 124.87549184076488 34.357529114931822 35.151558771729469 60.383472645655274 82.593901367858052 49.228815350681543 16.372984332963824 42.753557596355677 41.409739952534437 37.053814001381397 39.432658385485411 128.60007280856371 20.326535163447261 29.718103040009737 27.55470423027873 298.35602474957705 38.148708630353212 59.551267798990011 73.312633346766233 34.104864932596684 125.99250821769238 67.527969725430012 368.79270115122199 141.67697513476014 36.161727771162987 129.0920149218291 256.55680308490992 28.507091507315636 277.78792721033096 50.602867821231484 100.39546733349562 38.321679363027215 46.91093922406435 61.879632346332073 161.47406196594238 49.910727817565203 56.609962664544582 197.50581639260054 34.495057974010706 99.857301861047745 74.322515748441219 69.750386491417885 56.438041381537914
leaf_count=870 876 2419 4328 7419 224 3946 566 1887 355 409 341 579 707 1049 190 1861 545 1246 704 2863 247 226 840 520 468 163 280 300 194 593 739 163 207 155 2806 238 760 454 155 778 580 2086 881 180 892 1349 197 2104 1002 1860 344 327 320 897 446 368 1303 179 584 425 397 318
internal_value=9.61286e-05 0.00493907 -0.000982897 -0.0210146 0.00113358 -0.00465193 0.011317 -0.00313144 0.0115214 0.0237229 0.02138 0.00325618 0.00506872 -0.000700609 0.00145243 -0.013948 -0.00297579 -0.024085 0.00870414 -0.0311157 0.0210762 0.000210167 -0.0120299 0.00505902 0.0159503 -0.009493 -0.00404476 0.0230531 0.0151143 0.0222 0.0412555 -0.0306223 0.0334032 -0.0320785 -0.0167426 -0.00222995 -0.0251074 0.0125078 0.0109694 -0.000352931 -0.029925 0.0142124 0.0106442 -0.0111724 0.014328 0.00813392 -0.0143619 -0.0231957 -0.0187522 -0.0142196 -0.00499697 0.0148636 0.0182325 0.0230982 0.0200493 0.00599658 0.00804244 -0.00136935 0.0259673 0.0198275 0.0283617 0.0441551
internal_weight=6250.3 5083.99 2852.29 1166.3 2713.58 1730.46 983.123 403.612 312.96 244.528 579.511 231.12 153.656 1505.65 1415.46 911.643 416.947 148.522 268.425 224.809 183.329 1388.2 393.891 994.309 398.646 99.934 77.1111 349.417 266.823 225.413 165.654 59.7592 348.391 68.4318 358.739 595.663 75.9243 2231.7 2064.36 459.626 101.633 1604.73 1231.05 177.839 1053.21 684.421 157.599 494.696 428.786 378.183 557.514 526.821 479.91 418.031 162.781 106.521 357.993 232.001 373.681 300.368 226.046 126.188
internal_count=60709 42565 29393 18144 25065 16626 8439 4079 2192 1682 4360 1734 1116 12616 11567 10725 3898 1791 2107 4010 1403 11377 3872 7505 2977 1147 527 2509 1989 1689 933 756 2626 510 3646 4528 923 13172 12302 2995 735 9307 7129 1061 6068 3982 1089 6827 4966 3964 4290 2893 2566 2246 1155 814 2260 1482 2178 1724 1299 715
is_linear=0
shrinkage=0.05


Tree=55
num_leaves=63
num_cat=0
split_feature=29 4 29 22 21 25 12 34 12 12 4 21 11 11 7 34 6 10 12 4 0 12 22 10 32 34 25 29 4 20 25 21 29 12 42 11 7 34 21 10 35 21 12 22 34 34 19 12 21 21 22 21 21 21 37 41 6 41 13 20 29 22
split_gain=218.469 78.0209 77.6315 94.7804 184.408 65.3966 60.8528 58.3576 55.4039 63.5223 73.3845 53.307 51.8719 47.4078 45.6501 41.8136 36.7375 33.166 32.9838 45.683 31.9228 31.6832 47.6926 33.6583 32.6301 32.1061 30.2253 35.1682 30.1794 33.1747 31.9917 68.9306 29.8818 28.3783 27.6375 27.5884 38.9455 26.2598 45.9536 25.9641 25.6061 23.3369 22.5823 26.7881 22.55 27.8723 55.0169 32.1222 29.2358 29.3644 27.7075 51.3329 63.3831 48.9487 34.694 32.9365 30.4723 27.4992 24.3635 25.4077 23.573 22.4579
threshold=0.4296410740538022 1122.0250000000003 0.18051548034811232 1.0000000180025095e-35 0.00097122150553313432 747.50000000000011 34.500000000000007 -0.16279008926980407 46.500000000000007 47.500000000000007 592.72500000000014 0.00097122150553313432 1.0000000180025095e-35 1.5000000000000002 0.26295696106901939 0.23679646603785956 0.16999011137712086 0.28077064629980314 97.500000000000014 680.02500000000009 0.03316636678856915 34.500000000000007 1.0000000180025095e-35 0.24945989828264456 -0.097111447498788014 -0.20373438691922588 627.50000000000011 0.27484868160182757 1558.0250000000003 57.651723150105632 757.50000000000011 0.00098287119478441599 0.32039277290968621 41.500000000000007 1.0000000180025095e-35 1.5000000000000002 0.11790816093789211 0.12609111882843951 0.0018350920464602206 0.54730766542635367 -0.059283162164195539 0.0005241153030873649 61.500000000000007 1.0000000180025095e-35 0.70642223593871534 0.16855673129241147 0.0017659718789869718 27.500000000000004 0.00041067057919964796 0.00080834358709477156 1.0000000180025095e-35 0.0024105775746217106 0.0011549621135986743 0.0009727433685497391 9.1979162062156448 0.029185103367214731 0.15250055334218679 0.019901830530442255 0.034010222757611418 48.922970539107617 0.10043334340814009 1.0000000180025095e-35
decision_type=2 2 2 2 8 2 2 10 2 2 2 8 2 2 10 10 10 10 2 2 2 2 2 10 10 8 2 2 2 8 2 10 2 2 10 2 10 8 10 10 10 10 2 2 10 10 8 2 8 8 2 10 10 10 8 8 8 10 2 10 2 2
left_child=2 21 34 6 15 7 11 12 13 -10 35 39 -6 26 37 -5 -15 -9 19 -12 32 22 23 24 40 -24 -8 -28 29 30 -21 -32 -7 -23 41 36 -11 -13 -39 -4 -2 -1 43 -35 45 47 -47 -36 61 57 53 52 55 56 -55 60 -51 -50 59 -59 -52 -49
right_child=1 -3 3 4 5 20 8 17 9 10 18 14 -14 16 -16 -17 -18 -19 -20 28 -22 33 25 -25 -26 -27 27 -29 -30 -31 31 -33 -34 42 44 -37 -38 38 -40 -41 -42 -43 -44 -45 -46 46 -48 48 49 50 51 -53 -54 54 -56 -57 -58 58 -60 -61 -62 -63
leaf_value=-0.018582410039176486 -0.036818826186266661 -0.042436104101302892 0.03585112204049918 -0.043174480507393892 -0.054727126171494403 0.029965814360259798 0.041452368674884332 -0.047458948179467379 0.069593936496651146 -0.017888445742797524 0.065337802345637061 0.04450370790716987 0.030183132981566937 -0.057871974645277546 -0.035441289812562629 0.022057107196222808 -0.002730004330553773 0.013417461984570059 -0.029153645356646551 0.038565874498294475 0.054103557835688126 -0.052033352662229693 0.0023251618988457678 -0.016805291213504405 0.039960930259022476 -0.044712420987354506 0.016038274416676584 -0.048736168126180465 -0.039364189725323587 -0.0077028291230823252 0.023028553613002056 -0.053996220530607798 -0.023678090912663353 -0.0040357190400749149 0.034405156892372224 -0.029865849814241865 0.042210845956993537 -0.033941432665775338 0.031093685112681475 -0.014242130088133348 0.021547593784700839 0.0068869035424746795 -0.036712668404328699 -0.045780534871676354 0.052899190970419355 0.0092173120571741578 -0.046813553458496693 0.041968791574715503 0.011635087719583591 0.0079014023380328865 0.025338461118811134 -0.026123749359051658 0.063932355097500129 -0.026483925529044591 0.027588291951646877 0.052120996913441742 0.053346525501581338 -0.034178378615580186 0.030809505919228215 -0.0017051440310304475 -0.018055690005956717 0.0020179064046810863
leaf_weight=126.96442067809403 32.00459523499012 283.2595529537648 301.33555489219725 390.97565811127424 21.930114921182394 80.535569423809648 34.104861268773675 97.782654549926519 35.918136239051819 89.347337581217289 42.569070965051651 49.646851021796465 100.02837959490716 99.150158420205116 64.806225441396236 26.213493963703513 43.438814394176006 29.01171519048512 44.521690279245377 161.74165396392345 76.379532843828201 63.895669030025601 62.86769169382751 78.757539166137576 108.0740597397089 85.771377632394433 44.669357638806105 39.470938069745898 27.67521546036005 125.38896944187582 150.75968301668763 35.978065771982074 38.308614511042833 278.28283188119531 190.51300568878651 187.66069020330906 38.602640110999346 51.084002438932657 58.003473989665508 28.296588305383921 45.515498362481594 308.41491832211614 102.75851799733937 44.588110851123929 35.462685070931911 213.81328347325325 55.101208627223969 132.87998695671558 356.75545691326261 87.278812229633331 59.726135648787022 38.916572077199817 114.26119384542108 116.97594563290477 39.744205359369516 45.845030091702938 63.8876973092556 99.439118454232812 33.61133224144578 152.78754962235689 65.747883465141058 47.841903533786535
leaf_count=1029 219 8052 2314 8368 345 593 245 1239 179 779 259 323 863 1470 572 252 383 193 487 990 492 1870 544 663 858 1249 413 729 479 927 905 405 480 2113 1103 1493 267 554 382 193 360 1936 1943 898 304 1158 293 764 2218 459 282 256 672 595 204 259 362 660 182 856 436 381
internal_value=-0.000246951 -0.0195427 0.00432795 -0.00162203 -0.015207 0.00722165 0.00504716 -0.00977838 -0.00127309 0.00438344 0.00179317 0.0187691 0.0149149 -0.0216617 -7.90449e-05 -0.0390757 -0.0410733 -0.0335299 0.0122231 0.0156087 0.028883 -0.0123575 -0.00215815 0.0105828 0.022205 -0.0248176 0.00174624 -0.014348 0.0113879 0.014352 0.0222877 0.00818848 0.0126741 -0.0209623 0.0108499 -0.0176594 0.000243572 0.0143582 0.000638731 0.031551 -0.0025493 -0.000540405 -0.0162979 -0.00980063 0.0133923 0.0126607 -0.00226354 0.0150987 0.0125719 0.00990419 0.0175532 0.0277478 0.035089 0.00680869 -0.0127712 0.0158519 0.0271079 0.00237668 -0.00917878 -0.0145076 0.0026001 0.0313927
internal_weight=6187.08 1185.78 5001.3 2615.34 861.166 443.977 1754.17 248.753 1201 940.163 904.245 553.173 121.958 260.834 223.541 417.189 142.589 126.794 588.634 544.113 195.224 902.516 412.991 264.352 185.594 148.639 118.245 84.1403 501.544 473.868 348.479 186.738 118.844 489.525 2385.97 315.611 127.95 158.734 109.087 329.632 77.5201 435.379 425.629 322.871 1950.59 1915.13 268.914 1646.21 1455.7 1274.98 632.383 324.497 285.58 307.887 156.72 171.319 151.167 642.593 285.838 252.227 125.474 180.722
internal_count=60751 18769 41982 27573 12825 4205 14748 2640 10410 7170 6991 4338 1208 3240 1831 8620 1853 1432 4452 3965 1565 10717 3893 2100 1437 1793 1387 1142 3706 3227 2300 1310 1073 6824 14409 2539 1046 1259 936 2507 579 2965 4954 3011 11444 11140 1451 9689 8586 7441 3525 1905 1649 1620 799 977 821 3916 1698 1516 718 1145
is_linear=0
shrinkage=0.05


Tree=56
num_leaves=63
num_cat=0
split_feature=29 4 29 4 12 12 25 4 12 4 12 12 41 36 20 41 17 18 7 12 17 12 12 26 6 4 29 41 12 18 34 18 14 29 10 36 20 7 19 26 14 20 12 12 12 25 16 29 7 26 10 14 25 41 29 10 31 4 7 34 29 12
split_gain=215.192 98.1874 61.51 63.1189 53.558 48.5678 47.9603 47.2133 36.1524 42.4977 35.6852 65.4775 38.7095 35.5532 56.1846 31.251 29.5752 39.5953 31.2922 29.0066 37.7577 37.3184 35.5309 28.8059 27.5977 27.3083 26.6916 26.4402 42.6707 29.3112 29.9397 44.7987 26.7682 25.5162 25.4401 24.9468 24.3549 31.1181 26.4882 24.2977 24.2244 24.1096 23.5517 31.9874 24.4049 22.8337 38.1953 22.3689 22.3008 21.9154 21.7465 29.4105 57.45 29.5208 21.5438 20.8672 28.299 22.2464 20.3437 20.2935 22.2197 22.6112
threshold=0.36308208097312611 1366.4750000000001 0.10496558069453282 1725.0250000000003 34.500000000000007 41.500000000000007 562.50000000000011 400.02500000000003 61.500000000000007 680.02500000000009 35.500000000000007 41.500000000000007 0.035566725601822662 55.370734214240088 61.963052965652345 0.015552380881713084 0.024342391216395452 -0.0047604649590813888 0.52209049180755673 32.500000000000007 0.084859100117828962 33.500000000000007 30.500000000000004 0.014357547915047304 0.16746807162484781 586.55000000000007 0.51539590530224266 0.042558069766870543 26.500000000000004 -0.0049201968242391638 -0.048340349325006353 -0.014423578361070276 -0.015171967408790427 0.52622374683565631 0.10765518359470765 72.999515217571101 68.813079094039495 0.22981441067931133 -0.0012812240530571393 0.014357547915047304 -0.033511672964472078 55.500639854573699 97.500000000000014 89.500000000000014 61.500000000000007 817.50000000000011 -0.032223884001647642 0.23751178900129702 0.035720479659085286 -0.001930084433276383 0.13640237318369933 0.075344211328110047 817.50000000000011 0.036807451927466171 0.16976623040790675 0.1526472101981223 -0.040406861974649426 1070.0250000000003 0.060139217768891966 -0.026709943736118343 0.19965862358782765 61.500000000000007
decision_type=2 2 2 2 2 2 2 2 2 2 2 2 8 10 10 8 10 10 10 2 8 2 2 2 8 2 2 10 2 8 10 10 2 2 8 8 10 10 8 2 2 8 2 2 2 2 10 2 8 2 8 2 2 8 2 10 10 2 10 8 2 2
left_child=2 4 -1 8 6 -6 -2 39 9 10 16 15 48 27 50 -12 18 -18 45 20 22 -21 33 25 -17 34 42 28 32 30 31 -30 -11 41 47 49 37 55 -39 -8 -25 -9 43 44 -7 -4 -47 -10 -13 -27 58 -52 53 -53 -16 57 -57 -31 -15 60 61 -5
right_child=1 -3 3 59 5 26 7 19 23 13 11 12 -14 14 54 24 17 -19 -20 21 -22 -23 -24 40 -26 35 -28 -29 29 36 -32 -33 -34 -35 -36 -37 -38 38 -40 -41 -42 -43 -44 -45 -46 46 -48 -49 -50 -51 51 52 -54 -55 -56 56 -58 -59 -60 -61 -62 -63
leaf_value=0.015652650264350948 -0.070706741344626567 -0.046493973151603231 0.047674909989765368 -0.013343837932094156 -0.051547598856506317 -0.0034636914589934002 0.054139353073262501 0.010885121728097679 0.007895170641676939 0.052301044362399088 0.026497250065133905 -0.0026916896315828946 -0.013232047732373667 -0.043962776347408146 0.0036097537408702599 -0.046618652893732682 0.044907706011933474 -0.035822629719751774 -0.0028235067047992154 -0.051497742651099132 0.062404220225418708 0.030399363347128717 0.030563884966150714 0.004721819733056444 0.0051016844786001868 0.038971279337866427 -0.028686110921962084 -0.041448408951104666 -0.03136046207921709 0.0017062517573570729 -0.031831286733533685 0.037288497416557632 -0.0041915045409304788 -0.029120086320689104 -0.043956571009038652 -0.026773927028391688 0.021409345811048634 0.0075962920235709708 -0.03803221320589819 0.0024156614949876819 -0.055648341342994456 -0.021170607297214709 -0.052834517328454303 0.052162531386560934 -0.035817139708138358 -0.018667599386737756 0.043456532447065294 -0.037656878031771084 0.031508922312612334 0.0042750473517541628 0.033128547358823777 -0.012247613297121991 -0.036297984327920432 0.036009673119218752 -0.044864879821416202 -0.026704666369396331 0.033755498262867181 -0.026446138413326527 0.011904900407651579 -0.038441735602674651 -0.044816644392464688 0.059951588886730516
leaf_weight=1111.1412210315466 23.230465764179826 221.35059944540262 195.29914109967649 25.507407478988171 102.0421708188951 376.66572392359376 60.160426363348961 174.33499999716878 93.348101168870926 53.279392093420029 27.886191984638572 58.759885471314192 83.816924527287483 26.104525562375784 38.941230189055204 90.985820654779673 24.286950577050447 40.542249068617821 56.935286860913038 58.081962812691927 24.029461029917002 18.29027777723968 70.417330106720328 24.458598043769598 35.996428094804287 60.503132348880172 232.81200896017253 47.121594492346048 30.574029119685292 139.47130735591054 31.815821761265397 106.70955932699144 34.57751227915287 104.40400742739439 62.777956515550613 47.377335572615266 51.509317837655544 38.919922227039933 174.03392291255295 36.469082750380039 51.828440273180604 88.400124428793788 27.853675881400704 22.868535209447145 68.958754744380713 41.259501371532679 61.801715906709433 37.889844842255116 252.4178770519793 183.68001679889858 236.46757916733623 43.625119656324387 55.388990305364132 115.85236142203212 55.715127171948552 27.977277919650078 62.792608987540007 141.23101951926947 43.361743345856667 120.41887633502483 21.968851814046502 17.910850044339895
leaf_count=5930 167 7523 1465 294 3097 3615 502 1527 531 342 234 317 470 377 232 1198 212 312 547 798 196 254 802 175 270 348 3226 553 313 950 225 671 199 1084 509 435 291 323 1586 291 575 923 595 302 1265 282 539 461 1382 1374 1599 316 404 782 718 217 448 1876 374 2872 769 200
internal_value=-0.000380182 -0.0154224 0.00548803 0.00203741 -0.0108035 -0.0192394 -0.000144109 0.00243899 0.00374077 0.00629285 0.0145064 0.00612352 0.0169273 0.0011709 0.010513 -0.0214317 0.025478 -0.00557864 0.0311447 -0.00334113 0.00138151 -0.0318843 -0.0019697 -0.00773025 -0.0319572 -0.00324289 -0.014718 -0.00494571 -0.00301931 -0.00663021 0.0118716 0.0219999 0.0300675 -0.00820964 -0.0177785 0.00642971 -0.01155 -0.0144549 -0.029693 0.0346182 -0.0362929 9.96189e-05 -0.0081663 -0.0055106 -0.00847027 0.0376268 0.0185858 -0.00525621 0.0250508 0.012872 0.0169535 0.0209619 0.00757211 0.0228089 -0.0249226 -0.00571932 0.0151203 -0.0124582 -0.00908945 -0.0262654 -0.00384102 0.0168919
internal_weight=6094.64 1710.37 4384.27 3273.13 1489.02 831.201 657.818 634.588 3087.32 2525.46 969.988 549.863 394.995 1555.47 615.457 154.868 420.125 64.8292 355.296 537.958 461.586 76.3722 437.556 561.863 126.982 485.576 729.159 940.013 892.892 805.035 169.099 137.284 87.8569 367.139 194.016 291.56 635.935 584.426 212.954 96.6295 76.287 262.735 496.347 468.493 445.624 298.36 103.061 131.238 311.178 244.183 520.8 451.334 214.866 159.477 94.6564 371.472 90.7699 280.702 69.4663 185.806 65.3871 43.4183
internal_count=60664 26167 34497 28567 18644 12100 6544 6377 24432 20024 7228 3871 2169 12796 4802 1702 3357 524 2833 5584 4532 1052 4336 4408 1468 3658 9003 7994 7441 6900 1209 984 541 3534 1501 2157 5691 5400 1909 793 750 2450 5777 5182 4880 2286 821 992 1699 1722 3852 3101 1502 1098 950 3491 665 2826 751 4135 1263 494
is_linear=0
shrinkage=0.05


end of trees

feature_importances:
f_dte=615
f_close=323
f_idx_vol_24=263
f_req_move=259
f_dow=250
f_dist_lo_75=218
f_ret_48=216
f_dist_hi_75=194
f_bars_left=140
f_is_ce=133
f_moneyness=108
f_vol_48=106
f_idx_ret_24=87
f_idx_rsi=62
f_ema_rel_48=56
f_tsi=49
f_minute_of_day=48
f_vol_24=48
f_atr_rel=39
f_dist_hi_24=35
f_hma_slope=32
f_dist_lo_24=28
f_ret_24=28
f_rsi=28
f_idx_ret_6=26
f_log_close=25
f_dist_hi_12=20
f_hma_rel=20
f_oi_chg_24=16
f_ret_12=15
f_vol_12=12
f_bb_pos=8
f_vol_6=8
f_dist_lo_12=6
f_ret_6=5
f_ema_rel_12=3
f_oi_chg_6=3
f_hl_range=1
f_ret_3=1

parameters:
[boosting: gbdt]
[objective: binary]
[metric: binary_logloss]
[tree_learner: serial]
[device_type: cpu]
[data_sample_strategy: bagging]
[data: ]
[valid: ]
[num_iterations: 400]
[learning_rate: 0.05]
[num_leaves: 63]
[num_threads: -1]
[seed: 0]
[deterministic: 0]
[force_col_wise: 0]
[force_row_wise: 0]
[histogram_pool_size: -1]
[max_depth: -1]
[min_data_in_leaf: 200]
[min_sum_hessian_in_leaf: 0.001]
[bagging_fraction: 0.8]
[pos_bagging_fraction: 1]
[neg_bagging_fraction: 1]
[bagging_freq: 1]
[bagging_seed: 3]
[bagging_by_query: 0]
[feature_fraction: 0.8]
[feature_fraction_bynode: 1]
[feature_fraction_seed: 2]
[extra_trees: 0]
[extra_seed: 6]
[early_stopping_round: 0]
[early_stopping_min_delta: 0]
[first_metric_only: 0]
[max_delta_step: 0]
[lambda_l1: 0]
[lambda_l2: 0]
[linear_lambda: 0]
[min_gain_to_split: 0]
[drop_rate: 0.1]
[max_drop: 50]
[skip_drop: 0.5]
[xgboost_dart_mode: 0]
[uniform_drop: 0]
[drop_seed: 4]
[top_rate: 0.2]
[other_rate: 0.1]
[min_data_per_group: 100]
[max_cat_threshold: 32]
[cat_l2: 10]
[cat_smooth: 10]
[max_cat_to_onehot: 4]
[top_k: 20]
[monotone_constraints: ]
[monotone_constraints_method: basic]
[monotone_penalty: 0]
[feature_contri: ]
[forcedsplits_filename: ]
[refit_decay_rate: 0.9]
[cegb_tradeoff: 1]
[cegb_penalty_split: 0]
[cegb_penalty_feature_lazy: ]
[cegb_penalty_feature_coupled: ]
[path_smooth: 0]
[interaction_constraints: ]
[verbosity: -1]
[saved_feature_importance_type: 0]
[use_quantized_grad: 0]
[num_grad_quant_bins: 4]
[quant_train_renew_leaf: 0]
[stochastic_rounding: 1]
[linear_tree: 0]
[max_bin: 255]
[max_bin_by_feature: ]
[min_data_in_bin: 3]
[bin_construct_sample_cnt: 200000]
[data_random_seed: 1]
[is_enable_sparse: 1]
[enable_bundle: 1]
[use_missing: 1]
[zero_as_missing: 0]
[feature_pre_filter: 1]
[pre_partition: 0]
[two_round: 0]
[header: 0]
[label_column: ]
[weight_column: ]
[group_column: ]
[ignore_column: ]
[categorical_feature: ]
[forcedbins_filename: ]
[precise_float_parser: 0]
[parser_config_file: ]
[objective_seed: 5]
[num_class: 1]
[is_unbalance: 0]
[scale_pos_weight: 1]
[sigmoid: 1]
[boost_from_average: 1]
[reg_sqrt: 0]
[alpha: 0.9]
[fair_c: 1]
[poisson_max_delta_step: 0.7]
[tweedie_variance_power: 1.5]
[lambdarank_truncation_level: 30]
[lambdarank_norm: 1]
[label_gain: ]
[lambdarank_position_bias_regularization: 0]
[eval_at: ]
[multi_error_top_k: 1]
[auc_mu_weights: ]
[num_machines: 1]
[local_listen_port: 12400]
[time_out: 120]
[machine_list_filename: ]
[machines: ]
[gpu_platform_id: -1]
[gpu_device_id: -1]
[gpu_device_id_list: ]
[gpu_use_dp: 0]
[num_gpu: 1]

end of parameters

pandas_categorical:[]
