tree
version=v4
num_class=1
num_tree_per_iteration=1
label_index=0
max_feature_idx=43
objective=binary sigmoid:1
feature_names=f_atr_rel f_bars_left f_bb_pos f_body f_close f_dist_hi_12 f_dist_hi_24 f_dist_hi_75 f_dist_lo_12 f_dist_lo_24 f_dist_lo_75 f_dow f_dte f_ema_rel_12 f_ema_rel_48 f_hl_range f_hma_rel f_hma_slope f_idx_ret_24 f_idx_ret_6 f_idx_rsi f_idx_vol_24 f_is_ce f_log_close f_lower_wick f_minute_of_day f_moneyness f_oi_chg_24 f_oi_chg_6 f_req_move f_ret_1 f_ret_12 f_ret_24 f_ret_3 f_ret_48 f_ret_6 f_rsi f_tsi f_upper_wick f_vol_12 f_vol_24 f_vol_48 f_vol_6 f_vol_rel
feature_infos=[0:1.9071428571428573] [1:75] [-2.1242645786247869:2.1242645786247856] [-2.5521739130434784:0.47587719298245618] [5:2130] [0:5.7437603993344419] [0:5.7437603993344419] [0:5.6178010471204187] [0:0.71842105263157896] [0:0.74548049476688871] [0:0.82967244701348752] [0:4] [8:34] [-4.8601049532829892:0.48041505170307885] [-5.5093211993616071:0.63176148224657835] [0:2.5565217391304351] [-5.5791579142856413:1.0063534807922303] [-1.4532451248666072:0.20967030739304968] [-0.016460013295181875:0.010801779411457435] [-0.01270597372873139:0.0095194335957895504] [0:80.508640315113581] [0.0002440702359207427:0.0017477355786377623] [0:1] [1.6094379124341003:7.6638772587034705] [0:0.36390532544378695] [555:925] [-0.060192804113811088:0.060874061731789664] [-1:267] [-1:242] [0.050007242705914112:0.59999655331170398] [-0.85171477917591909:0.90794979079497917] [-0.85171477917591909:2.5514018691588785] [-0.85171477917591909:2.8758716875871682] [-0.85171477917591909:1.1840000000000002] [-0.85171477917591909:3.2514124293785311] [-0.85171477917591909:2.312280701754386] [0:99.999999999997854] [-99.999999999997755:99.999999999996689] [0:0.54639175257731976] [0:0.29909643754592441] [0:0.24101854062535211] [0:0.17056787687598179] [0:0.39936058086171927] [0:47.999999998777717]
tree_sizes=6881 6912 6889 6897 6940 6930 6924 6932 6977 6946 6939 6945 6983 6995 6956 6939 6982 6972

Tree=0
num_leaves=63
num_cat=0
split_feature=4 26 11 12 12 34 18 11 4 10 34 12 11 11 4 26 21 37 10 4 26 34 26 21 21 26 4 18 11 12 10 12 37 11 26 10 1 12 11 10 1 12 12 26 39 12 4 0 11 31 16 26 10 1 1 12 10 37 26 1 26 12
split_gain=2964.83 2044.79 1487.49 1588.44 1668.82 1768.17 970.619 943.014 1162.73 624.586 612.612 496.075 566.517 474.103 378.433 419.739 345.226 299.379 299.077 267.115 260.218 248.003 278.598 201.069 346.649 200.937 200.006 201.839 164.342 158.333 306.8 155.265 152.365 150.204 144.816 138.246 133.902 129.354 273.517 222.93 240.089 151.61 126.233 160.363 126.092 125.752 120.698 110.858 110.015 108.006 107.797 103.303 101.843 91.3615 89.6776 88.9087 114.528 95.3485 212.733 113.849 85.728 84.3984
threshold=332.3250000000001 -0.0099192750762311134 1.0000000180025095e-35 26.500000000000004 16.500000000000004 -0.20230957424437476 -0.011129841322748133 3.5000000000000004 177.27500000000003 0.1447751221815918 -0.025991732533842179 23.500000000000004 3.5000000000000004 2.5000000000000004 594.05000000000007 1.0000000180025095e-35 0.0015666580138989118 -35.802971127738196 0.33003811701189717 241.17500000000004 -0.036595025177804157 0.40179205027965609 -0.016075217407363354 0.0004123643355388058 0.00054991198935164796 0.014704494248297853 9.0750000000000011 -0.0076919765111230767 2.5000000000000004 28.500000000000004 0.38821297549135853 14.500000000000002 -10.547673242199277 2.5000000000000004 -0.020179178961451518 0.075587685941681901 37.500000000000007 16.500000000000004 3.5000000000000004 0.071731240301129914 24.500000000000004 18.500000000000004 20.500000000000004 -0.0017113519680547929 0.049565514142361135 14.500000000000002 200.47500000000002 0.012531015893973584 1.0000000180025095e-35 -0.074174526261140447 -0.15099291516943678 1.0000000180025095e-35 0.20227137155188898 33.500000000000007 38.500000000000007 18.500000000000004 0.29250917849570579 -8.4613304444216393 -0.011971255853275194 42.500000000000007 0.0023926095860333685 18.500000000000004
decision_type=2 2 2 2 2 8 10 2 2 10 10 2 2 2 2 2 10 10 10 2 2 10 2 10 10 2 2 10 2 2 8 2 10 2 2 8 2 2 2 8 2 2 2 2 10 2 2 2 2 10 10 2 8 2 2 2 10 10 2 2 2 2
left_child=1 2 23 4 7 17 -5 8 21 -9 -10 50 -13 16 15 20 19 46 25 42 36 22 -4 -1 32 31 -15 60 -12 30 45 -17 -25 -22 -11 -33 -2 38 -29 40 -39 54 48 47 -40 -21 -6 -44 -3 -42 -7 -47 -43 -23 -41 56 57 59 -59 -35 -28 -16
right_child=14 13 3 6 5 11 -8 9 10 34 28 12 -14 26 61 18 -18 -19 -20 29 33 53 -24 24 -26 -27 27 37 -30 -31 -32 35 -34 55 -36 -37 -38 39 44 41 49 52 43 -45 -46 51 -48 -49 -50 -51 -52 -53 -54 -55 -56 -57 -58 58 -60 -61 -62 -63
leaf_value=-0.99159820033048018 -0.95511072043258627 -0.95521874433511 -0.77973845093961169 -0.97630462119378836 -0.80612832985531879 -0.90333197292513157 -0.76923259513074271 -0.78845386768121695 -0.97989606017908781 -0.96787638438218637 -0.88516346360916986 -0.951371058774103 -0.81439494384715605 -0.98144517182850177 -0.97500606882056018 -0.89340466086698112 -0.85631533435454965 -0.88871020115916399 -0.80918476568011144 -0.87829859896646523 -0.98081795711547171 -0.81071543334851237 -0.90072964848584502 -0.8655252954556788 -0.96861233020146598 -0.8350175188925506 -0.79612445814146615 -0.98827169299606632 -0.7707851548823782 -0.99477836275847076 -0.81906843729339618 -0.92471367157739892 -0.95178144871739867 -0.9977083578060163 -0.87822190326302918 -0.97453160078693968 -0.8524158820181218 -0.83743120991572007 -0.83806242816971266 -0.92312946125404938 -0.96244337259868129 -0.92610518974622602 -0.83465420251841738 -0.96386714891721681 -0.9434206257704939 -0.9555209707549831 -0.89401736663988562 -0.93910550917396995 -0.98959374528450916 -0.89005890196669879 -0.97686276812822537 -0.88375837435481508 -0.96318779074668381 -0.89457390771694056 -0.86972059306402982 -0.96674976983073091 -0.99442861136836624 -0.93909028980578679 -0.82684110805142885 -0.89725704841411846 -0.89326974776890877 -0.99533221652950421
leaf_weight=275.17663100361824 56.410198420286179 315.20967504382133 616.46844080090523 65.91299170255661 249.90324461460114 52.366456598043442 400.12825331091881 70.563294798135757 169.0284081697464 266.88696026802063 71.169856071472168 215.93581330776215 116.05539029836655 150.22500869631767 1175.9201219081879 142.54189923405647 81.077023535966873 338.25900343060493 51.962082415819168 77.842030078172684 1412.2768314182758 52.366456598043442 51.557708233594894 163.16498252749443 405.99167895317078 48.727088958024979 41.650540769100189 206.43302002549171 56.208011329174042 95.027932822704315 61.060501515865326 255.7666702568531 74.607036620378494 72.180791527032852 54.186140418052673 305.7068817615509 72.585165709257126 153.25781506299973 55.803637146949768 198.74991056323051 86.738262087106705 412.66385295987129 42.2571020424366 638.50683373212814 57.825508058071136 416.30322059988976 46.300843864679337 63.688933700323105 889.82538798451424 126.97349321842194 1034.5913452208042 57.016759693622589 335.83275833725929 85.525139540433884 130.00629958510399 670.25020703673363 69.350172251462936 125.1538093984127 63.688933700323105 46.300843864679337 49.9402115046978 902.76536181569099
leaf_count=1361 279 1559 3049 326 1236 259 1979 349 836 1320 352 1068 574 743 5816 705 401 1673 257 385 6985 259 255 807 2008 241 206 1021 278 470 302 1265 369 357 268 1512 359 758 276 983 429 2041 209 3158 286 2059 229 315 4401 628 5117 282 1661 423 643 3315 343 619 315 229 247 4465
internal_value=-0.937617 -0.920983 -0.898442 -0.885303 -0.896705 -0.925956 -0.798519 -0.856499 -0.832821 -0.923144 -0.917496 -0.956982 -0.903488 -0.94442 -0.967034 -0.956742 -0.957951 -0.85657 -0.925202 -0.961052 -0.966548 -0.801678 -0.789076 -0.955825 -0.940534 -0.933211 -0.925955 -0.921463 -0.834692 -0.93473 -0.92541 -0.940007 -0.89259 -0.970179 -0.952746 -0.951838 -0.897325 -0.92522 -0.953979 -0.918846 -0.885189 -0.930312 -0.970602 -0.954414 -0.891679 -0.937191 -0.819867 -0.897445 -0.980602 -0.919437 -0.97332 -0.946876 -0.942743 -0.862727 -0.902009 -0.955827 -0.93639 -0.923293 -0.901233 -0.958453 -0.849093 -0.983834
internal_weight=15147.9 9676.27 4932.35 4013.41 3547.37 2053.41 466.041 1493.96 1102.32 391.636 296.406 1418.95 331.991 4743.92 5471.59 3392.9 2737.82 634.463 804.705 2656.74 2588.2 805.918 668.026 918.94 643.764 752.743 2006.1 1855.88 127.378 707.25 612.223 704.015 237.772 2459.2 321.073 561.474 128.995 1764.28 320.062 1444.22 366.97 1077.25 1949.49 744.453 113.629 551.162 296.204 105.946 1205.04 213.712 1086.96 473.32 748.497 137.892 328.756 1046.92 376.675 307.324 188.843 118.482 91.5908 2078.69
internal_count=74920 47858 24395 19850 17545 10156 2305 7389 5452 1937 1466 7018 1642 23463 27062 16781 13541 3138 3980 13140 12801 3986 3304 4545 3184 3723 9922 9179 630 3498 3028 3482 1176 12163 1588 2777 638 8726 1583 7143 1815 5328 9642 3682 562 2726 1465 524 5960 1057 5376 2341 3702 682 1626 5178 1863 1520 934 586 453 10281
is_linear=0
shrinkage=1


Tree=1
num_leaves=63
num_cat=0
split_feature=29 22 12 11 4 12 12 4 21 22 11 34 12 12 12 12 11 12 1 10 29 11 12 11 29 12 10 29 29 18 34 11 37 12 29 21 26 34 11 18 10 12 11 34 29 4 10 29 10 2 21 4 41 10 21 26 12 12 12 29 41 4
split_gain=8465.23 2393.08 1516.66 1522.12 1481.79 1291.39 2059.93 1383.97 880.503 852.155 1117.41 802.585 711.589 662.823 610.928 584.56 919.212 983.451 710.297 547.833 448.388 418.816 417.398 409.236 405.235 378.068 359.349 413.948 340.147 304.981 291.827 433.88 261.951 472.773 457.808 245.412 240.841 219.3 207.125 315.81 185.502 184.4 184.071 186.922 182.351 171.505 175.165 173.409 171.411 159.786 150.495 150.042 150.441 160.604 194.186 148.064 223.449 217.654 170.766 144.89 136.324 128.204
threshold=0.24588648583687128 1.0000000180025095e-35 26.500000000000004 1.0000000180025095e-35 436.32500000000005 14.500000000000002 11.500000000000002 339.02500000000003 0.00097334592379085449 1.0000000180025095e-35 3.5000000000000004 -0.243428420028344 14.500000000000002 28.500000000000004 11.500000000000002 21.500000000000004 3.5000000000000004 14.500000000000002 30.500000000000004 0.30358441461379493 0.15234628040258469 2.5000000000000004 23.500000000000004 1.0000000180025095e-35 0.1177910550881225 19.500000000000004 0.12880054232035634 0.4570332133794931 0.38655379232202758 0.00398845422039218 0.01774556011765616 2.5000000000000004 -7.6042443598903331 19.500000000000004 0.3602389496749186 0.00075490339606509881 0.0064965711401215303 -0.18405665375794542 2.5000000000000004 -0.0076919765111230767 0.16252868164072123 21.500000000000004 2.5000000000000004 -0.041657509157509147 0.15898582558996824 684.82500000000016 0.20547724615622179 0.41603247558721818 0.22110238907460311 -0.009562078958768306 0.0015666580138989118 258.12500000000006 0.026479919220935174 0.084507042253521153 0.00044448230800630162 -0.0037633327450988731 11.500000000000002 11.500000000000002 14.500000000000002 0.10020177773690069 0.036773316996903525 819.27500000000009
decision_type=2 2 2 2 2 2 2 2 10 2 2 8 2 2 2 2 2 2 2 10 2 2 2 2 2 2 8 2 2 10 8 2 8 2 2 10 2 10 2 10 8 2 2 8 2 2 10 2 10 8 10 2 8 8 10 2 2 2 2 2 10 2
left_child=4 2 5 -4 9 6 -2 19 -5 13 12 25 59 15 29 16 17 -1 -19 -8 30 28 -12 -20 -6 -7 27 -27 -21 36 41 -32 33 -13 40 -17 37 -3 50 -40 -35 60 43 -22 -24 46 47 -9 -25 -37 -16 52 53 54 -41 56 -26 -57 61 -11 -14 -59
right_child=1 14 3 8 24 11 7 45 -10 10 22 32 20 -15 38 35 -18 18 23 21 42 -23 44 48 55 26 -28 -29 -30 -31 31 -33 -34 34 -36 49 -38 -39 39 51 -42 -43 -44 -45 -46 -47 -48 -49 -50 -51 -52 -53 -54 -55 -56 57 -58 58 -60 -61 -62 -63
leaf_value=0.15365486123150285 -0.06638331493027802 0.11693971070542085 -0.059027808706117006 0.14860914513826332 0.043465702236815798 -0.055724999851094276 0.14153961896802533 0.11470151583431319 -0.047641870786903018 0.017440680510439992 0.13764031858586856 -0.062869987569330307 0.046310079812306233 -0.042710129708221641 -0.0655889337635122 0.15703184790811803 -0.013406982258584386 -0.023134366387977091 -0.0005471736834130336 0.088973353782968348 0.019915936972794184 0.15501653896003981 0.08774536776590891 0.15063258767518825 0.077876474123993358 0.14700558928873447 -0.058633491762507678 0.0084724237675631638 -0.043253235238305744 -0.045328188241144957 -0.0188976253998994 0.15348465347068813 -0.06605829299823672 0.10956536540585451 -0.028211529953697852 0.13183701635303297 -0.049317457429811494 0.0042164439049278777 0.06024256081610118 0.10803693268225707 -0.012445208353544811 0.13210976692083742 0.054752650351589396 -0.04913940150648087 -0.025179708263079376 -0.060227106335633676 -0.041481857815756404 -0.0040757693771816973 0.040998560273199557 0.045633316402445626 0.0027518529967738609 -0.05960669345104759 -0.043869039629916264 -0.046411345010831634 -0.010672027087570285 -0.068898860392729203 -0.039210783792380507 0.13431632938153004 0.00038640938417847142 -0.05084277185010673 0.13150187407531583 0.017448396385056738
leaf_weight=426.5300876647234 437.305823341012 111.86044032871723 162.07729853689671 385.70085987448692 444.60423469543457 90.001453086733818 408.003915771842 56.170034825801849 67.096617057919502 104.378038585186 360.75651766359806 513.02326010167599 195.43894985318184 89.829989731311798 2762.3944697082043 423.35076814889908 233.08007289469242 198.5455382168293 79.684488564729691 84.323996782302856 250.37067119777203 69.815460488200188 79.674602329730988 193.42592403292656 44.159982100129128 130.39280545711517 50.001273289322853 91.948366925120354 114.92468209564686 147.4977992027998 154.73720306158066 47.772131443023682 986.53526023030281 114.06654278934002 316.4016455411911 114.96543984115124 51.165040373802185 70.240483731031418 71.600644633173943 55.880954444408417 42.857371300458908 186.18658708035946 169.88897666335106 161.01822046935558 64.844319865107536 139.01115301251411 91.47832378745079 67.843832433223724 43.708855524659157 100.96587194502354 82.976609200239182 1066.3930961489677 745.93609969317913 104.32898835837841 89.828881293535233 64.287486776709557 527.27175790071487 56.828482210636139 145.742701202631 303.7975450605154 61.810037225484848 39.973164170980453
leaf_count=2019 2192 531 815 1803 2230 440 1916 273 335 526 1756 2555 973 452 13892 2018 1164 996 400 400 1251 325 398 942 220 620 242 438 547 733 776 237 4946 553 1545 560 252 346 344 269 212 922 838 807 324 699 450 330 220 494 406 5337 3695 518 439 323 2656 280 727 1531 309 201
internal_value=5.45184e-05 -0.0276386 -0.000397481 0.0724619 0.0505076 -0.0121741 0.0245579 0.0631099 0.119528 0.0655315 0.0438869 -0.0352788 0.0238074 0.0898656 -0.0500968 0.0964299 0.0754952 0.0974948 0.0510152 0.105016 0.0428284 0.0496323 0.108877 0.0974835 0.00457095 0.0331189 0.0624792 0.0897157 0.0127064 0.0109463 0.0714985 0.0217675 -0.0478408 -0.0296199 0.00641884 0.134907 0.0465296 0.0734598 -0.0547647 -0.0429893 0.0762432 0.0942098 0.0109688 -0.00711242 0.0370769 -0.0169269 0.0110054 0.0497224 0.130425 0.0915296 -0.063596 -0.0465732 -0.0326183 0.000945861 0.0348539 -0.0151188 -0.0301623 0.0128978 0.0345783 -0.0333814 0.0667794 0.086057
internal_weight=15146.7 9779.08 4418.98 614.875 5367.63 3804.11 1468.88 1031.57 452.797 4044.76 2140.67 2335.23 1635.4 1904.09 5360.1 1814.26 1174.97 941.895 515.365 677.068 1227.22 269.064 505.275 316.819 1322.87 362.344 272.342 222.341 199.249 380.764 645.945 202.509 1972.88 986.349 473.326 639.282 233.266 182.101 4979.34 2133.97 156.924 443.436 581.278 411.389 144.519 354.503 215.492 124.014 237.135 215.931 2845.37 2062.37 995.975 250.039 145.71 878.264 571.432 306.832 242.544 408.176 257.249 96.8016
internal_count=74948 48398 21636 2953 26550 18683 7132 4940 2138 19913 10648 11551 8170 9265 26762 8813 5741 4577 2558 3188 6113 1272 2478 1562 6637 1740 1300 1058 947 1862 3217 1013 9811 4865 2310 3072 1129 877 24900 10602 765 2204 2896 2058 722 1752 1053 603 1162 1054 14298 10258 4921 1226 708 4407 2876 1531 1208 2057 1282 481
is_linear=0
shrinkage=0.05


Tree=2
num_leaves=63
num_cat=0
split_feature=29 22 12 11 12 12 7 4 7 18 29 12 10 12 29 22 11 41 12 18 29 12 12 12 10 29 4 12 4 7 29 11 18 12 34 11 12 11 34 7 12 29 11 10 11 37 11 29 7 12 34 34 16 18 1 12 22 12 11 11 7 29
split_gain=7646.18 2400.84 1377.32 1404.56 1225.62 1988.15 1487.72 1196.05 1064.3 816.985 678.759 617.322 581.727 550.211 524.756 425.675 461.96 341.096 298.412 291.49 280.299 278.111 470.05 509.587 576.646 274.385 267.966 259.89 220.677 248.404 224.275 216.845 306.052 202.126 379.977 185.649 183.28 165.205 163.524 153.894 230.359 211.739 146.932 127.872 118.884 112.143 123.573 144.251 100.97 171.384 108.518 98.0051 95.4413 94.797 117.024 92.1585 90.5452 299.49 176.641 84.9253 87.2696 83.5273
threshold=0.23270108049783 1.0000000180025095e-35 26.500000000000004 1.0000000180025095e-35 14.500000000000002 11.500000000000002 0.10390554635521078 465.37500000000006 0.43508949220713922 -0.011129841322748133 0.15007970147427638 11.500000000000002 0.062926519970684963 19.500000000000004 0.46120217206423614 1.0000000180025095e-35 3.5000000000000004 0.028955317437847499 23.500000000000004 0.00398845422039218 0.37363452315056128 11.500000000000002 14.500000000000002 18.500000000000004 0.14815360279277809 0.13706706591199755 773.15000000000009 14.500000000000002 20.675000000000001 0.56894979015574321 0.40117323236360031 2.5000000000000004 -0.0079306356448938225 21.500000000000004 0.022270492180674787 2.5000000000000004 21.500000000000004 2.5000000000000004 -0.030523481054521458 0.12742052497443554 16.500000000000004 0.40314690554150795 2.5000000000000004 0.49658307094813975 3.5000000000000004 8.2991118638525467 2.5000000000000004 0.37812237439019231 0.083171482881360545 20.500000000000004 0.23784976737404398 0.28089294401006143 0.03997997097649849 -0.00095562380919517176 15.500000000000002 18.500000000000004 1.0000000180025095e-35 11.500000000000002 3.5000000000000004 1.5000000000000002 0.40184426277910185 0.3602389496749186
decision_type=2 2 2 2 2 2 10 2 10 10 2 2 10 2 2 2 2 10 2 10 2 2 2 2 8 2 2 2 2 10 2 2 10 2 8 2 2 2 8 10 2 2 2 8 2 10 2 2 10 2 10 10 8 10 2 2 2 2 2 2 10 2
left_child=7 2 4 -4 5 -2 20 10 61 -5 17 19 13 -10 -15 21 27 33 -18 28 26 -12 -23 -24 -25 56 51 -17 -3 30 -30 -13 -33 -1 -35 38 -26 -14 59 -34 -41 53 -36 -38 -16 -8 47 -47 50 -50 -19 -7 -37 54 -42 -55 57 -9 -58 60 -29 -6
right_child=1 11 3 9 8 6 45 25 12 -11 15 31 37 14 44 16 18 48 -20 -21 -22 22 23 24 36 -27 -28 35 29 -31 -32 32 39 34 42 52 43 -39 -40 40 41 -43 -44 -45 -46 46 -48 -49 49 -51 -52 -53 -54 55 -56 -57 58 -59 -60 -61 -62 -63
leaf_value=0.03710337219858028 -0.065439377869038598 -0.047384160687256274 -0.058737520310492113 -0.05860292816264602 -0.039789433341910228 0.1044141258695358 0.12874902720340006 -0.060772878412653913 -0.052137371557230472 0.13347587954430939 -0.044451845515592781 -0.061592784360891085 0.049734248950860128 0.12441016550501094 0.070583837902719063 -0.054939250072102958 0.11484422827513835 0.031139828224408334 -0.013612736834963052 -0.04209953604181494 -0.031568751757143118 0.14355298313924869 -0.0404998403399561 0.13338780557588487 -0.035963826142922331 -0.019770292399330799 -0.056060567054599379 0.013514231262301902 0.10407596946143448 0.12700958253308048 -0.047329665898922603 0.061968629475780239 -0.058581617428526633 0.12373110473373268 -0.0040860280474733302 0.082247589589796471 0.089860519552019194 -0.056325453435380729 -0.046756912693703523 -0.068122610302781175 0.1081539728510351 -0.041057807113286632 0.097049537959848026 0.0066740669281026193 -0.030320908813620203 0.11590732201186678 0.13975961405519496 -5.585030000102904e-05 0.090451519948251013 0.1334954795166646 0.10123735454799805 0.019955198223401464 -0.0044719939397576255 0.035326037012521093 0.012130955811494492 -0.033222307206702571 -0.005266243969279669 0.091049723986277295 0.081196709793544486 -0.017406952776579616 0.090854177681502238 -0.063550811956577663
leaf_weight=511.02213245630264 436.79371245205402 50.929490625858307 165.24792939424515 63.336665436625481 569.46414442360401 103.57524274289608 420.41110630333424 41.623165041208267 102.16551204025745 439.56653393805027 53.803437411785126 2855.910094961524 43.360848143696785 233.75094789266586 42.326083689928055 177.66535396873951 163.93560594320297 106.96265022456646 62.426919564604759 154.4955198764801 308.95140853524208 182.20658510923386 119.62957094609737 226.20045435428619 84.229476392269135 581.98506109416485 50.657882586121559 95.092481717467308 41.433542624115944 95.933615162968636 59.701762497425079 70.350592270493507 974.78150986135006 246.25648513436317 118.53968067467213 120.1100111156702 103.85633383691311 239.61845976114273 142.83339332044125 309.24502116441727 45.118181586265564 436.37935702502728 51.521579951047897 83.209534183144569 94.057681679725647 46.643367409706116 57.42767608165741 63.091871291399002 708.83768525719643 343.22669768333435 114.11782488226891 51.389539167284966 43.117829546332359 73.141987472772598 106.92510168254375 148.74916273355484 258.75749403238297 147.91262619197369 76.544586807489395 92.532908007502556 59.171756371855736 1055.1147608757019
leaf_count=2511 2255 256 854 325 2893 485 1886 208 516 1955 267 14771 208 1073 203 916 757 519 314 782 1518 814 601 1030 421 2943 261 471 200 434 289 330 4991 1140 592 578 481 1202 732 1585 221 2186 244 405 450 214 255 298 3371 1610 540 242 209 365 530 749 1291 723 378 461 292 5413
internal_value=0.000166989 -0.0252494 0.00137593 0.0677295 -0.00993728 0.0248352 0.0606121 0.0498842 -0.032423 0.109285 0.062583 -0.0477696 0.0166162 0.0505822 0.0789351 0.0399029 0.0170076 0.0812387 0.079418 0.0118104 -0.00146318 0.0655825 0.072989 0.0521549 0.074435 0.00387083 0.0437709 -0.0023311 0.0453947 0.069372 0.0146988 -0.052546 -0.0406105 0.0581729 0.0840353 0.0145749 0.0252814 -0.040074 -0.00417847 -0.0440563 -0.0314093 -0.0173981 0.0265539 0.052858 0.000994422 0.114975 0.0803339 0.0492347 0.0980395 0.104494 0.0673229 0.0764058 0.05934 0.0102126 0.0406254 -0.0106267 0.0300861 0.0577086 0.014472 0.0204637 0.0431798 -0.0552217
internal_weight=15127.4 10010 4586.95 668.151 3918.8 1538.94 1102.15 5117.33 2379.86 502.903 4010.51 5423.09 755.28 472.3 370.135 1810.02 956.886 2200.48 226.363 402.494 514.574 853.135 799.332 617.125 497.496 1106.82 205.623 730.524 247.998 197.069 101.135 5020.6 2164.69 927.34 416.318 552.858 271.295 282.979 389.631 2094.34 1119.56 810.314 170.061 187.066 136.384 587.574 167.163 109.735 1273.14 1052.06 221.08 154.965 163.228 373.934 152.043 221.891 524.838 189.536 335.302 246.797 154.264 1624.58
internal_count=75014 50195 22506 3134 19372 7414 5159 24819 11958 2280 19276 27689 3652 2242 1726 8749 4730 10527 1071 1961 2506 4019 3752 2938 2337 5543 988 3659 1179 923 489 25728 10957 4487 1976 2743 1307 1410 1956 10627 5636 4051 836 886 653 2653 767 512 6040 4981 1059 727 787 1865 751 1114 2600 931 1669 1224 763 8306
is_linear=0
shrinkage=0.05


Tree=3
num_leaves=63
num_cat=0
split_feature=29 22 12 11 12 12 7 7 4 18 12 22 11 21 10 12 12 29 12 12 12 7 37 12 18 29 29 26 7 29 4 29 1 37 11 12 29 29 11 9 11 29 4 12 21 11 11 26 29 29 12 10 0 27 11 12 12 11 18 12 4 1
split_gain=6754.77 2350.37 1188.08 1261.42 1161.62 1944.02 1278.23 1078.71 998.317 724.435 627.342 555.783 792.23 535.448 533.466 510.787 465.421 452.486 400.307 407.389 693.118 461.037 300.476 395.711 254.84 241.807 230.439 221.217 208.42 233.134 205.731 195.57 183.892 179.151 178.712 174.011 170.975 166.704 165.915 160.42 157.434 183.708 149.114 186.063 135.971 129.873 126.44 109.605 108.624 103.159 181.606 256.786 99.8767 99.0494 98.6148 184.986 169.725 96.8148 149.621 124.512 130.698 93.988
threshold=0.21713667186955304 1.0000000180025095e-35 26.500000000000004 1.0000000180025095e-35 14.500000000000002 11.500000000000002 0.083171482881360545 0.43508949220713922 501.90000000000003 -0.011129841322748133 11.500000000000002 1.0000000180025095e-35 2.5000000000000004 0.0010910412565842979 0.062926519970684963 19.500000000000004 28.500000000000004 0.4570332133794931 11.500000000000002 14.500000000000002 21.500000000000004 0.35489874715261965 -14.221357112794854 14.500000000000002 0.00398845422039218 0.32218494519217916 0.37363452315056128 0.0064965711401215303 0.56894979015574321 0.38655379232202758 773.15000000000009 0.15455018901695222 47.500000000000007 10.865035488354701 2.5000000000000004 18.500000000000004 0.13706706591199755 0.11544365489003028 2.5000000000000004 0.10971897904940189 2.5000000000000004 0.37812237439019231 260.77500000000003 16.500000000000004 0.0012559809826798972 2.5000000000000004 1.5000000000000002 -0.020179178961451518 0.1677352753381775 0.3602389496749186 21.500000000000004 0.18621476819631125 0.028986658159856609 0.055484828937928395 3.5000000000000004 23.500000000000004 18.500000000000004 2.5000000000000004 -0.0013537723594706506 16.500000000000004 303.97500000000008 15.500000000000002
decision_type=2 2 2 2 2 2 10 10 2 10 2 2 2 8 10 2 2 2 2 2 2 10 8 2 10 2 2 2 10 2 2 2 2 10 2 2 2 2 2 10 2 2 2 2 10 2 2 2 2 2 2 8 2 8 2 2 2 2 10 2 2 2
left_child=8 2 4 -4 5 -2 26 49 11 -5 24 16 13 22 15 -9 18 -17 -1 -20 21 37 23 -13 27 34 30 28 29 -3 -7 -14 52 -8 44 -23 -10 46 -16 -22 41 -35 43 -36 -12 -19 -21 -48 -15 50 -6 -52 53 -25 56 -56 -33 -27 59 -59 61 -61
right_child=1 10 3 9 7 6 33 14 36 -11 25 12 31 48 38 17 -18 45 19 20 39 35 -24 32 -26 57 -28 -29 -30 -31 -32 54 -34 40 42 -37 -38 -39 -40 -41 -42 -43 -44 -45 -46 -47 47 -49 -50 -51 51 -53 -54 -55 55 -57 -58 58 -60 60 -62 -63
leaf_value=-0.0023516359627716111 -0.063951251674577519 0.10752015013113335 -0.056763800144387991 -0.058519422952058066 -0.052893547089992957 0.066398332803737678 0.11553590881344018 -0.048131088601657344 0.022155153638797158 0.12160488600356262 -0.052498694395737691 -0.045085057777085068 0.092282684705653095 0.12397061450015937 0.050849005623739202 0.11484135272538386 -0.041437631369566748 0.07522329584214732 0.13669117546692966 0.094544824323896146 0.12916978138663371 0.028342554362659245 -0.03812367214599606 0.0876425266525344 -0.036883861217006181 -0.063770462320369301 -0.035836357300879633 -0.045477463636627045 0.11997606703481943 -0.04338071603865528 -0.049083633573640144 -0.064838236939119984 -0.011807104933943888 0.095721678117755352 -0.066945707406051103 0.12687392055924945 -0.021791609025412696 -0.017337057280340979 -0.052632529818439071 0.067976896102948381 0.12324635834474405 -0.026009405351981676 -0.036204572746708123 0.03305696118500525 0.044278168994158554 -0.029484962874362693 -0.051633814547614558 0.063013531872716064 0.035324382797843168 -0.062331684690838621 0.072493849254361725 -0.050453524413742734 0.11925527368741105 0.022818563500629035 0.10304150515584383 -0.0097800764519583739 0.047561686343937509 -0.066958012262502101 -0.056965017130734832 0.078975032298865766 -0.046472755358544067 -0.0011092515727331848
leaf_weight=121.26144954562187 445.89271575212479 43.676134034991264 168.09136727452278 63.32053254544735 462.29209811985493 143.51615805923939 526.34579642117023 105.4826802611351 462.04221595823765 471.28750258684158 759.7802343070507 164.1632285118103 608.30996157228947 112.18445514142513 46.201515629887581 257.85282480716705 75.597092911601067 42.847491949796677 385.78320674598217 77.065141037106514 477.95071256160736 62.628099828958511 353.04125468432903 103.60788328945637 154.33746516704559 2107.5553222149611 269.93354734778404 54.28583987057209 99.441104128956795 61.829009965062141 52.738975822925568 44.735124677419662 100.89356419444084 54.581785082817078 57.805127263069153 157.49191817641258 424.79653154313564 242.21113549172878 239.67724968492985 138.03271295130253 63.233060836791992 71.715069621801376 307.33848938345909 238.10738411545753 38.115460470318794 95.883665725588799 41.682570993900299 41.704991847276688 49.942351028323174 1019.1521175652742 80.322572961449623 90.116448253393173 68.399434566497803 136.64702534675598 131.26854175329208 50.236988887190819 134.75672988593578 117.72802899777889 1152.5921539664268 48.307235762476921 127.9627730846405 151.65037409961224
leaf_count=592 2374 202 892 333 2406 657 2285 544 2265 2018 4028 835 2809 528 217 1135 384 199 1676 372 2098 314 1773 499 795 11240 1352 277 432 304 278 236 485 242 306 700 2172 1209 1228 628 273 344 1590 1171 194 464 206 200 247 5390 386 463 327 658 585 255 638 623 6017 233 662 739
internal_value=-0.000242309 -0.0230335 0.00267148 0.0627066 -0.00769943 0.0250106 0.0585684 -0.029525 0.0489652 0.10027 -0.0452462 0.0599057 0.0421028 0.0128348 0.0186125 0.0496571 0.080023 0.0756666 0.0852824 0.0918237 0.0778509 0.040655 -0.00183033 0.0205033 0.0139833 -0.0500428 -0.00586205 0.0442679 0.0680395 0.019088 0.0353653 0.0749814 0.0467937 0.100526 -0.0323489 0.09884 0.00110462 0.00884765 -0.0359086 0.115457 0.0588437 0.0265992 -0.0118123 0.0135219 -0.0478757 0.00285447 0.0483747 0.00570527 0.0966636 -0.0524865 -0.0366286 0.00748772 0.0659493 0.0507733 0.0458272 0.0718148 0.019548 -0.0567327 -0.0474523 -0.0228493 -0.0070137 0.0182381
internal_weight=15057.4 10291 4770.49 702.699 4067.79 1627.96 1182.06 2439.83 4766.43 534.608 5520.51 3879.6 2058.19 1088.88 787.945 502.067 1821.41 396.584 1745.81 1624.55 1238.77 622.784 926.752 573.711 413.57 5106.94 466.189 259.232 204.946 105.505 196.255 969.307 409.548 715.876 1401.15 220.12 886.839 402.664 285.879 615.983 189.53 126.297 603.251 295.913 797.896 138.731 160.453 83.3876 162.127 1651.88 632.731 170.439 308.654 240.255 360.997 181.506 179.492 3705.8 1598.24 445.648 327.92 199.958
internal_count=74984 52293 23480 3243 20237 7805 5431 12432 22691 2351 28813 18254 9875 5352 3787 2342 8379 1798 7995 7403 5727 3001 4577 2804 2010 26803 2287 1215 938 506 935 4523 1969 3144 7289 1014 4437 1987 1445 2726 859 586 3067 1477 4222 663 778 406 775 8645 3255 849 1484 1157 1714 840 874 19514 8274 2257 1634 972
is_linear=0
shrinkage=0.05


Tree=4
num_leaves=63
num_cat=0
split_feature=4 26 11 12 12 7 41 37 1 21 10 11 4 26 21 26 11 4 26 7 12 4 4 37 10 12 12 4 41 10 7 12 10 11 1 7 12 11 26 11 12 10 26 21 12 21 16 20 10 1 41 4 26 11 11 7 11 4 39 4 20 10
split_gain=2124.47 1341.73 879.457 869.25 949.675 1650.24 558.206 519.601 677.465 463.233 452.845 325.655 312.848 322.842 267.26 214.52 231.241 213.423 203.229 193.508 269.692 192.558 175.197 170.849 161.268 162.854 151.229 148.182 155.262 144.995 131.179 188.967 186.078 125.177 122.507 163.03 111.065 136.665 110.008 108.656 107.224 268.722 105.08 100.484 97.6407 89.0982 109.608 87.6533 80.5443 79.0777 76.4083 72.8578 72.1069 95.8057 120.677 70.7139 69.5244 66.4287 65.6675 63.3443 59.1017 57.3244
threshold=332.3250000000001 -0.0078672942991870332 1.0000000180025095e-35 26.500000000000004 16.500000000000004 0.42731587581453867 0.063035892441077809 -10.947725077621753 42.500000000000007 0.0010383999619749922 0.062926519970684963 2.5000000000000004 622.02500000000009 1.0000000180025095e-35 0.0015666580138989118 -0.036595025177804157 3.5000000000000004 157.57500000000002 -0.022231159738495595 0.11157738983714337 21.500000000000004 232.02500000000003 9.0750000000000011 -3.6549550449549737 0.33003811701189717 14.500000000000002 14.500000000000002 235.02500000000003 0.045952653624940214 0.075587685941681901 0.99920206034220926 16.500000000000004 0.092869663293692825 3.5000000000000004 22.500000000000004 0.41036544692205068 20.500000000000004 1.0000000180025095e-35 -0.0017113519680547929 2.5000000000000004 28.500000000000004 0.38821297549135853 -0.014023236630319276 0.0015400014504827508 18.500000000000004 0.0010383999619749922 0.0039659017481707814 51.863493270175596 0.25430293873681725 26.500000000000004 0.052413989578389324 54.07500000000001 -0.016075217407363354 2.5000000000000004 3.5000000000000004 0.39040594716172039 2.5000000000000004 193.02500000000003 0.065626248734574885 162.07500000000002 68.877879882259535 0.16252868164072123
decision_type=2 2 2 2 2 10 10 10 2 10 10 2 2 2 10 2 2 2 2 10 2 2 2 10 10 2 2 2 10 10 10 2 8 2 2 10 2 2 2 2 2 8 2 10 2 10 8 10 10 2 10 2 2 2 2 10 2 2 10 2 10 8
left_child=1 2 19 4 6 42 7 8 -4 57 52 14 13 15 21 16 -2 -10 -19 -1 -21 36 -13 -22 25 48 -23 28 -9 44 31 33 34 -24 35 -33 37 49 -38 -17 41 -28 -6 45 -27 46 59 -41 -15 -3 -12 -36 53 -7 -55 -40 -29 -5 -30 -34 -47 -18
right_child=12 11 3 9 5 10 -8 27 17 -11 50 22 -14 24 -16 39 61 18 -20 20 23 26 30 -25 -26 29 40 56 58 -31 -32 32 43 -35 51 -37 38 -39 55 47 -42 -43 -44 -45 -46 60 -48 -49 -50 -51 -52 -53 -54 54 -56 -57 -58 -59 -60 -61 -62 -63
leaf_value=-0.050438759253959159 -0.06084872473734753 -0.056589577474162059 -0.040594215985628089 0.11933879596624433 -0.040681961780860643 0.12032103263751495 -0.031713414877626446 0.10831909531936441 0.1080616645367225 -0.027611429420641695 0.032078219514324866 -0.044548160527618355 -0.043508042530481517 0.058594359645679106 0.076306572695992059 -0.039420788789563371 0.089430321001190805 0.10652065869388323 -0.031217645623800694 -0.02894692937639708 0.065217227509624318 0.073036874171567401 -0.053164024369866461 -0.011907808695506611 0.084139676374093031 -0.040895739516125129 -0.013258712177836612 -0.0029950454140307129 0.039621268302459572 -0.037555370337541243 0.075988030327813941 0.10984813292681705 0.045142106548804378 0.017456610782232648 0.063024199315624613 0.002343049680330396 0.040817703263439815 -0.052068094687604295 -0.035978829928362745 -0.0023066724364977933 -0.0539283989666864 0.091998708926862682 -0.0064861750229083153 -0.062769604393311584 0.025415555052155328 0.019019520914937339 -0.018130726056964083 -0.031137549361528641 -0.019321718529480909 0.0037932948660522416 -0.012046585932383561 0.0068487432866829942 0.044812713760964164 0.017632678445752288 0.087294760862361598 0.00026834746828193861 0.069130058080903625 0.058574668376645357 0.099092872392075482 0.0034632105558016209 0.084131455868609969 0.01718443469679028
leaf_weight=264.40800583362579 52.171307012438774 72.749261885881424 214.5719181150198 452.91375668346882 860.65824066102505 153.51589313149452 153.81125257909298 668.381930783391 189.20654287934303 65.971588134765625 211.42889739573002 145.21119605004787 1721.8997959047556 156.3853724449873 70.628087714314461 1367.3568232059479 80.766861945390701 43.302193835377693 70.188513800501823 362.05075916647911 183.68802294135094 65.647203505039215 177.79009026288986 117.89164663851261 65.857391253113747 70.021641984581947 392.5133014768362 54.396899223327637 141.72058488428593 268.29271546006203 78.003804415464401 117.26982729136944 152.94952443242073 96.973659574985504 81.827282249927521 50.431286826729774 77.983784392476082 771.75111718475819 360.87517242133617 480.73362186551094 100.63712893426418 71.716068580746651 304.010119587183 52.343238323926926 267.92088766396046 90.702327579259872 363.80838090181351 583.7497946023941 42.096454069018364 212.89136697351933 183.0537636578083 195.91341003775597 125.80497021973133 77.052918955683708 321.83980397880077 214.54987590014935 86.611246556043625 49.937312349677086 69.022785127162933 225.66517874598503 56.598650977015495 41.598611146211624
leaf_count=1417 273 387 1122 1879 4521 659 807 2863 794 340 1020 749 9161 723 337 7255 375 187 363 1898 859 292 950 600 289 362 1992 260 640 1406 353 541 742 459 391 234 374 4164 1900 2433 545 312 1543 269 1314 438 1811 3024 202 1089 909 939 590 367 1412 1107 398 223 300 1126 276 209
internal_value=-0.000278249 0.0135174 0.0300481 0.0391927 0.0308283 0.00945505 0.0591037 0.0681896 0.0273688 0.0969611 0.0541994 -0.00735238 -0.0260788 -0.0174473 -0.0195219 -0.0262527 0.0272911 0.0755456 0.0213362 -0.0142676 0.000143958 -0.0224126 0.00821501 0.035068 0.0089149 0.00275856 0.001207 0.0888882 0.0965202 -0.0101117 0.0126176 0.00964393 0.0171459 -0.0282396 0.0437743 0.0775191 -0.0311176 -0.0411322 -0.0149113 -0.0300956 -0.00714086 0.00300189 -0.0317559 0.00455504 0.0116759 0.00851581 0.001468 -0.0181172 0.042069 -0.0115855 0.0116028 0.023399 0.0789758 0.086756 0.0738383 -0.0224639 0.0413063 0.113304 0.0590994 0.0203003 0.044038 0.0648701
internal_weight=14921.7 9722.87 5425.44 4497.4 3928.58 2237.36 1691.21 1537.4 517.269 568.823 1072.7 4297.43 5198.85 3476.95 2411.94 2606.38 174.537 302.697 113.491 928.038 663.63 2341.31 1885.49 301.58 870.574 804.717 630.514 1020.13 879.125 606.235 1740.28 1662.27 1387.51 274.764 445.442 167.701 1710.8 1057.39 653.409 2431.84 564.866 464.229 1164.67 942.067 337.943 889.724 742.423 1064.48 198.482 285.641 394.483 277.741 678.214 552.409 398.893 575.425 141.008 502.851 210.743 378.615 147.301 122.365
internal_count=74774 47748 25971 21197 18755 11021 7734 6927 2466 2442 4957 21777 27026 17865 12499 13569 857 1344 550 4774 3357 12162 9278 1459 4296 4007 3141 4461 3803 3082 8529 8176 6767 1409 2105 775 9021 5640 3381 12712 2849 2304 6064 4662 1676 4393 3679 5457 925 1476 1929 1330 3028 2438 1779 3007 658 2102 940 1868 714 584
is_linear=0
shrinkage=0.05


Tree=5
num_leaves=63
num_cat=0
split_feature=29 22 12 11 4 12 12 7 7 29 21 12 12 12 29 22 11 29 41 12 12 12 12 34 34 26 12 29 11 10 12 4 26 29 21 12 34 36 12 21 29 12 34 26 11 11 26 37 11 7 41 11 34 4 34 4 7 41 11 34 25 17
split_gain=6231.89 1783.79 1023.58 949.879 932.165 925.238 1365.56 979.509 727.317 612.691 556.348 463.805 461.806 659.403 591.482 352.246 365.399 259.151 247.704 246.351 233.367 378.089 408.317 450.518 213.16 288.089 209.981 192.719 167.519 180.062 238.598 180.266 161.531 159.378 158.377 152.39 194.52 132.736 128.186 141.633 127.611 121.366 287.712 115.379 145.687 135.649 115.306 111.712 110.973 101.476 98.108 97.6509 159.16 116.96 97.2452 96.7736 95.7594 90.5509 90.4708 96.8374 90.2822 89.3004
threshold=0.24588648583687128 1.0000000180025095e-35 26.500000000000004 1.0000000180025095e-35 465.37500000000006 14.500000000000002 11.500000000000002 0.10009505919587923 0.38710620306777865 0.15234628040258469 0.00099861130257554594 11.500000000000002 19.500000000000004 25.500000000000004 0.42905022341896049 1.0000000180025095e-35 3.5000000000000004 0.15695120660223613 0.031333003672084407 23.500000000000004 11.500000000000002 14.500000000000002 18.500000000000004 0.012527092388912255 -0.20498491697557217 0.0023926095860333685 14.500000000000002 0.38872496981203913 2.5000000000000004 0.092869663293692825 16.500000000000004 416.02500000000003 0.016756475025341933 0.48505816745630331 0.0015666580138989118 18.500000000000004 -0.17710270201569503 54.223619372208752 20.500000000000004 0.0010012266764088298 0.33039043167997795 21.500000000000004 0.025285454709429781 0.0044445903630774492 2.5000000000000004 3.5000000000000004 0.0064965711401215303 14.317283787753189 2.5000000000000004 0.079423378818983231 0.024330463401715258 2.5000000000000004 0.24936270033504007 238.27500000000003 0.23784976737404398 157.57500000000002 0.2693103512244267 0.055010799312223024 2.5000000000000004 -0.13053610055856676 837.50000000000011 -0.0041456668423853257
decision_type=2 2 2 2 2 2 2 10 10 2 10 2 2 2 2 2 2 2 10 2 2 2 2 8 10 2 2 2 2 8 2 2 2 2 10 2 10 10 2 8 2 2 8 2 2 2 2 10 2 8 10 2 10 2 10 2 8 8 2 10 2 10
left_child=4 2 5 -4 9 6 -2 27 -7 18 -5 24 -10 14 -14 20 26 43 41 -18 -11 -22 -23 -24 25 -3 -17 32 34 30 -30 33 47 35 -13 -32 -37 58 -25 -40 -26 50 -43 44 -6 -45 49 -8 -44 54 61 52 53 -9 -20 57 -36 -16 -28 -60 -38 -1
right_child=1 11 3 10 17 8 7 51 12 15 -12 28 13 -15 55 16 19 -19 46 -21 21 22 23 38 40 -27 37 -29 29 -31 31 -33 -34 -35 56 36 60 -39 39 -41 -42 42 48 45 -46 -47 -48 -49 -50 -51 -52 -53 -54 -55 -56 -57 -58 -59 59 -61 -62 -63
leaf_value=0.048174347529770636 -0.062212436861205249 0.089844826547681972 -0.055928791816819624 0.10656516177035356 -0.01691253899479318 -0.055726663888357175 0.10173054860192798 0.10088248582185021 -0.058243241347937846 -0.042143919633339265 -0.05358837423451096 -0.061391760755796998 0.11013891782342829 -0.06196983740277489 0.04955038704273465 -0.052052777890253789 0.090957986186503234 -0.024169374028973355 0.010336991367068657 -0.018514126991415719 0.11496898425149893 -0.038452438018250053 0.10021348192107563 -0.064543279403788817 0.041847692912093219 -0.043427892672277771 0.0057954727477695298 -0.034542095059239761 -0.065295881745122394 -0.051241868413845974 0.11829075157190612 -0.047941550131126942 -0.054564115319396082 -0.031063113863818076 -0.043785920025248448 -0.049055890366862316 0.015584111674446547 -0.038417563702161192 0.054662690318853471 -0.02910853376657831 -0.052199299613394028 0.10209289202091608 -0.0050231290395134996 0.077870261169219204 0.039784324309108138 -0.019772431132768487 0.053337378036953813 0.017063371807009151 0.078566252468189088 0.099197390774870664 0.056765587187294513 0.11487342313167492 0.004858286227895278 0.017825140025478046 0.087133540707368146 -0.052648275334335276 0.063663553070620202 -0.029444997853610294 0.010474028626903567 0.089673143742564007 0.097176992359698844 -0.0058846822764169453
leaf_weight=135.29132540524006 391.36091904342175 122.43060956895351 149.54213070869446 450.76709724962711 247.67829714715481 1361.5646950006485 67.994415536522865 275.04949164390564 223.93400566279888 60.613347724080086 61.64220555126667 2477.3188678473234 240.28429819643497 159.98193952441216 93.608097121119499 184.23751285672188 196.92327243089676 532.13091653585434 67.689669758081436 69.538480162620544 229.22329467535019 131.4068511724472 311.84167045354843 45.163589656352997 47.658686429262161 60.630160629749298 336.91309563815594 273.70805679261684 208.35907386243343 1258.6518971920013 49.05864280462265 151.75255355238914 44.4698566198349 118.66544686257839 42.342159584164619 67.786753505468369 70.822274476289749 119.51848821341991 156.0277656018734 74.570693463087082 148.32765045762062 290.5046429336071 123.28561502695084 150.53150114417076 208.83953453600407 46.574872240424156 240.07772880792618 91.233185589313507 58.568472653627396 828.15738904476166 331.06622740626335 221.20904757082462 69.774432525038719 50.107597336173058 105.42036241292953 68.314705356955528 40.634698837995529 59.231254383921623 73.64751148223877 81.094925105571747 65.035972893238068 175.48029617965221
leaf_count=652 2195 525 836 1849 1258 7468 298 1137 1196 315 335 13907 1031 843 422 1018 854 2790 324 357 944 688 1339 235 237 312 1699 1378 1163 6748 228 823 245 587 216 337 353 626 722 365 762 1258 625 720 1029 235 1108 419 261 3652 1546 914 315 220 467 329 204 274 343 374 305 859
internal_value=-0.000487538 -0.0256333 -0.00231168 0.0549422 0.0411079 -0.0125774 0.017938 0.0466225 -0.0331095 0.0516551 0.0872989 -0.0462313 0.00331879 0.0255032 0.0558303 0.0318144 0.0117138 0.00173681 0.0690968 0.0623891 0.0529715 0.0590515 0.0412248 0.0590432 0.00690817 0.0457046 -0.00526229 -0.0071366 -0.0506578 -0.0397765 -0.0200481 -0.00202596 0.0296881 0.0167365 -0.0591158 0.0391824 0.020125 0.00884263 0.0124863 0.0275728 -0.0293296 0.0519825 0.0712185 0.0228276 0.00902412 0.054798 0.084458 0.0532185 0.0218979 0.0919199 0.0378259 0.0882767 0.0733794 0.0880831 0.0571045 -0.00317606 0.00883329 0.0189366 0.0203313 0.0519794 0.054643 0.0176494
internal_weight=14895.3 9283.25 4353.78 661.951 5612.02 3691.83 1484.91 1093.55 2206.92 4426.26 512.409 4929.48 845.354 621.42 461.438 2070.72 1061.87 1185.76 2355.54 266.462 1008.85 948.234 719.011 587.604 379.047 183.061 795.412 477.406 4550.43 1990.13 731.481 523.122 203.697 371.369 2560.3 252.704 203.645 611.174 275.762 230.598 195.986 1114.2 472.359 653.624 456.518 197.106 1241.35 159.228 181.854 1001.27 641.838 616.141 394.932 325.157 173.11 221.154 82.9769 152.839 491.656 154.742 135.858 310.772
internal_count=75074 48411 21704 3020 26663 18684 7121 4926 11563 20631 2184 26707 4095 2899 2056 9879 5271 6032 10752 1211 4608 4293 3349 2661 1836 837 4060 2340 24871 10544 3796 2633 962 1810 14327 1223 995 3042 1322 1087 999 5201 2144 3242 2287 955 5551 717 886 4443 3057 2586 1672 1357 791 1025 420 696 2416 717 658 1511
is_linear=0
shrinkage=0.05


Tree=6
num_leaves=63
num_cat=0
split_feature=29 4 26 4 29 12 12 37 12 41 29 41 37 1 29 12 12 29 37 12 29 12 12 12 14 41 12 18 29 26 26 41 6 26 12 12 12 12 26 12 12 27 12 12 34 34 39 41 21 4 12 26 21 41 10 12 10 10 10 12 41 29
split_gain=5647.33 1181.64 1121.29 881.775 567.506 550.107 796.564 713.016 700.219 596.629 305.869 221.62 214.105 269.983 199.326 155.005 244.777 149.162 147.37 300.312 219.463 267.51 132.979 154.444 207.189 159.012 148.194 124.62 123.199 117.575 116.228 112.71 106.166 103.46 142.101 154.549 115.115 103.183 96.2515 87.642 177.39 86.5733 84.5482 82.233 87.7477 82.1355 76.6523 75.6562 92.4053 75.5063 118.437 109.269 75.4732 73.9998 73.0243 71.4943 70.9231 69.5557 69.4959 67.8461 88.9024 66.0239
threshold=0.25446777003055249 258.12500000000006 -0.0058153135221429538 455.0750000000001 0.16106778959293491 14.500000000000002 26.500000000000004 -35.802971127738196 28.500000000000004 0.045952653624940214 0.1177910550881225 0.02874482946563495 -10.155539681039203 40.500000000000007 0.4700438137366319 21.500000000000004 28.500000000000004 0.37363452315056128 -10.547673242199277 19.500000000000004 0.45488919789156174 25.500000000000004 28.500000000000004 21.500000000000004 0.001751043545792188 0.02874482946563495 26.500000000000004 -0.0085734750787151964 0.43567569294520475 0.0064965711401215303 -0.022231159738495595 0.059519216418983077 0.31577114924668898 1.0000000180025095e-35 11.500000000000002 14.500000000000002 11.500000000000002 11.500000000000002 -0.016075217407363354 16.500000000000004 19.500000000000004 0.041497519507764931 11.500000000000002 14.500000000000002 -0.23275165834754816 0.022270492180674787 0.060315825823363339 0.018813919826897643 0.0015400014504827508 564.07500000000016 14.500000000000002 -0.014023236630319276 0.0004080706439298127 0.030712941303065466 0.49658307094813975 14.500000000000002 0.11324080054327626 0.16033305991253105 0.47418070514590821 26.500000000000004 0.024838085094274261 0.4700438137366319
decision_type=2 2 2 2 2 2 2 10 2 10 2 10 10 2 2 2 2 2 10 2 2 2 2 2 2 10 2 10 2 2 2 10 10 2 2 2 2 2 2 2 2 8 2 2 10 8 10 8 8 2 2 2 8 10 10 2 10 8 8 2 10 2
left_child=3 2 5 4 11 9 7 14 27 12 -5 15 13 -2 53 41 45 32 19 -9 21 -21 23 25 58 -6 -26 -8 39 54 31 43 49 36 -35 57 -12 -11 -15 42 52 -1 -4 -27 -45 -17 -39 -42 -49 50 51 -3 -41 -7 -13 -31 -37 -36 59 -25 -61 -14
right_child=1 17 28 10 22 6 8 18 -10 37 33 29 61 38 -16 16 -18 -19 -20 20 -22 -23 -24 24 26 30 -28 -29 -30 55 -32 -33 -34 34 35 56 -38 46 -40 40 47 -43 -44 44 -46 -47 -48 48 -50 -51 -52 -53 -54 -55 -56 -57 -58 -59 -60 60 -62 -63
leaf_value=0.052556563646390803 -0.040718435542100681 -0.033247454747501771 0.00076840891856410547 0.035521058677685236 -0.0017668579150196156 0.030658763325555168 0.016725838915077181 -0.054295424702185874 -0.051504693439566207 -0.052845245943827363 0.043700216289578021 0.084773700917840478 0.098454515927008684 0.088585363735542003 -0.0090764762090583331 0.10219800339043683 0.0020061861603948602 -0.05294190699601662 -0.057337094493230503 0.086326848432421111 -0.038184935083871822 -0.053812541023003285 -0.025043011842253035 0.096427382677784793 -0.021866687638102619 0.092299253640205678 0.063975290076299221 0.10093209414552753 -0.052053399852881745 0.011543211851512651 0.019607424987046471 -0.012438061474902095 0.035435192664695213 -0.065733627825153809 0.11714592387162187 0.028867302338118336 -0.036280401081317477 -0.018062875298353352 0.012034204276705165 0.079003711402975629 0.021335963421164172 0.012574580847499243 -0.059398772519389999 0.08978068374152047 0.00085652722910050695 0.050502378698881002 0.062108683794312718 -0.047583014897944344 0.035974332822172932 -0.05215332078536547 -0.036011853484251947 0.046563008654455292 0.0062589936339282979 0.094589014923487216 0.021968540206042352 0.064529762490127832 -0.044108828826771689 0.033749149375868669 0.023701513140583386 0.085282644185965789 -0.0079968128248744681 0.059167980483989538
leaf_weight=223.33951887488365 93.206024140119553 78.458456262946129 73.626422852277756 429.51674090325832 463.37306505441666 67.196321189403534 51.645331263542175 348.00364023447037 120.68422655761242 140.55979722738266 49.432571589946747 1211.9323686361313 294.48032604157925 125.3321899920702 112.34999951720238 256.49680270254612 111.18157982826233 2531.2737783789635 595.58563455939293 130.19642181694508 119.08910092711449 46.114823058247566 109.89160798490047 238.92819873988628 127.97143858671188 167.19325086474419 82.811971336603165 294.41809684038162 909.42226731777191 95.397317454218864 501.47376865148544 48.705207571387291 55.47017365694046 53.413802772760391 45.502095103263855 61.594679325819016 500.42923459410667 90.426838293671608 61.070959270000458 45.999840497970581 56.3501246124506 343.82823701202869 282.11402186751366 47.027369543910027 67.648300901055336 109.69622422754765 44.479449272155762 383.22519735991955 36.214560106396675 434.67859354615211 671.44392935931683 94.590940400958061 158.56070490181446 138.6849619448185 48.12013766169548 191.36991974711418 72.462312951683998 55.494345873594284 60.935990214347839 64.80419896543026 42.162554994225502 167.92779314517975
leaf_count=1054 515 430 371 2070 2344 324 251 1933 698 807 244 5277 1237 514 535 1074 552 14087 3362 587 599 247 570 1049 643 703 370 1185 5029 452 2425 245 283 294 220 310 2678 418 305 227 287 1651 1642 203 344 508 194 2144 185 2458 3680 431 794 585 220 857 374 272 287 285 208 719
internal_value=0.000168401 -0.025063 -0.00897961 0.0381428 0.0482904 0.00998258 -0.00509442 -0.0222674 0.0522 0.0399736 0.001211 0.0637832 0.063302 0.0287628 0.0444912 0.0459894 0.0669839 -0.0458103 -0.0394141 -0.0228232 0.0142535 0.0496729 0.0284442 0.0315167 0.0520917 0.0217072 0.0118587 0.0883654 -0.0386235 0.075799 0.0347801 0.0577967 -0.0322846 -0.0163677 0.00788316 0.0246119 -0.0290901 -0.0228657 0.063505 -0.0268355 -0.01632 0.0283187 -0.0469462 0.0699329 0.0373235 0.0867121 0.00837019 -0.0330607 -0.0403686 -0.0352212 -0.0265059 0.0103779 0.0226172 0.0737232 0.0823752 0.046903 -0.0105788 0.071322 0.0729369 0.0816107 0.0485151 0.0841872
internal_weight=14735 8852.88 4986.97 5882.13 4614.29 3041.45 2023.97 1557.22 466.748 1017.48 1267.85 2591.36 742.017 279.609 318.231 1044.54 477.375 3865.92 1238.99 643.404 295.4 176.311 2022.93 1913.04 617.614 1295.42 210.783 346.063 1945.51 1546.82 832.048 330.574 1334.64 838.329 288.467 235.053 549.862 275.466 186.403 1036.09 680.35 567.168 355.74 281.869 114.676 366.193 134.906 475.79 419.44 1279.17 844.493 173.049 204.561 205.881 1260.05 286.767 134.057 100.996 406.831 345.895 106.967 462.408
internal_count=74846 47063 25694 27783 21321 15015 10306 8172 2134 4709 6462 11645 3290 1334 1444 4839 2134 21369 6728 3366 1433 834 9676 9106 2842 6264 1013 1436 10679 6806 3920 1495 7282 4392 1470 1176 2922 1419 819 5650 3637 2705 2013 1250 547 1582 612 2616 2329 6999 4541 861 1021 909 5497 1309 684 492 1829 1542 493 1956
is_linear=0
shrinkage=0.05


Tree=7
num_leaves=63
num_cat=0
split_feature=29 22 12 12 12 7 4 12 7 29 12 12 29 18 18 22 29 12 12 12 10 21 12 12 12 12 21 12 12 21 29 12 9 36 12 26 4 12 12 29 29 7 12 4 29 41 26 12 12 12 7 4 26 12 21 29 12 14 28 12 41 1
split_gain=4939.36 1634.06 837.598 797.218 1136.07 820.148 782.992 746.703 671.109 469.514 436.779 569.48 445.639 429.895 416.313 337.049 309.72 276.176 421.456 489.952 511.528 234.32 236.131 415.057 215.512 211.394 169.297 164.141 157.361 159.13 152.542 144.322 129.962 122.97 117.826 113.332 104.013 117.74 201.409 113.191 100.613 100.41 101.648 100.3 99.7913 96.6099 93.906 122.651 119.689 96.8572 92.5636 86.9149 106.265 85.5915 82.8196 82.4833 104.523 126.202 80.2731 79.6774 69.5101 69.0312
threshold=0.25446777003055249 1.0000000180025095e-35 26.500000000000004 14.500000000000002 11.500000000000002 0.10009505919587923 395.47500000000008 28.500000000000004 0.38710620306777865 0.10910582088098514 19.500000000000004 25.500000000000004 0.46798677117914272 -0.011129841322748133 -0.0076919765111230767 1.0000000180025095e-35 0.13706706591199755 11.500000000000002 14.500000000000002 18.500000000000004 0.13429939553928996 0.0010244062158957833 14.500000000000002 11.500000000000002 20.500000000000004 28.500000000000004 0.0010133338664955079 19.500000000000004 11.500000000000002 0.00057407002234726335 0.37363452315056128 18.500000000000004 0.15040746815318676 32.421694949498651 21.500000000000004 1.0000000180025095e-35 276.92500000000001 16.500000000000004 19.500000000000004 0.40314690554150795 0.43784814435752406 0.081664372526245546 23.500000000000004 564.07500000000016 0.46798677117914272 0.03778250234821557 1.0000000180025095e-35 11.500000000000002 11.500000000000002 14.500000000000002 0.025637068743349988 851.80000000000007 0.0044445903630774492 21.500000000000004 0.0015666580138989118 0.44203355324121901 12.500000000000002 0.021623974417723308 0.025009197939661502 26.500000000000004 0.027049700630460499 15.500000000000002
decision_type=2 2 2 2 2 10 2 2 10 2 2 2 2 10 8 2 2 2 2 2 8 8 2 2 2 2 10 2 2 10 2 2 8 10 2 2 2 2 2 2 2 10 2 2 2 10 2 2 2 2 10 2 2 2 10 2 2 2 10 2 8 2
left_child=6 2 3 4 -2 30 9 13 -5 45 -10 12 -12 -4 27 17 51 -11 -19 61 -21 22 23 -17 -22 26 34 35 29 40 43 32 -24 -23 -26 44 37 -30 39 -39 -16 -33 58 -6 -3 -1 48 -48 -18 50 -49 52 -8 -14 -40 -7 -57 -58 -43 -44 -41 -20
right_child=1 14 7 8 5 55 16 -9 10 15 11 -13 53 -15 28 21 46 18 19 20 24 33 31 -25 25 -27 -28 -29 36 -31 -32 41 -34 -35 -36 -37 -38 38 54 60 -42 42 59 -45 -46 -47 47 49 -50 -51 -52 -53 -54 -55 -56 56 57 -59 -60 -61 -62 -63
leaf_value=0.060413354979317296 -0.060331926257689239 0.10373753866950407 -0.055223413978508107 -0.053759803118732158 0.059285884642321401 0.096540844262971437 0.02638179541781285 -0.052715127601148694 -0.059661207457365729 -0.035236881729638812 0.089876395569759585 -0.059866947228102402 0.039684213464203144 0.095395962438859838 0.086553110108922429 0.083249734903750691 0.04285455831909258 0.10673611676536846 0.024963972387832795 0.10120619135650882 -0.062109587922335986 0.097722281212796969 0.099291292884868654 -0.057546995063673424 0.010004980237055519 -0.0468571625761613 -0.0073780067341915473 -0.046098533814950736 -0.060549641274410586 -0.04022085148019279 -0.030761039063206375 -0.023328464069827828 0.0082672213973642421 0.033361661667948829 0.089751507820493112 -0.022149442583490272 -0.058826718341728937 0.020255481830519027 -0.05197979213969172 0.015893474442781951 -0.014215565741516055 0.023129792386620454 0.080817882901518229 -0.019636796834626467 0.011549760319261386 0.088415255358780642 -0.064590905926566508 0.010421264764703274 -0.032373698696874169 -0.00099742178333061247 0.11005841615370544 -0.010338523066865132 0.076980782613138204 -0.036758346700194393 0.0082548018685022935 0.098954646769220556 0.063340512062206963 -0.031153636633897926 -0.026249361115030397 0.018673524868944202 -0.044896500962030496 -0.045700595276221147
leaf_weight=786.86573246121407 351.36938425898552 79.713607862591743 52.967513307929039 1254.8645025789738 105.51448582112789 347.61762173473835 471.08262544870377 135.70005655288696 199.2304821908474 84.877916097640991 295.06661699712276 147.75487956404686 53.980139419436455 448.60988627374172 52.269917950034142 66.116856470704079 58.470228239893913 333.14249227941036 44.926059767603874 386.75231406092644 63.08192877471447 117.18600372970104 101.56589004397392 251.26719969511032 59.631997510790825 63.773537799715996 89.898662105202675 68.64983843266964 638.84465676546097 177.60829763114452 281.03180961310863 154.73815974593163 63.877041891217232 202.39984114468098 207.47008310258389 45.645603135228157 2029.0201664119959 204.24650691449642 863.98569862544537 62.531347215175629 47.084948912262917 240.60125736892223 104.44690279662609 65.090767100453377 46.467270314693451 506.17005343735218 47.475934311747551 43.916243329644203 552.31073969602585 156.44206766784191 49.677424043416977 112.49872936308384 133.0764946192503 113.85264508426189 61.102335467934608 106.13338680565357 121.20115888118744 49.87463803589344 125.09730491042137 101.89987809956074 189.62603510916233 149.79370979964733
leaf_count=3515 2093 344 303 7284 451 1425 2252 804 1120 429 1238 821 244 1814 238 279 284 1349 230 1592 326 512 449 1368 294 337 425 400 3810 937 1451 782 292 958 865 227 11937 1022 4960 314 229 1150 470 347 209 2160 272 217 2971 793 228 552 601 556 315 432 496 226 602 482 1029 776
internal_value=-0.000173135 -0.0241667 -0.00137557 -0.0109942 0.0177322 0.0432131 0.0350116 0.0513388 -0.0308592 0.0461727 0.00462372 0.0255972 0.0528768 0.0794903 -0.0447773 0.0353554 0.00543842 0.0523363 0.0576514 0.0423019 0.058338 0.0188837 0.00882331 -0.0282165 0.024073 0.0369933 0.0519722 0.0192547 -0.0483365 -0.0118744 -0.00812043 0.0219992 0.0641472 0.0569615 0.0719477 0.0453653 -0.0508304 -0.0427997 -0.0345916 -0.0074114 0.0387981 0.0124047 0.0220705 0.0291746 0.0697885 0.0713749 -0.0139516 0.00908378 -0.0251721 0.0230729 0.0633064 0.0300133 0.0375271 -0.0121721 -0.0480013 0.080318 0.0599748 0.0357921 0.00623829 0.0501292 -0.0298215 -0.0293968
internal_weight=14627.2 8696.66 4129.86 3492.58 1427.83 1076.46 5930.53 637.277 2064.75 4305.58 809.885 610.654 462.899 501.577 4566.8 3012.55 1624.95 1483.35 1398.47 1065.33 870.609 1529.2 1209.61 317.384 483.856 420.774 357.001 240.476 4326.32 276.963 451.637 892.226 165.443 319.586 267.102 171.826 4049.36 2020.34 1381.49 456.404 99.3549 726.784 572.045 170.605 126.181 1293.04 908.293 297.512 610.781 250.036 93.5937 716.658 604.159 167.833 925.088 624.827 277.209 171.076 365.699 206.347 252.157 194.72
internal_count=74888 47076 21105 18184 6921 4828 27812 2921 11263 19642 3979 2859 2038 2117 25971 13967 8170 6623 6194 4845 3839 7344 5874 1647 2247 1921 1584 1180 24791 1404 2249 4227 741 1470 1159 780 23387 11450 7640 2365 467 3486 2704 798 553 5675 4765 1510 3255 1238 445 3405 2853 800 5275 2579 1154 722 1752 952 1343 1006
is_linear=0
shrinkage=0.05


Tree=8
num_leaves=63
num_cat=0
split_feature=29 4 26 29 11 4 4 11 10 7 7 18 29 11 26 40 25 29 21 4 29 26 11 7 11 4 7 11 7 11 26 21 26 29 7 26 29 4 29 7 10 10 25 11 11 21 4 21 36 21 43 18 7 6 11 26 19 7 34 10 7 18
split_gain=4634.56 1032.95 894.284 710.561 605.573 532.668 368.276 416.709 440.91 218.016 189.864 156.877 152.025 142.927 136.644 127.515 138.418 126.137 124.889 113.235 103.68 98.9872 183.924 137.339 132.827 109.524 95.1253 94.0792 114.862 90.5899 89.3026 88.9293 84.5896 82.261 82.1564 79.7833 78.563 78.2652 75.1302 118.593 105.555 74.1656 93.7455 73.2935 73.055 72.9565 72.8453 72.2406 73.2549 72.1401 63.5554 63.2901 126.368 61.9955 61.4458 87.0818 59.1655 57.2384 61.2502 54.1143 53.4038 52.1177
threshold=0.25680627191822541 303.97500000000008 -0.0058153135221429538 0.12207277930506512 1.0000000180025095e-35 395.47500000000008 142.52500000000003 2.5000000000000004 0.1698001734749934 0.033012072896877666 0.045903584613171754 -3.1015096787656564e-05 0.39693663754218023 1.5000000000000002 0.0064965711401215303 0.032203207993220261 747.50000000000011 0.39486695723959914 0.00043067194647825871 518.05000000000007 0.37363452315056128 -0.0017113519680547929 2.5000000000000004 0.072017375439416539 3.5000000000000004 949.57500000000016 0.39839464811116126 2.5000000000000004 0.38334425513324605 1.0000000180025095e-35 -0.030439082846671919 0.00036335907753377996 -0.0037633327450988731 0.18486872831688481 0.6481017983713403 -0.040698986731892317 0.42471116738042586 185.42500000000004 0.38012882537751486 0.29234966758585196 0.077847206581874259 0.41222095784325291 847.50000000000011 1.0000000180025095e-35 2.5000000000000004 0.00053251538389547531 773.15000000000009 0.0015400014504827508 42.48214207686808 0.001136542910717209 0.18320610686984176 -0.00095562380919517176 0.40598895059585799 0.052528705332668645 2.5000000000000004 -0.030439082846671919 -0.0029208100468969263 0.23380788327084809 -0.26557324888517025 0.33806251723914021 0.71001280255534993 -5.8191657074047047e-05
decision_type=2 2 2 2 2 2 2 2 10 10 10 10 2 2 2 10 2 2 10 2 2 2 2 8 2 2 10 2 10 2 2 10 2 2 8 2 2 2 2 10 10 8 2 2 2 10 2 10 10 10 10 10 8 10 2 2 10 10 10 8 8 10
left_child=3 2 4 9 38 10 7 8 -6 53 29 15 34 -10 33 16 -9 44 31 49 26 22 -7 -24 30 45 32 -16 -29 -5 -25 -13 -3 -12 -8 -26 -15 43 39 -2 -41 42 -17 -35 -4 -23 -34 48 -20 54 -38 52 -46 -1 55 -11 -31 -45 -59 -58 -14 -56
right_child=1 20 17 5 6 21 12 11 13 19 14 18 60 36 27 41 -18 -19 47 -21 -22 25 23 24 35 -27 -28 28 -30 56 -32 -33 46 37 -36 -37 50 -39 -40 40 -42 -43 -44 57 51 -47 -48 -49 -50 -51 -52 -53 -54 -55 61 -57 59 58 -60 -61 -62 -63
leaf_value=0.015886416878730675 -0.053373443113993349 -0.04852447207440929 -0.034977879385200923 -0.042523525466155065 0.08638354501297893 -0.046049934683646043 0.0062023454499001325 0.063141787664503235 -0.040827515180633461 0.085922014637535959 0.053038271627930594 -0.030534351509454074 -0.029250808956454058 0.054676870386991372 -0.012980071718496687 0.092976416898559719 -0.039469614363206236 -0.046271952909588271 -0.058752336442826597 0.027972765663789811 -0.053104475032731961 0.047065216740836913 -0.034412115415739283 -0.050382146943834132 0.12947404130468806 -0.043880150197553765 0.02071046780739557 0.076552449429676539 -0.0016278415744036868 0.063343526071884912 0.041612950817677664 0.058271873934551757 -0.0053377125262056733 0.0032767466741896512 0.071465429502711397 0.031350758661782184 0.052651907767938405 0.016463082665549352 -0.055526694903993673 -0.037976815304196131 0.070971310480460528 -0.0041796883965638017 0.0088231665257920405 0.07704827469469866 0.084716890269014467 -0.0037426490635587215 -0.057026356208943321 0.021215798323939206 -0.0034701514460943844 0.09788363360403618 -0.019613881935579634 -0.019737663524122359 -0.015633643357038231 0.067674816490562686 0.059370898324058057 0.044707098931514144 -0.029415199523502262 0.069649299371325815 0.025835268130664779 0.019587880837285906 0.023823146645263138 0.087203497821545656
leaf_weight=366.8363980203867 104.00266045331955 673.19323635101318 453.91746596992016 96.183802172541618 477.26930700242519 360.94242250919342 353.76979522407055 48.747622087597847 89.118634104728699 165.85062338411808 942.95127958059311 43.028703808784485 536.93027338385582 163.82931776344776 208.12047031521797 119.50500804185867 100.87593564391136 1230.5856629312038 190.63350911438465 199.38356058299541 2073.4301588833332 160.39856392145157 124.54922699928284 52.260854929685593 41.621631696820259 73.094064742326736 73.75026635825634 90.126898795366287 98.137394338846207 49.203893467783928 53.26873105764389 81.745991483330727 268.02434332668781 92.291703268885612 55.832604929804802 41.244467467069626 44.839798808097839 434.73173089325428 354.88725121319294 38.596866205334663 52.434835329651833 42.798576265573502 45.768379151821136 155.04352037608624 50.585621207952499 126.28123173117638 91.410746619105339 55.263770520687103 87.397844642400742 178.61627076566219 94.639690726995468 266.15099334716797 82.593349188566208 68.593153759837151 300.61740706861019 563.97878205776215 83.971997812390327 120.53674356639385 235.82991617918015 171.20048408210278 51.985835865139961 381.83577889204025
leaf_count=1712 625 4002 2691 516 1960 1995 1827 212 523 684 4198 241 2891 722 1069 498 568 7116 1133 947 12281 765 666 289 201 400 376 393 461 223 260 365 1417 458 250 203 198 2095 2094 225 255 242 235 667 235 641 558 241 462 753 459 1423 433 312 1292 2512 419 530 1106 807 246 1627
internal_value=-0.00016701 -0.0239657 -0.0104854 0.0333275 0.00597398 0.0202208 0.0157678 0.0300234 0.0541017 0.0557754 0.0316212 0.00435323 -0.00829516 0.0148405 0.036986 0.029166 -0.00603864 -0.0360286 -0.0150225 0.063493 -0.0465093 -0.0104218 -0.0217273 0.00632577 0.0332578 0.0107545 -0.0341496 0.0101877 0.035799 -0.000224497 -0.00394529 0.0276469 -0.0380677 0.0423471 0.0150983 0.0806357 0.031197 0.0326389 -0.0418262 -0.0168965 0.024778 0.0544816 0.0696723 0.0442872 -0.0212553 0.0246846 -0.0184831 -0.0309965 -0.0413746 0.0679446 0.00361809 -0.00565692 0.0224827 0.0240446 0.0641581 0.054073 0.0131421 0.0516882 0.0406548 0.00346198 -0.0245658 0.0749434
internal_weight=14535.2 8497.54 5317.74 6037.7 3233.9 3811.99 2683.98 1685.46 869.697 2225.71 2778.33 815.765 998.519 392.427 2377.77 357.696 149.624 2083.83 458.07 1790.28 3179.81 1033.66 673.887 312.945 188.396 359.774 1106.38 396.385 188.264 400.56 105.53 124.775 1032.63 1981.38 409.602 82.8661 303.309 1038.43 549.922 195.034 91.0317 208.072 165.273 603.702 853.247 286.68 359.435 333.295 278.031 1590.9 139.479 399.33 133.179 435.43 1412.28 729.829 304.376 511.41 356.367 255.172 588.916 682.453
internal_count=75205 47004 28370 28201 16472 18362 13273 8059 3862 9839 12942 4197 5214 1902 10977 1755 780 11898 2442 7815 18634 5420 3614 1619 953 1806 6353 1923 854 1965 549 606 5977 9054 2077 404 1379 4856 3199 1105 480 975 733 2761 4782 1406 1975 1836 1595 6868 657 2091 668 2024 6115 3196 1449 2303 1636 1226 3137 2919
is_linear=0
shrinkage=0.05


Tree=9
num_leaves=63
num_cat=0
split_feature=29 22 29 12 12 12 7 12 4 7 21 7 12 12 29 22 18 12 12 12 12 12 12 10 41 12 12 21 22 12 12 12 12 4 12 36 34 22 34 12 12 21 37 1 37 22 12 12 12 7 12 34 4 12 12 10 37 12 26 7 22 7
split_gain=4180.83 1284.58 799.146 715.494 634.821 843.344 634.576 605.071 529.341 495.594 341.228 337.635 334.027 430.824 336.536 309.523 303.234 232.034 335.896 231.218 217.498 403.093 466.66 480.986 211.931 163.791 161.545 160.552 154.696 148.962 145.913 140.386 121.796 121.703 160.459 120.716 117.247 113.531 127.77 155.434 105.815 132.453 102.322 99.732 116.467 97.2813 160.662 114.17 132.77 100.78 97.2234 144.546 107.355 95.4536 87.9559 256.299 107.522 92.2297 108.38 116.175 85.8553 83.9955
threshold=0.28493299989632764 1.0000000180025095e-35 0.16106778959293491 26.500000000000004 14.500000000000002 11.500000000000002 0.10009505919587923 28.500000000000004 395.47500000000008 0.39839464811116126 0.00097334592379085449 0.033012072896877666 19.500000000000004 25.500000000000004 0.45488919789156174 1.0000000180025095e-35 -0.0076919765111230767 11.500000000000002 14.500000000000002 20.500000000000004 11.500000000000002 14.500000000000002 18.500000000000004 0.17783631240883843 0.027660068137031313 19.500000000000004 21.500000000000004 0.0010383999619749922 1.0000000180025095e-35 19.500000000000004 18.500000000000004 16.500000000000004 16.500000000000004 622.02500000000009 12.500000000000002 54.022433915082814 0.068974912064455954 1.0000000180025095e-35 -0.034505875806081991 23.500000000000004 11.500000000000002 0.00057407002234726335 13.861306205372509 15.500000000000002 -16.971230701519264 1.0000000180025095e-35 11.500000000000002 11.500000000000002 14.500000000000002 0.022577691515320002 12.500000000000002 0.28823758937110483 238.27500000000003 14.500000000000002 19.500000000000004 0.16424071802396217 -4.4913679478335071 14.500000000000002 -0.026335121292583755 0.78301171013828841 1.0000000180025095e-35 0.32731073288910095
decision_type=2 2 2 2 2 2 10 2 2 10 10 10 2 2 2 2 8 2 2 2 2 2 2 8 10 2 2 8 2 2 2 2 2 2 2 8 10 2 10 2 2 10 10 2 10 2 2 2 2 10 2 10 2 2 2 10 10 2 2 10 2 10
left_child=2 3 11 4 5 -2 33 10 15 -6 -5 -1 -11 14 -14 20 25 -17 -19 24 -4 -22 -23 29 28 -3 -25 -28 31 -24 32 -13 -20 34 -7 43 53 -21 -39 -40 41 -18 -36 44 -32 47 -47 -10 49 -49 -8 52 -52 -30 56 60 57 58 -26 -60 -56 -59
right_child=1 16 8 7 9 6 50 -9 45 12 -12 19 13 -15 -16 17 40 18 30 37 21 22 23 26 54 -27 27 -29 36 -31 35 -33 -34 -35 42 -37 -38 38 39 -41 -42 -43 -44 -45 -46 46 -48 48 -50 -51 51 -53 -54 -55 55 -57 -58 61 59 -61 -62 -63
leaf_value=0.013421276570747218 -0.059382171862097877 0.040073846160244023 -0.042141084933611482 0.090369679413674797 -0.054016442946101195 0.07282014355600977 0.097826547663228791 -0.053391922349656055 -0.062518705994402471 -0.061478347120715232 -0.046708758115627989 0.081886823784692184 0.083887230517872724 -0.062693758780645967 -0.0076393153206764436 0.076666735902401514 0.031365078209883178 -0.061020739495865853 -0.0064245258267345675 0.091935800498045284 0.096669453566679053 -0.047578545563057427 0.019051762899162619 -0.050430624895696087 0.071287956826012508 -0.055291437816649816 0.049081220946029125 -0.042215064104936056 -0.038590843973211414 0.10162462286536728 0.086730757878113671 0.0076814609656156614 0.073983335692114557 -0.051703050754731784 0.021423999481153318 -0.038932186347196862 0.074597207761768591 0.077238489678077005 -0.037022108606722046 0.055699365290288599 -0.050981695709915835 -0.045137063998631544 -0.048503824011967615 -0.00067042771694803905 -0.012736595083552583 0.061456989901415709 -0.042187253044680427 -0.00560488291670172 -0.015296179438169848 0.091429441805657194 0.081000848084711585 -0.018894748497190493 -0.00090911864137994437 0.015189465275231576 0.10582977825539008 -0.063421666466813797 0.080586816139013681 0.020075865275128169 -0.014501915175858367 0.074638369153444614 0.01707804914960754 0.087567710507934188
leaf_weight=662.88616126775742 305.24014240503311 153.08882351219654 74.727935343980789 390.83549165725708 1093.5300645828247 69.488879755139351 203.79886505007744 117.06257395446301 61.905905321240425 168.52405333518982 51.365590825676918 143.9543996155262 230.5401210039854 123.09263148903847 177.96020579338074 103.32524314522743 89.766065672039986 196.17424546182156 70.395776107907295 430.9366363286972 292.45065489411354 162.5577677488327 66.901673927903175 97.211965471506119 97.416634246706963 63.783815667033195 186.26508946716785 64.946760162711143 164.16756096482277 297.48673039674759 79.806560263037682 114.37949958443642 142.28180633485317 129.30340203642845 100.82939378917217 154.52553740143776 44.851385831832886 324.79857064783573 65.027723357081413 148.22602464258671 3517.2781919836998 153.03582118451595 108.71908710896969 415.15353454649448 46.621721193194389 40.308831050992012 516.45287539064884 43.276960968971252 172.06540744006634 70.106223061680794 256.96827839314938 56.403354287147522 47.378098264336586 165.86531494557858 61.797651767730713 57.549393713474274 412.18192857503891 62.549521028995514 151.74440059065819 48.149402946233749 48.741288289427757 175.28402510285378
leaf_count=3144 1928 699 409 1578 6679 322 824 739 366 998 295 636 947 717 846 449 427 1161 366 1769 1180 901 314 531 410 391 850 335 817 1217 382 538 617 763 470 837 206 1405 314 647 21454 844 541 2062 240 186 2991 223 896 310 1037 256 211 770 251 266 1731 279 697 206 221 730
internal_value=-0.000431127 -0.0258305 0.0282586 -0.00432866 -0.0137991 0.0131275 0.0358771 0.0476882 0.0109705 -0.0329867 0.0744468 0.045416 -0.000139751 0.0193056 0.0440144 0.0230333 -0.0454621 0.00501427 -0.00168598 0.0532202 0.0405555 0.0458472 0.0288681 0.0463018 0.0423635 0.0120262 0.00429915 0.025478 0.019261 0.0864643 0.0111223 0.0490318 0.0473685 -0.0116038 0.0069778 4.81736e-05 -0.00125418 0.0728121 0.0574955 0.0274257 -0.0487779 -0.0168535 -0.0148563 0.0111702 0.0500512 -0.0217289 -0.0346835 -0.000964461 0.012385 0.0543926 0.0702203 0.0546247 0.0682498 -0.0115624 0.0554787 0.0221464 0.0613931 0.0466095 0.0280442 0.00696974 0.0666954 0.0698176
internal_weight=14343.4 7607.99 6735.46 3631.04 3071.78 1278.13 972.889 559.264 3354.95 1793.65 442.201 3380.51 700.117 531.593 408.5 2450.83 3976.95 1208.28 1104.96 2717.62 1242.55 1167.82 875.37 712.812 1748.63 216.873 348.424 251.212 633.218 364.388 908.785 258.334 212.678 408.341 279.037 696.107 374.884 968.989 538.052 213.254 3760.08 242.802 209.548 541.582 126.428 904.116 556.762 347.354 285.449 113.383 564.549 360.75 304.346 330.033 1115.41 168.088 947.326 535.144 297.31 199.894 110.539 237.834
internal_count=74826 42966 31860 19151 16539 6352 4424 2612 16823 10187 1873 15037 3508 2510 1793 11851 23815 6114 5665 11893 5737 5328 4148 3247 7758 1090 1716 1185 2967 1531 4504 1174 983 2096 1333 3521 1793 4135 2366 961 22725 1271 1011 2684 622 4972 3177 1795 1429 533 2328 1504 1248 1587 4791 738 4053 2322 1313 903 472 1009
is_linear=0
shrinkage=0.05


Tree=10
num_leaves=63
num_cat=0
split_feature=29 22 12 29 12 12 7 12 22 7 12 12 12 10 12 7 21 12 10 29 12 6 12 22 12 12 12 34 26 12 12 12 12 34 12 12 1 7 4 12 10 34 12 27 34 12 37 39 12 12 12 1 26 39 4 12 12 20 39 21 12 34
split_gain=3832.27 1206.82 746.259 741.634 589.4 782.193 570.852 537.01 490.387 455.997 358.34 384.356 424.383 525.412 342.307 302.529 290.543 275.017 421.915 340.389 274.77 292.209 272.688 202.676 311.499 247.973 635.488 171.307 199.134 166.684 193.599 154.662 227.875 260.629 163.504 124.388 123.047 119.981 117.428 144.223 121.222 116.593 109.781 113.14 105.644 149.034 96.0296 96.0225 94.9659 92.5266 113.23 109.587 92.1579 89.8357 81.845 94.4644 235.196 118.778 89.8113 80.3086 74.9637 102.911
threshold=0.28715434007878471 1.0000000180025095e-35 26.500000000000004 0.16550568988801415 14.500000000000002 11.500000000000002 0.10804022392246081 28.500000000000004 1.0000000180025095e-35 0.35853137254901962 11.500000000000002 14.500000000000002 19.500000000000004 0.17783631240883843 11.500000000000002 0.035295462502254453 0.00097334592379085449 19.500000000000004 0.16252868164072123 0.48505816745630331 14.500000000000002 0.063573203137797352 11.500000000000002 1.0000000180025095e-35 11.500000000000002 11.500000000000002 14.500000000000002 -0.20498491697557217 0.0023926095860333685 26.500000000000004 28.500000000000004 14.500000000000002 20.500000000000004 0.062736449900052907 18.500000000000004 18.500000000000004 19.500000000000004 0.015000276880875156 622.02500000000009 12.500000000000002 0.17783631240883843 -0.20706912042700007 20.500000000000004 0.27109069188144991 -0.034505875806081991 23.500000000000004 1.2990222840771304 0.037128455457144036 26.500000000000004 18.500000000000004 16.500000000000004 13.500000000000002 -0.018127198184407434 0.016909787761612432 303.97500000000008 16.500000000000004 19.500000000000004 48.930406144751565 0.077915852389876097 0.0004080706439298127 12.500000000000002 0.27417937524802999
decision_type=2 2 2 2 2 2 10 2 2 8 2 2 2 8 2 10 10 2 8 2 2 10 2 2 2 2 2 10 2 2 2 2 2 10 2 2 2 10 2 2 10 10 2 8 10 2 8 10 2 2 2 2 2 10 2 2 2 10 10 10 2 10
left_child=3 2 4 15 5 -2 38 16 10 -6 -5 37 41 -14 -10 53 -4 -11 19 -19 -16 -22 27 24 47 -25 -27 28 -3 46 -31 -26 33 34 52 36 -28 -12 39 -7 -41 -13 43 -37 -44 -46 -15 -17 -47 50 -23 -51 -33 -1 55 -24 57 59 -58 -57 -8 -62
right_child=1 22 7 8 9 6 60 -9 14 17 11 12 13 29 20 23 -18 18 -20 -21 21 49 54 25 31 26 35 -29 -30 30 -32 32 -34 -35 -36 42 -38 -39 -40 40 -42 -43 44 -45 45 48 -48 -49 -50 51 -52 -53 -54 -55 -56 56 58 -59 -60 -61 61 -63
leaf_value=-0.0020942237133777654 -0.05860579609658554 0.074393454215300511 0.086346241284505923 -0.049721812370591346 -0.057109841873152947 0.068413075783654048 0.09237833580416123 -0.051129420353857938 0.064426642249616264 -0.055856138181379661 -0.00073930000008709453 0.032965194308356392 0.088117977664043778 0.022108859768583213 -0.061170136072265437 -0.06139143500510217 -0.043914246424361397 0.06727133970687979 -0.056286478101191501 -0.024810106232225869 -0.031706901398804319 -0.0064124867730135093 -0.058711826719805231 0.099754957701832625 0.10346306872112315 -0.036283108637109894 0.019082206275924996 -0.036947368835858932 -0.042377169349841017 0.074670089553533228 -0.043497703498632384 -0.012832816667748118 0.085481579236117669 -0.056811487029519485 0.08776812925910632 0.03158985923868509 0.09762100079963551 0.088517882759368907 -0.050766806185046358 0.050677357017177231 -0.034443151246042664 -0.045369695128571072 0.069148047192979678 -0.040701517988834535 -0.039380107835091292 0.080782411944127108 -0.04654489382665556 0.030175483639849916 -0.0017897124159276898 0.054894973198863287 0.078707045001793763 -0.0047004699224073142 0.059020074857344888 0.034177120855583103 -0.056930082077691124 0.076344556621726734 -0.05261332000115139 -0.03017040189087658 0.025205189353981562 0.0045719074112042105 0.065365837401644533 -0.012228331803321977
leaf_weight=401.6695593893528 297.36447983980179 109.10507486760616 406.85694059729576 128.84977136552334 914.00785461068153 72.904359713196754 201.2957314401865 108.56153793632984 146.68282949924469 206.14545327425003 42.10572724044323 59.547499358654022 331.79996863007545 75.282666653394699 271.68734887242317 55.385964006185532 47.841710537672043 297.59211242198944 169.91240836679935 151.43290820717812 594.36970609426498 61.039607152342796 569.38052444159985 146.37031821906567 297.27077396214008 278.26420058310032 66.490179017186165 164.05548885464668 54.873133435845375 121.03222689032555 48.571251705288887 100.66741818189621 472.3727315813303 65.562312602996826 165.76465862989426 226.50691229104996 199.51394225656986 355.80707244575024 122.90354618430138 56.152166768908501 163.95073181390762 234.79796811938286 343.23055636882782 71.116353169083595 64.156868606805801 98.145562514662743 157.49052038788795 59.269440189003944 53.968315586447716 93.435647547245026 108.55025550723076 442.27356567978859 80.160584285855293 296.89054442942142 1581.0075150430202 50.132112726569176 866.91418121755123 236.82775577902794 38.733629480004311 175.12197926640511 287.33355522155762 50.195844545960426
leaf_count=1949 1947 459 1645 754 5798 327 814 708 638 1273 214 294 1381 364 1665 262 280 1276 1037 744 3336 321 3703 608 1205 1379 292 909 299 518 276 466 1929 306 688 1018 838 1460 747 261 805 1305 1465 329 317 415 849 260 243 464 468 2275 365 1359 10237 255 5378 1339 215 881 1175 230
internal_value=-9.95983e-05 -0.025013 -0.00400987 0.0269502 -0.0139516 0.0122058 0.034261 0.0487855 0.00979193 -0.0327842 0.0301322 0.0373454 0.0212019 0.0415381 -0.00862145 0.0428035 0.0726407 -0.00583688 0.0108227 0.036217 -0.0154403 -0.00588082 -0.0444232 0.0500446 0.0646281 0.0378289 0.031361 -0.00082334 0.0353177 0.00312837 0.0408291 0.072262 0.061776 0.0346069 0.0518998 0.0481204 0.0779895 0.079073 -0.00974523 0.0074615 -0.0127274 -0.0295222 0.0388506 0.014316 0.0519017 0.024531 -0.0243411 -0.0140573 0.0514867 0.0158833 0.0480704 0.00569386 0.0190194 0.0133212 -0.0484886 -0.0415988 -0.0344748 -0.00544759 -0.0492851 0.0205455 0.0682287 0.0538264
internal_weight=14216.7 7400.6 3554.45 6816.1 2991.19 1252.1 954.736 563.26 3273.32 1739.09 1555.28 1426.43 1028.52 734.177 1718.04 3542.78 454.699 825.083 618.937 449.025 1571.36 1299.67 3846.15 2844.22 1296.45 1547.76 1401.39 328.034 163.978 402.377 169.603 1181.8 884.528 412.155 346.593 1123.13 266.004 397.913 415.911 293.007 220.103 294.345 857.125 297.623 559.501 216.271 232.773 114.655 152.114 705.299 169.59 535.709 180.828 698.56 3518.12 1937.11 1367.73 462.082 905.648 225.254 538.825 337.529
internal_count=75017 42742 19067 32275 16434 6306 4359 2633 16582 10128 7415 6661 4987 3388 9167 15693 1925 4330 3057 2020 8529 6864 23675 12385 5481 6904 6296 1667 758 2007 794 4959 3754 1825 1519 4917 1130 1674 2140 1393 1066 1599 3787 1347 2440 975 1213 522 658 3528 789 2739 831 3308 22008 11771 8068 2475 5593 1136 2219 1405
is_linear=0
shrinkage=0.05


Tree=11
num_leaves=63
num_cat=0
split_feature=29 22 4 12 12 12 7 11 29 7 22 18 12 12 29 18 11 29 12 7 12 41 11 11 12 12 12 7 11 7 37 1 29 1 4 11 10 12 2 1 37 29 11 4 39 11 1 41 12 41 11 37 16 29 1 26 29 10 12 4 17 19
split_gain=3568.54 1100.56 690.068 651.475 574.179 724.85 548.46 480.153 438.932 414.572 302.885 301.188 279.611 363.377 266.313 256.081 251.087 230.485 215.99 197.162 208.646 199.437 156.263 149.48 149.431 224.359 275.362 260.009 141.117 139.63 136.371 127.556 102.349 102.087 99.3069 149.584 98.7066 96.7999 103.024 104.687 88.8604 87.9809 84.1584 83.7905 83.0298 82.1991 112.537 105.446 105.355 80.1097 76.9632 98.8084 75.2776 75.0749 72.0226 70.9028 69.4535 66.3337 66.1025 71.1137 65.3134 64.0993
threshold=0.28948207825342293 1.0000000180025095e-35 465.37500000000006 26.500000000000004 14.500000000000002 11.500000000000002 0.10009505919587923 1.0000000180025095e-35 0.1869210678425938 0.39839464811116126 1.0000000180025095e-35 -0.0076919765111230767 19.500000000000004 25.500000000000004 0.42905022341896049 -0.0097390638031060722 3.5000000000000004 0.15695120660223613 23.500000000000004 0.037034337150972152 21.500000000000004 0.027361263993265467 3.5000000000000004 1.0000000180025095e-35 11.500000000000002 16.500000000000004 23.500000000000004 0.40598895059585799 2.5000000000000004 0.15538244619079677 9.62626993812877 16.500000000000004 0.47227460497120705 40.500000000000007 678.90000000000009 2.5000000000000004 0.065585889893295266 14.500000000000002 -0.1669550594290739 18.500000000000004 13.861306205372509 0.48287882651721786 1.0000000180025095e-35 129.02500000000003 0.077915852389876097 3.5000000000000004 37.500000000000007 0.027210792008879877 18.500000000000004 0.056859499009566446 2.5000000000000004 12.485924781125556 0.0029019360427940681 0.080228306698107335 54.500000000000007 0.0023926095860333685 0.42905022341896049 0.40439264189968066 19.500000000000004 876.97500000000002 -0.0064296957674627011 -0.00039559901307545381
decision_type=2 2 2 2 2 2 10 2 2 10 2 8 2 2 2 10 2 2 2 10 2 10 2 2 2 2 2 10 2 10 10 2 2 2 2 2 10 2 8 2 10 2 2 2 10 2 2 10 2 10 2 10 10 2 2 2 2 10 2 2 10 10
left_child=2 3 8 4 5 -2 34 -5 19 -6 23 22 -11 14 -14 -9 37 -4 -18 42 21 52 -3 33 -25 -26 27 -27 44 -30 -22 -32 45 36 35 40 -10 -12 39 -39 56 -24 -1 49 -13 47 -47 48 -31 -16 51 -8 54 -23 60 -55 -7 -28 59 -19 -21 -54
right_child=1 11 17 7 9 6 50 15 10 12 16 28 13 -15 43 -17 18 58 -20 20 30 53 41 24 25 26 57 -29 29 32 31 -33 -34 -35 -36 -37 -38 38 -40 -41 -42 -43 -44 -45 -46 46 -48 -49 -50 -51 -52 -53 61 55 -56 -57 -58 -59 -60 -61 -62 -63
leaf_value=-0.022844001373084621 -0.057974921493178781 -0.053760171251704528 0.015276648758095788 -0.050708968127258482 -0.053047464356900623 0.05962665646908967 0.063925604539452716 -0.035748519622833319 -0.020401483479840058 -0.061341844629948288 -0.050747471125417436 -0.058477890331228889 0.081182915391790275 -0.06217126834251753 0.052203339976287656 0.081626436280188452 0.063480911196168194 0.00012662193768239692 -0.038327649130472617 0.075523581104417106 0.080426084563026176 0.072408749098763367 0.068259750384648946 -0.045131207692678602 0.088109440428249017 -0.040018106148542079 0.074141702832213482 0.064786491159212575 -0.052245828556801245 -0.061299491172375056 -0.03522760393366637 0.056414770053355427 -0.044072929748973047 -0.042397841683174252 -0.05483417733591936 0.059940019040079798 0.073333587685600665 0.059855395781733267 -0.030330508673698933 -0.0056087091334591438 -0.050535375331540504 -0.010877214749719998 0.026991571585197379 -0.042042724552044337 0.0044446776282771553 -0.018086231410216352 0.06182690216427611 -0.049209260466935439 0.028444177219247375 -0.027695146967599279 0.088939504388680479 -0.0022084478525509583 0.033936217880548368 0.052319819614801581 -0.023651392871952191 0.022855079200879282 -0.024869959625999392 0.0097840039200618768 -0.042828207543761328 -0.046300820848749875 0.021306117429880977 -0.01681958808222863
leaf_weight=113.99174146354198 285.15907311439514 61.500257387757301 687.39120544493198 105.64601662755013 1018.7706535458565 45.920119807124138 278.16535957157612 52.671303868293762 53.933562830090523 155.31507866084576 172.08034372329712 1810.826099857688 187.94237773120403 117.53543382883072 86.39256788790226 394.65463025867939 206.81891016662121 308.78181605041027 69.63720715045929 103.67150390148163 697.66477632522583 316.39856694638729 100.12714967131615 44.776058539748192 250.5504514425993 179.92204581201077 255.12507362663746 88.183896318078041 761.92424558103085 44.098544076085091 50.132469981908798 156.51763007044792 349.24297143518925 92.945031896233559 101.88662759959698 81.595552310347557 58.602119132876396 82.070940747857094 280.87386828660965 238.65540803968906 110.9040741622448 54.096444696187973 329.8408562541008 77.269002959132195 53.990917041897774 96.10943004488945 81.341447770595551 185.45522910356522 126.55515068769455 49.260904058814049 207.67065070569515 70.867420136928558 88.79935297369957 785.24359677731991 43.795356646180153 275.91406226158142 51.700351938605309 47.491106137633324 305.30331088602543 112.53958973288536 119.66318729519844 207.69866915047169
leaf_count=576 1939 400 3273 712 6652 200 1136 309 300 986 1084 12209 763 726 379 1604 891 1666 382 466 2870 1320 437 264 1017 1026 1066 388 4872 294 227 670 2074 528 649 372 269 407 1530 1238 578 252 1480 383 318 523 399 1133 666 232 844 320 408 3367 208 1238 260 220 1811 678 547 998
internal_value=-0.000285697 -0.0248294 0.025623 -0.00460831 -0.0140133 0.011926 0.0329365 0.0451635 0.0337504 -0.0329238 0.0160189 -0.0437154 -0.00249339 0.0151379 0.0378053 0.0678059 -0.0030642 -0.00547811 0.0378361 0.0451875 0.050022 0.040781 0.0136284 0.034721 0.0438175 0.048667 0.0313516 -0.00554637 -0.0472402 -0.0365643 0.0698587 0.0341827 -0.02303 -0.00361829 -0.012368 0.00254563 0.0284104 -0.0176789 -0.00822009 0.011143 -0.0199128 0.0405012 0.0141921 -0.000483306 -0.0566561 -0.00925621 0.018545 -0.0231097 0.00525356 0.0231892 0.0648379 0.0504978 0.0157258 0.0510323 0.0349769 0.0446586 0.0148768 0.0640417 -0.0251122 -0.0122747 0.0464738 -0.00161853
internal_weight=14029.6 7204.6 6825.01 3479.33 2926.36 1233.87 948.71 552.972 5411 1692.49 2121.67 3725.27 673.715 518.4 400.865 447.326 1050.14 1414.02 276.456 3289.33 2845.5 1941.18 215.724 1071.53 866.049 821.273 570.722 268.106 3509.54 1644.73 904.315 206.65 882.803 205.481 392.007 290.12 112.536 773.681 601.6 320.726 208.525 154.224 443.833 212.922 1864.82 533.56 177.451 356.109 170.654 135.653 556.703 349.033 563.628 1377.56 267.13 1061.16 97.6205 302.616 726.625 421.321 223.335 296.498
internal_count=75034 42621 32413 19044 16419 6298 4359 2625 24985 10121 10610 23577 3469 2483 1757 1913 5532 7428 1273 14375 12319 8552 1089 5078 3981 3717 2700 1414 22488 9961 3767 897 5089 1097 2059 1410 569 4259 3175 1645 1038 689 2056 994 12527 3015 922 2093 960 611 2300 1456 2627 5925 1221 4605 460 1286 4155 2344 1013 1406
is_linear=0
shrinkage=0.05


Tree=12
num_leaves=63
num_cat=0
split_feature=29 22 4 11 11 10 4 18 29 22 11 21 11 11 0 11 11 21 11 14 21 18 0 11 10 36 18 8 1 32 29 21 21 1 29 37 1 21 29 29 29 21 21 1 10 14 0 29 36 4 22 11 21 34 11 1 21 29 11 34 0 21
split_gain=3201.49 1199.16 539.618 570.922 456.962 678.271 448.599 333.692 319.126 235.063 368.995 193.92 189.365 183.406 188.59 176.184 172.818 168.58 163.508 162.86 154.723 151.977 268.834 376.145 176.84 142.091 141.317 154.904 135.307 140.675 129.559 126.789 124.657 123.777 117.593 109.158 166.27 107.658 103.067 94.9238 94.3263 93.2907 92.584 83.6388 111.75 82.5842 75.9444 112.484 74.9435 70.8121 70.7254 174.312 222.792 114.767 128.006 77.0698 146.048 70.321 70.1818 174.939 70.1772 70.1098
threshold=0.24588648583687128 1.0000000180025095e-35 381.5750000000001 1.0000000180025095e-35 2.5000000000000004 0.17577433796768646 501.90000000000003 -0.0076919765111230767 0.11328399975604415 1.0000000180025095e-35 2.5000000000000004 0.0012809336158935494 2.5000000000000004 1.5000000000000002 0.030828719129885867 1.0000000180025095e-35 3.5000000000000004 0.0015666580138989118 3.5000000000000004 -0.020323215135467754 0.00057407002234726335 0.001767973391091471 0.037151486364215412 3.5000000000000004 0.024072262192654591 34.785619915775222 -0.0032323155045514969 0.030822461922857567 22.500000000000004 0.06857990276823768 0.40968231990422227 0.0004123643355388058 0.00054991198935164796 8.5000000000000018 0.11986757350367984 -15.779754090392215 41.500000000000007 0.0015400014504827508 0.4806594459344849 0.4700438137366319 0.48505816745630331 0.00044087817532422418 0.0011026831173598262 22.500000000000004 0.077847206581874259 -0.076866992015961866 0.028986658159856609 0.40314690554150795 57.943812507745101 177.27500000000003 1.0000000180025095e-35 2.5000000000000004 0.0010910412565842979 0.025285454709429781 1.0000000180025095e-35 41.500000000000007 0.00039926745849396184 0.46343124583085532 3.5000000000000004 -0.10666962979424775 0.017656432573225505 0.00036335907753377996
decision_type=2 2 2 2 2 10 2 8 2 2 2 10 2 2 2 2 2 10 2 2 10 10 2 2 8 10 10 10 2 8 2 10 10 2 2 10 2 10 2 2 2 10 8 2 10 2 2 2 10 2 2 2 8 10 2 2 10 2 2 10 2 10
left_child=6 2 3 43 5 40 8 16 50 15 11 35 17 -7 -15 31 -3 -9 28 20 26 22 24 -24 57 -20 -14 33 29 -17 48 -10 -33 -28 -8 36 -11 -23 -29 -18 -5 -27 -37 44 -2 -19 -21 -48 -16 -42 -1 52 53 54 -52 56 -56 -6 59 -12 -60 -35
right_child=1 7 -4 4 21 13 34 12 9 10 58 -13 19 14 30 18 39 45 25 46 -22 37 23 -25 -26 41 27 38 -30 -31 -32 32 -34 61 -36 42 -38 -39 -40 -41 49 -43 -44 -45 -46 -47 47 -49 -50 -51 51 -53 -54 -55 55 -57 -58 -59 60 -61 -62 -63
leaf_value=0.063472816186168277 -0.040048525347422946 -0.04722798676570724 -0.035424116621955805 0.083541242138829921 0.065718287233974576 -0.048847148849240948 0.019403059398404345 -0.056106414725672106 -0.049144607128448259 0.024310106378898504 -0.0080855276957045568 0.092170882643371227 -0.04340758080588672 0.059430779857057039 0.06101830332181183 0.060792472095494154 0.072587330335926417 0.069456602494300912 0.058620278562335384 -0.054439189888419205 -0.042949581481908861 -0.051415852451992608 0.072526817929944851 -0.051632139222077267 -0.031982112945205352 0.033216254102582228 0.067753977852529873 0.077087587859505355 0.070329205925890689 -0.013069450759910051 -0.039046556496561302 0.070178050715569013 -0.0089755124896136462 0.024566181062908421 -0.015648466288455769 -0.051073239278679676 -0.036450511613787921 0.015478418405957468 -0.0046906611883082011 -0.0048381711878234717 0.061158670232212102 -0.042532902849627664 0.029272842774105676 -0.051333459889931134 0.045754306013120041 -0.036360595271964391 0.010951325157892447 -0.052875261030111677 -0.0067822681762873711 -0.0029163378501819606 0.094941898003059119 0.066283564084485089 0.10025390824016188 -0.048481078452019231 -0.027421167731745456 -0.028410981192362274 0.068190684278993469 -0.014216557690748768 0.007314137006206034 0.061224311491587337 0.060036497731955699 -0.044278839079607835
leaf_weight=766.68146094679832 102.41349053382874 72.91381548345089 876.38783627748489 504.07385727763176 77.517182216048241 144.24821874499321 389.53258012235165 1991.0936342179775 80.35850515961647 259.5226034373045 221.16009704768658 42.476169049739838 139.01961298286915 161.79384952783585 75.432095900177956 143.95363630354404 109.72715690732002 39.976539686322212 111.93414515256882 688.25493302941322 330.48165848851204 230.01154467463493 249.28828079998493 80.76441752910614 392.11043202877045 65.596293717622757 41.17320154607296 118.60326412320137 652.66605262458324 116.74117784202099 158.026077657938 87.264307349920273 115.67837086319923 48.954991683363914 620.3400032222271 270.15199233591557 198.87254978716373 81.443075865507126 57.066882506012917 61.92864964902401 166.99652910232544 106.86460880935192 41.341602563858032 366.51648692786694 60.284944280982018 34.223328679800034 128.00670899450779 149.82015690207481 88.664894163608551 58.128023907542229 47.974759295582771 413.38291969895363 75.415052428841591 76.632228210568428 69.75791123509407 100.06298235058784 93.439620405435562 42.653281971812248 77.528758078813553 154.7400595843792 339.54085557162762 151.18803043663502
leaf_count=3205 672 484 5406 2114 342 964 1796 13815 439 1262 1073 186 851 722 336 612 470 211 497 4541 2012 1531 1097 551 2328 299 219 583 2735 553 831 371 570 268 3404 1458 1017 363 316 286 700 555 196 2447 299 204 683 918 428 265 202 1708 308 360 323 450 407 215 380 694 1418 929
internal_value=-0.000430126 -0.0207148 -0.00085685 0.00910719 0.0190538 0.0387186 0.028123 -0.0394007 0.0345821 0.0251051 0.0118513 -0.0118325 -0.0429378 0.000637469 0.0153881 0.039471 0.0172614 -0.0533488 0.047858 -0.0313314 -0.0158553 -0.00408064 0.00695382 0.0421449 -0.0157191 0.0147514 0.000249112 0.0148039 0.0581665 0.0277165 -0.0067334 0.00401191 0.0250601 -0.0111975 -0.00212823 -0.0175705 -0.0020506 -0.0339235 0.0505217 0.0446544 0.0715234 -0.0137214 -0.0404097 -0.03809 -0.00825585 0.0206504 -0.0455324 -0.0234676 0.0243843 0.0446143 0.052381 0.0426807 0.0216201 0.00633098 0.0198268 0.00613833 0.0273219 0.0373462 0.0361143 0.020446 0.050236 -0.0274393
internal_weight=13818.8 8079.19 3916.75 3040.37 2511.15 1357.36 5739.61 4162.43 4729.74 3086.39 1605.33 812.365 3917.86 628.165 483.917 1481.06 244.57 2065.29 1197.76 1852.57 886.488 1153.79 842.334 330.053 512.281 284.395 556.006 416.986 913.361 260.695 322.123 283.301 202.943 241.316 1009.87 769.889 458.395 311.455 175.67 171.656 729.198 172.461 311.494 529.215 162.698 74.1999 966.082 277.827 164.097 225.125 1643.35 876.665 463.283 387.868 311.235 263.261 163.198 120.17 792.97 375.9 417.07 200.143
internal_count=74879 48401 21611 16205 12787 6360 26478 26790 21278 14315 7684 4119 25550 3281 2317 6631 1240 14230 5251 11320 5178 6427 4533 1648 2885 1351 3166 2315 3900 1165 1595 1380 941 1416 5200 3933 2279 1894 899 756 3079 854 1654 3418 971 415 6142 1601 764 965 6963 3758 2050 1742 1382 1180 730 557 3565 1767 1798 1197
is_linear=0
shrinkage=0.05


Tree=13
num_leaves=63
num_cat=0
split_feature=22 12 12 12 11 34 12 12 18 10 18 26 12 21 7 11 12 21 14 11 26 25 34 25 18 20 11 12 25 21 42 6 4 27 31 20 7 12 16 32 11 31 4 34 12 25 37 12 12 25 14 26 26 7 26 25 40 7 37 7 21 21
split_gain=1340.39 898.269 946.463 944.107 890.997 614.376 520.104 513.742 430.392 419.018 356.332 355.38 354.396 349.603 262.066 249.752 440.664 297.243 165.425 189.333 161.793 148.602 146.094 158.837 142.101 141.387 140.03 117.88 156.895 113.821 111.094 86.9385 83.5745 81.3722 80.9557 79.4255 79.2758 70.015 69.5558 65.3441 64.5082 63.3648 61.954 64.8289 61.8383 57.6231 54.0909 70.3736 49.2154 49.1587 47.136 46.0687 45.8054 45.1928 44.8495 40.8461 47.6812 39.785 37.823 51.7286 36.378 37.5552
threshold=1.0000000180025095e-35 11.500000000000002 14.500000000000002 21.500000000000004 2.5000000000000004 -0.18839675651617563 28.500000000000004 26.500000000000004 -0.011129841322748133 0.17155946979114869 -0.0076919765111230767 0.016756475025341933 18.500000000000004 0.0015666580138989118 0.072017375439416539 3.5000000000000004 18.500000000000004 0.0004080706439298127 0.022645521062544787 2.5000000000000004 0.0064965711401215303 892.50000000000011 -0.094157637653711698 857.50000000000011 -0.00053612145865783434 42.299058112853452 1.0000000180025095e-35 23.500000000000004 742.50000000000011 0.0010910412565842979 0.12161725141112177 0.2561106627396314 353.92500000000001 0.051472896126435581 -0.21038536022553425 59.046353949044772 0.15311963876372264 25.500000000000004 0.030261231415643238 -0.022626694346074002 2.5000000000000004 -0.030945345417995093 419.52500000000003 0.38763823541239412 18.500000000000004 612.50000000000011 10.865035488354701 20.500000000000004 20.500000000000004 737.50000000000011 -0.19308186053505247 -0.014023236630319276 -0.0078672942991870332 0.36824063710845373 -0.0017113519680547929 797.50000000000011 0.03014612933946623 0.2693103512244267 -19.997494202856007 0.30657714832472555 0.0012899076141321708 0.0010383999619749922
decision_type=2 2 2 2 2 10 2 2 10 8 10 2 2 10 10 2 2 10 2 2 2 2 8 2 10 10 2 2 2 8 10 10 2 8 10 10 10 2 10 10 2 10 2 10 2 2 10 2 2 2 2 2 2 10 2 2 10 10 10 10 10 10
left_child=1 30 11 5 13 12 7 9 -9 32 20 18 -4 22 44 16 -16 36 -3 42 -6 25 23 26 -23 -19 -2 28 41 58 50 -15 37 48 -7 -30 -18 -5 51 -11 -14 -17 43 -20 45 -12 47 52 -28 -48 -1 -27 53 -36 -37 -35 -57 -54 59 -24 61 -46
right_child=4 2 3 6 10 34 -8 8 -10 39 14 -13 40 31 15 27 17 21 19 -21 -22 24 29 -25 -26 38 33 -29 35 -31 -32 -33 -34 55 46 54 -38 -39 -40 -41 -42 -43 -44 -45 60 -47 49 -49 -50 -51 -52 -53 57 -55 -56 56 -58 -59 -60 -61 -62 -63
leaf_value=-0.01561982827322418 0.00058527408973839835 0.078552376379146235 -0.036884850829113081 0.05585458934757901 0.075179052035514282 0.043656186839092441 -0.045129812009350762 -0.037740833526520502 0.082312111386969145 0.0012374002518363318 0.045910698609840761 -0.01866357945534115 0.06945918616920968 0.015335993878419633 -0.051902274236754677 0.025644435522700848 0.017421092097858425 -0.055810188727909396 0.050877174682853937 0.078110252646191397 -0.02086412681123076 0.091840650256393458 -0.044600097550320239 0.017024225557842092 -0.024954926728952061 -0.01880733628394439 -0.037299068750572449 -0.011556047683038575 0.036616255861544635 -0.011791113205731061 0.041212176757941511 0.10040956999577717 0.0056336528351758819 -0.052586345315522559 -0.049222425631553227 0.014525737616800222 0.085481377956442062 -0.0065838111222470581 -0.026310806895659667 -0.033964667224273375 0.027343508870867624 0.077790012251516313 -0.0061143253457366696 0.010425138878594706 -0.034076763361727318 -0.015588981937679403 -0.02333813012437844 0.019205700469533196 0.0017442454269893434 -0.056494810685157076 -0.057789605855354198 0.023338889775880521 -0.02925848809364727 -0.014624483488506125 -0.030204276231564277 -0.039556392003883854 0.026177956804511279 0.0094558037578962462 -0.053438249707382368 -0.00025943990559657682 -0.064690822479926122 0.0058571840993325896
leaf_weight=78.294907629489899 291.69209897518158 702.55046951770782 146.45214277505875 561.01488487422466 227.73358236253262 33.68663015961647 203.32702547311783 83.268596976995468 721.69048193097115 284.40642492473125 45.961715295910835 155.35150735080242 251.25613397359848 74.113320544362068 387.40691500902176 80.02022510766983 61.265556842088699 144.47562517225742 277.656767770648 290.3871133774519 54.30649109184742 72.551096081733704 353.79367944598198 203.64011250436306 40.625115483999252 86.18315327167511 157.04775869846344 166.47070561349392 254.76089188456535 232.29177244007587 34.64980860054493 50.488152205944061 122.71677847206593 635.04506173729897 375.86618435382843 136.46567043662071 141.83985148370266 48.803797125816345 167.55703991651535 245.73012819886208 142.48093199729919 214.21172460913658 106.62199684977531 153.96555814146996 466.12787744402885 222.34209755063057 156.28357177972794 75.258123844861984 166.05868695676327 392.64762298762798 431.31536090373993 261.78748127818108 187.92968140542507 126.03607791662216 95.088752463459969 113.40067912638187 36.455323413014412 102.58689394593239 1274.1987815648317 80.797328591346741 82.60032930970192 67.385462716221809
leaf_count=466 1682 2931 869 2466 956 168 1293 466 2975 1551 251 906 1098 395 2434 374 341 768 1198 1254 253 347 2273 1194 215 498 1011 921 1255 1378 208 231 618 3970 2323 707 665 239 907 1408 741 979 531 698 2847 1297 931 423 968 2417 2734 1341 1112 709 480 709 207 583 8202 477 503 402
internal_value=-0.000382423 0.016063 0.0216889 0.00914142 -0.0153229 -0.0159964 0.0311746 0.0386782 0.0698933 0.0187785 0.00281278 0.0533932 0.0295195 -0.0325102 -0.00194272 0.00691633 -0.00678218 0.0111223 0.060704 0.0455713 0.056686 -0.00301803 -0.035404 -0.0242348 0.0499163 -0.0120951 -0.0302375 0.026642 0.0347886 -0.0446298 -0.0454204 0.0498076 0.0432816 -0.0383519 -0.0329496 0.017352 0.0649514 0.0508576 0.000155943 -0.0150795 0.0542189 0.0636083 0.0280162 0.0364474 -0.0250887 -0.0050538 -0.0347713 -0.0270001 -0.017233 -0.0470549 -0.0513108 0.0129004 -0.0313884 -0.0405343 -0.00384282 -0.0470455 -0.0235653 -0.0155877 -0.0490939 -0.0363565 -0.0338134 -0.0290329
internal_weight=13638.4 6492.24 5947.98 4261.44 7146.19 1990.48 2270.96 2067.63 804.959 1262.67 3477.17 1686.53 540.189 3669.02 3195.13 2310.71 1363.69 976.285 1531.18 828.631 282.04 773.18 3544.42 1603.34 113.176 660.003 1399.7 947.018 780.547 1941.08 544.26 124.601 732.535 1108.01 1450.29 486.315 203.105 609.819 515.528 530.137 393.737 294.232 538.244 431.622 884.417 268.304 1416.61 867.677 323.106 548.931 509.61 347.971 792.419 501.902 231.554 784.901 149.856 290.517 1708.79 434.591 616.114 533.513
internal_count=74754 33316 29908 22390 41438 11374 11016 9723 3441 6282 18741 7518 2708 22697 17532 12232 7516 5082 6612 3681 1209 4076 22071 9741 562 3514 8547 4716 3795 12330 3408 626 3323 6865 8666 2442 1006 2705 2746 2959 1839 1353 2427 1896 5300 1548 8498 5150 1979 3348 3200 1839 4727 3032 1187 4886 916 1695 10952 2750 3752 3249
is_linear=0
shrinkage=0.05


Tree=14
num_leaves=63
num_cat=0
split_feature=29 22 12 29 12 12 7 7 12 4 18 4 18 12 12 29 22 12 12 41 12 12 12 34 12 13 12 4 17 1 4 26 34 1 12 18 17 4 12 26 4 10 26 12 2 26 7 12 1 22 12 12 12 22 12 12 4 12 32 22 18 7
split_gain=3067.87 913.934 546.237 522.725 463.698 586.349 437.031 372.223 355.126 330.145 240.674 240.085 208.443 203.336 331.609 277.202 171.367 157.45 206.979 151.419 121.52 252.092 300.403 295.021 134.113 114.984 107.904 104.056 98.6836 117.279 95.8938 86.2661 92.4502 74.8302 75.7849 73.7504 73.7182 73.4344 101.736 73.0027 95.0395 71.6251 71.18 69.9734 67.0901 67.0267 66.9889 98.4336 67.1788 65.2969 105.182 78.3824 105.852 63.2559 62.6901 60.4018 60.0826 57.8745 55.856 76.9468 68.6851 55.0379
threshold=0.28715434007878471 1.0000000180025095e-35 26.500000000000004 0.17627345107834574 14.500000000000002 11.500000000000002 0.083171482881360545 0.35853137254901962 28.500000000000004 395.47500000000008 -0.0076919765111230767 513.42500000000007 -0.0097390638031060722 19.500000000000004 25.500000000000004 0.47227460497120705 1.0000000180025095e-35 11.500000000000002 14.500000000000002 0.02874482946563495 11.500000000000002 14.500000000000002 18.500000000000004 -0.024038209846783006 21.500000000000004 -0.00098014404580596326 19.500000000000004 279.42500000000001 -0.00024996754515696224 36.500000000000007 182.72500000000002 1.0000000180025095e-35 0.33281125049673504 24.500000000000004 18.500000000000004 -0.00033285719020509358 -0.0035430200603370249 622.02500000000009 12.500000000000002 0.0085485519171656123 949.57500000000016 0.49658307094813975 0.0064965711401215303 14.500000000000002 -0.35346120934180686 -0.0017113519680547929 0.074162237255676236 19.500000000000004 29.500000000000004 1.0000000180025095e-35 11.500000000000002 11.500000000000002 14.500000000000002 1.0000000180025095e-35 13.500000000000002 12.500000000000002 129.02500000000003 19.500000000000004 -0.015674273670811863 1.0000000180025095e-35 -0.002414967519702826 0.65625000000000022
decision_type=2 2 2 2 2 2 10 8 2 2 8 2 10 2 2 2 2 2 2 10 2 2 2 8 2 2 2 2 8 2 2 2 10 2 2 10 8 2 2 2 2 10 2 2 10 2 8 2 2 2 2 2 2 2 2 2 2 2 10 2 10 10
left_child=3 2 4 11 5 -2 37 -6 12 16 26 19 -4 -9 15 27 20 -18 -19 28 -5 -22 -23 -24 -25 33 45 -15 29 44 -12 32 -8 36 -35 -31 -20 38 -7 55 -41 42 46 -44 -1 61 47 -21 53 51 -51 -11 -53 -48 -40 -13 -17 -27 59 -50 -61 -3
right_child=1 10 8 9 7 6 31 13 -10 49 30 39 -14 14 -16 56 17 18 25 41 21 22 23 24 -26 57 -28 -29 -30 35 -32 -33 -34 34 -36 -37 -38 -39 54 40 -42 -43 43 -45 -46 -47 48 -49 58 50 -52 52 -54 -55 -56 -57 -58 -59 -60 60 -62 -63
leaf_value=0.073316481037802514 -0.056765933053234435 0.013765475722580016 -0.036085238875704466 -0.037835630130680024 -0.054729641449729499 0.053746114895088654 0.068678160892706494 -0.052260838571059821 -0.04563325578485028 -0.060238179921058232 -0.03388274580293945 0.036397075221971865 0.072799149120822235 0.072504631812460696 -0.060981808232675239 0.0040218771100799808 0.063817661014719279 -0.057448379179542035 0.077216456262471991 0.071651914018638949 0.079050081989104584 -0.046851606584831479 0.071628278576078883 -0.043291816609042653 0.025120510725712749 0.01132985614309498 -0.052920314597104695 -0.0069234696119850718 0.015283866336469469 -0.020209433832900931 -0.051619346791958835 -0.0086960035772444041 0.01153372467765058 0.054652641712877752 -0.0053495841140397352 0.042114992470935309 0.0057812963402781815 -0.051116536837023566 -0.038702657734433349 0.062092837585543598 -0.013070725116219395 -0.0024115383737834226 -0.0013958628118535042 0.047143283188692681 0.034395246094501189 -0.020446679743628151 0.022641061569370496 0.0029282147312729386 0.074501095629002784 0.046317160516616308 -0.040022375957363306 0.048372652035350586 -0.017783706991533522 0.072190553058189333 0.033069864311959581 -0.010780876209547085 -0.05442183491369839 -0.031055939270164354 0.083359747192095157 0.059540575936883403 0.0077430661291182827 0.082755200665715872
leaf_weight=255.95337264239788 259.13176622986794 55.155667588114738 49.584660515189171 59.280625328421593 830.41574051976204 61.637194976210594 459.73005329072475 186.98876215517521 96.323297560214996 49.490782365202904 1205.6099819391966 82.432883128523827 387.05390304327011 233.26255290210247 136.66972930729389 103.07427962124348 97.183672174811363 147.3355698287487 100.57524734735489 89.053831115365028 253.0693533718586 132.89556536078453 301.02070650458336 105.67699819803238 222.40332315862179 130.61319279670715 52.629555493593216 50.088621824979782 682.99653135240078 99.023028016090393 2071.3555384576321 50.086708202958107 83.657883435487747 68.813646048307419 223.6859742552042 91.167564749717712 56.349651649594307 108.39157365262508 126.51260985434055 116.25614152848721 65.893282666802406 61.600338265299797 107.80940116941929 238.51454395055771 195.12780921161175 47.787337809801102 181.80892217159271 125.57681828737259 334.73657163977623 38.540853336453438 416.22221718728542 100.52960585057735 151.71139523386955 99.751475557684898 40.057771518826485 383.34703974425793 76.69854511320591 210.05225184559822 365.52263210713863 157.11890807747841 107.98869845271111 60.750270277261734
leaf_count=1106 1942 247 306 367 5873 267 1919 1272 713 337 7954 390 1622 974 900 474 415 1014 464 372 1054 811 1290 607 1055 612 372 259 3180 469 14638 220 376 317 1160 399 290 717 650 523 335 266 507 1019 874 234 789 566 1390 172 2649 461 825 416 186 1950 421 1189 1511 663 466 249
internal_value=-0.000262178 -0.0238428 -0.00513955 0.0237598 -0.0139521 0.00974884 0.0282808 -0.0313806 0.0412644 0.00759752 -0.041722 0.035815 0.0604342 -0.00673662 0.00745579 0.027652 0.0177622 0.00323829 -0.00304203 0.0414449 0.031749 0.0358128 0.0214531 0.0358822 0.00308441 0.00710364 0.00935814 0.0584639 0.0285095 0.0425957 -0.045094 0.0540929 0.0598804 0.0237105 0.00876658 0.00966568 0.051565 -0.0172297 -0.00113453 0.008064 0.0349021 0.0506079 0.0524145 0.0320332 0.05648 0.0293815 0.0572439 0.0314428 0.061685 -0.0207397 -0.0327052 -0.00270552 0.00858264 0.0401955 -0.0214424 -0.00243141 -0.0209126 -0.014805 0.0679526 0.0585641 0.0384414 0.0499254
internal_weight=13539.8 6832.65 3339.37 6707.13 2806.4 1189.21 930.074 1617.2 532.962 2865.45 3493.29 3841.68 436.639 786.782 599.794 463.124 2108.96 1034.61 937.426 3193.75 1074.35 1015.07 761.997 629.101 328.08 790.09 216.323 283.351 1324.27 641.272 3276.97 593.475 543.388 449.425 292.5 190.191 156.925 336.599 228.208 647.929 182.149 1869.48 1807.88 346.324 451.081 163.693 1461.56 214.631 1246.93 756.495 454.763 301.732 252.241 281.56 166.57 465.78 179.773 340.665 965.367 599.844 265.108 115.906
internal_count=75065 42785 19091 32280 16450 6277 4335 10173 2641 15089 23694 17191 1928 4300 3028 2128 10645 5461 5046 13993 5184 4817 3763 2952 1662 4032 1102 1233 6028 2848 22592 2515 2295 2231 1477 868 754 1820 1103 3198 858 7965 7699 1526 1980 730 6173 938 5235 4444 2821 1623 1286 1205 836 2340 895 1801 4030 2519 1129 496
is_linear=0
shrinkage=0.05


Tree=15
num_leaves=63
num_cat=0
split_feature=29 22 4 12 12 12 7 22 11 11 21 7 12 12 12 10 12 34 12 11 7 12 29 1 11 14 11 26 21 12 12 29 21 29 12 29 29 1 1 34 10 29 21 29 1 29 7 11 21 29 1 12 4 26 12 11 12 4 11 11 11 34
split_gain=2800.06 744.651 520.195 474.002 379.556 464.317 414.551 349.76 473.666 328.241 320.029 308.588 275.458 434.878 403.867 534.626 289.041 212.555 250.849 223.541 229.106 211.406 210.07 203.173 200.18 238.673 186.28 191.1 182.865 169.827 275.236 204.707 160.405 150.099 145.524 159.403 139.939 128.266 123.514 133.728 117.337 98.9788 98.0311 96.9079 95.5056 91.3887 83.7134 116.955 168.188 73.5093 73.2222 69.9205 94.179 72.7981 67.6833 175.007 67.499 66.6757 110.203 69.3836 64.259 81.6502
threshold=0.30687855752666754 1.0000000180025095e-35 465.37500000000006 26.500000000000004 14.500000000000002 11.500000000000002 0.10390554635521078 1.0000000180025095e-35 2.5000000000000004 1.0000000180025095e-35 0.0010910412565842979 0.35853137254901962 11.500000000000002 14.500000000000002 18.500000000000004 0.14815360279277809 20.500000000000004 -0.024038209846783006 14.500000000000002 1.5000000000000002 0.40184426277910185 28.500000000000004 0.13706706591199755 14.500000000000002 2.5000000000000004 -0.031693106447001546 3.5000000000000004 0.0023926095860333685 0.00089101721570007122 19.500000000000004 25.500000000000004 0.42905022341896049 0.0004080706439298127 0.1869210678425938 26.500000000000004 0.16338022864687568 0.11328399975604415 6.5000000000000009 26.500000000000004 -0.14079824070940558 0.21298705393376852 0.47452298172836088 0.0015666580138989118 0.17627345107834574 65.500000000000014 0.18911667433808441 0.075779206662998255 3.5000000000000004 0.0004080706439298127 0.171991531101263 19.500000000000004 12.500000000000002 833.02500000000009 0.0085485519171656123 16.500000000000004 3.5000000000000004 18.500000000000004 684.82500000000016 2.5000000000000004 1.5000000000000002 2.5000000000000004 0.28823758937110483
decision_type=2 2 2 2 2 2 10 2 2 2 8 8 2 2 2 8 2 8 2 2 10 2 2 2 2 2 2 2 10 2 2 2 10 2 2 2 2 2 2 10 8 2 10 2 2 2 10 2 10 2 2 2 2 2 2 2 2 2 2 2 2 8
left_child=2 3 7 4 5 -2 57 12 10 -5 17 -6 44 -14 36 -16 -17 18 -9 20 45 23 -4 -18 42 26 32 41 -11 -13 31 -31 -26 54 35 -25 -15 -34 39 49 -37 -28 -3 -12 -1 -20 -35 48 -48 -21 -38 52 -24 -53 55 -10 -50 58 59 -7 61 -8
right_child=1 24 22 9 11 6 60 8 33 28 43 29 13 14 15 16 21 -19 19 38 -22 -23 51 34 25 -27 27 -29 -30 30 -32 -33 37 46 -36 40 50 -39 -40 -41 -42 -43 -44 -45 -46 -47 47 -49 56 -51 -52 53 -54 -55 -56 -57 -58 -59 -60 -61 -62 -63
leaf_value=-0.040903958111168724 -0.05591812361357075 -0.056727989417981933 0.018310878823161101 -0.048489831457011745 -0.054635761786931331 0.020761256763004932 0.050437777802211585 -0.042848377681286853 -0.023036137478627827 0.070088275021703117 0.076311842600346111 -0.052153750637696672 0.081405319696031209 0.035368005008150093 0.075203302009129419 -0.061153018481609825 -0.032213207355597566 -0.044594743549929566 0.035708141612350086 0.085837058632787469 0.089937811523464958 -0.037416886883979109 0.0335564987970959 0.064236608965749314 0.035709066066813948 -0.048162706810576023 0.082648895533982289 -0.032128909106848534 -0.036983688901226018 0.062218746867210573 -0.060957872060299824 -0.0071195110072266674 0.033737731086440466 -0.023094358030389849 0.083866024109940915 0.070648020822879645 0.0084503157941485021 -0.051567289036568369 -0.056323688995934817 -0.062389619174210646 -0.024358856574081295 0.0082777798655066601 0.0066692447848122772 0.012521728943440842 0.04855021353789106 -0.033728424361862304 0.091326334973026779 0.050828089836997631 -0.060388217027023405 -0.0012449914675307298 -0.051227013450725958 -0.037500934033268103 -0.036319974493033889 0.0012284854763592583 0.058807642464185378 0.06726943379594913 0.001935327688548742 -0.055300853073748747 0.045284046723791688 -0.042785493454221238 0.077919823347603973 -0.022738809404050844
leaf_weight=131.89740558713675 233.1682455688715 1525.4247098118067 561.96709915995598 88.84992615878582 750.48788969218731 60.924175515770912 272.87096701562405 243.50016149133444 98.238835364580154 349.7436276525259 137.49835845828056 173.64868000149727 621.17183534801006 99.580380737781525 740.78004078567028 103.44537243247032 87.461536049842834 391.33515975624323 118.68398854136467 52.235514953732491 150.04639813303947 106.23520697653294 118.66924295574427 178.99460695683956 81.857700422406197 804.20427994430065 111.26175534725189 103.04850694537163 45.008383810520172 189.97269858419895 124.69542737305164 242.09637492895126 50.28978605568409 104.78117497265339 200.52065005898476 42.368238553404808 71.376714468002319 356.05405592918396 116.17121452093124 40.792811572551727 139.51007351279259 74.823980003595352 63.515552654862404 105.00605568289757 38.561200201511383 78.88140033185482 43.948362246155739 243.70438703894615 61.29508364200592 45.207430511713028 183.65320754051208 520.94414779543877 81.226467847824097 158.17278659343719 612.61240313947201 118.19991977512836 149.17722330987453 84.742987394332886 79.343083530664444 145.63438127934933 175.53908459842205 44.310136049985886
leaf_count=700 1820 11740 2616 680 5519 286 1144 1491 476 1485 570 1223 2595 428 3142 555 418 2213 516 219 694 609 609 736 439 5518 486 561 281 825 856 1178 286 584 829 200 393 2409 590 216 741 345 359 551 197 472 203 1079 434 243 1077 3324 526 840 2540 480 739 591 350 767 744 202
internal_value=-0.00021839 -0.0246761 0.0212541 -0.00708559 -0.0156083 0.00668975 0.0235982 0.0280858 0.0160122 0.0383374 -0.00383001 -0.0321188 0.0408884 0.0449631 0.0333777 0.0440817 0.0172286 -0.0141274 -2.61167e-05 0.0172943 0.0433595 0.0279667 -0.0055653 0.0386718 -0.0416593 -0.0290663 -0.00930977 0.0224954 0.0578803 -0.00898306 0.00448141 0.0233672 -0.0281462 0.0365112 0.0497152 0.0307392 -0.0148977 -0.0410098 -0.0183202 0.0136174 -0.00222717 0.0527447 -0.0541938 0.0486903 -0.0206676 0.00798439 0.0175285 0.0260735 0.00236164 0.0454364 -0.0345248 -0.0208297 0.0051626 -0.0284805 0.0503159 0.0262809 -0.0162149 -0.0163487 -0.00480305 -0.0240425 0.0536479 0.040215
internal_weight=13329.4 6231.52 7097.85 3061.04 2577.43 1096.53 863.365 5656.87 2911.32 483.602 1479.36 1480.9 2745.56 2575.1 1953.93 1599.32 858.536 1236.85 845.519 602.019 347.612 755.09 1440.98 648.855 3170.48 1581.54 777.336 289.134 394.752 730.413 556.765 432.069 488.202 1431.96 561.394 360.873 354.61 406.344 254.407 138.236 181.878 186.086 1588.94 242.504 170.459 197.565 602.906 498.125 254.421 97.4429 255.03 879.013 199.896 679.117 829.051 216.439 210.472 370.645 285.902 206.559 492.72 317.181
internal_count=74939 40094 34845 17951 15505 5904 4084 26930 14310 2446 7775 9601 12620 11723 9128 7230 4088 6654 4441 2950 1682 3533 7915 2924 22143 10044 4526 1392 1766 4082 2859 2003 3134 6535 2506 1677 1898 2695 1268 678 941 831 12099 1121 897 988 3039 2455 1376 462 1470 5299 1135 4164 3496 956 1173 1994 1403 1053 2090 1346
is_linear=0
shrinkage=0.05


Tree=16
num_leaves=63
num_cat=0
split_feature=4 12 12 4 12 37 7 12 1 11 41 11 20 14 11 4 34 4 41 10 7 41 37 21 34 34 21 41 42 10 37 12 14 10 41 7 1 40 1 4 12 39 11 11 7 10 4 12 4 7 41 41 34 4 20 5 9 41 12 37 41 4
split_gain=870.023 244.586 313.791 145.641 161.149 589.925 344.912 272.376 216.474 292.871 200.975 153.262 127.835 211.251 127.119 176.762 145.411 123.497 110.851 129.317 110.024 108.741 103.11 101.904 196.195 119.327 92.7267 90.9121 90.4963 119.291 87.1894 81.2585 91.6865 98.7841 80.6416 74.4806 72.6359 66.7067 81.6472 65.4157 63.9176 61.8337 60.2911 56.7745 85.9014 61.8447 56.1996 52.1431 70.9693 81.2908 54.3216 51.0774 92.5293 50.8776 50.3428 93.3236 50.1421 49.7783 49.1605 47.1004 46.9854 50.2565
threshold=395.47500000000008 28.500000000000004 27.500000000000004 8.0750000000000011 14.500000000000002 -7.6042443598903331 0.58274621681964778 21.500000000000004 40.500000000000007 3.5000000000000004 0.046585915569452629 3.5000000000000004 51.184402001469714 -0.0090789663062976738 2.5000000000000004 21.575000000000006 -0.12379081298531201 622.02500000000009 0.040862257850452006 0.0541056990220204 0.25309846337167824 0.024201264316361552 -27.886421256921171 0.0010383999619749922 0.28089294401006143 -0.10236022450876563 0.0015666580138989118 0.035425150137496912 0.093152059855801175 0.45936559923246179 -99.923326881784234 18.500000000000004 -0.0029889547463539672 0.33003811701189717 0.021853060173219412 0.13000314531348298 24.500000000000004 0.04287226909974063 48.500000000000007 28.525000000000002 25.500000000000004 0.012761559874730266 1.5000000000000002 2.5000000000000004 0.10986934880188327 0.27729470150343022 86.625000000000014 18.500000000000004 876.97500000000002 0.10986934880188327 0.025463483224554686 0.025330907085556006 0.002724035182193441 285.17500000000001 49.090043294973121 0.046666666666666683 0.10510607212771665 0.01584895851870851 19.500000000000004 -53.068799728741205 0.039201602142758432 92.625000000000014
decision_type=2 2 2 2 2 10 10 2 2 2 8 2 10 2 2 2 10 2 10 10 8 10 10 10 10 10 10 8 10 8 10 2 2 10 10 10 2 10 2 2 2 10 2 2 8 10 2 2 2 10 10 8 10 2 10 10 8 10 2 10 10 2
left_child=1 2 3 -1 5 8 7 14 20 22 54 18 23 40 16 -16 27 30 -8 58 -5 53 -10 24 34 26 -25 36 29 -12 -2 43 -33 -34 -9 -3 46 38 -24 -11 -14 -17 -18 44 57 51 -6 48 49 50 -19 52 -45 -4 -7 -56 -29 -32 -20 -36 61 -43
right_child=17 35 21 4 6 10 11 12 9 39 28 -13 13 -15 15 41 42 47 19 -21 -22 -23 37 25 -26 -27 -28 56 -30 -31 31 32 33 -35 59 -37 -38 -39 -40 -41 -42 60 -44 45 -46 -47 -48 -49 -50 -51 -52 -53 -54 -55 55 -57 -58 -59 -60 -61 -62 -63
leaf_value=-0.031113202789496582 0.063153633833025802 -0.036547974655151194 0.068066593615538837 0.053202580866295937 -0.041784478269070432 0.061824053483334654 -0.014212079655806373 0.042347923222853731 -0.028093566685714746 0.013745491421694395 0.019061964682328979 0.050459027361312296 0.040865914140026799 -0.023992492412859619 0.066175194329433681 -0.039576824746246922 -0.027142399936886726 0.020928887054862899 0.024876106600823886 0.0026366062615493565 -0.039285337448235459 -0.001467169797919042 -0.033556461472317202 -0.0036628608857581855 0.073069144798252036 -0.035103745811817993 0.090350325531364614 0.028887528466188774 0.073729632751787441 -0.049097126416256853 0.057327665952748422 -0.0090974042704613772 -0.041829317192699625 0.027301049054695405 -0.052816660316179626 0.012986701214216481 -0.036082670986511328 -0.039048837733602973 0.044286134880237256 0.082432055165616164 -0.003142312492035284 -0.02357007631553721 -0.056165705753372812 -0.033029032001495102 -0.040726769623724485 -0.047677565301640926 0.026029418669576355 -0.045945940475759145 -0.04151753658118057 -0.038170198850160021 -0.028980513708802502 0.034160597847292619 0.033740076591521076 0.028881739068377252 -0.010946945619845204 0.052515624870427213 -0.031596394364266804 -0.0068387051394259426 0.076325301433317852 0.0085828027233111909 0.023765521977248554 0.00091501989030285519
leaf_weight=246.44224743545055 35.588863842189312 398.94750984758139 311.14302831888199 34.620942488312721 41.922641299664974 630.81186269968748 241.00516477972269 199.46606492996216 293.96432639658451 46.412842683494091 248.75771249830723 457.68807199597359 249.15240477025509 475.43743887543678 90.897177562117577 123.72183100879192 602.16173052787781 180.20760841667652 73.149403810501099 231.05662700533867 451.56602758169174 95.325033687055111 42.647675380110741 63.041876249015331 221.76363646239042 134.70438130944967 44.914510667324066 211.24545770138502 49.763922765851021 86.523153230547905 39.308991581201553 581.88588624447584 625.48123019188643 56.329929061233997 34.839058667421341 93.712122820317745 246.57775986939669 45.511775508522987 160.30357364565134 136.9373634159565 123.3575713634491 296.45495889335871 254.58989209681749 111.33176021277905 193.33517284691334 43.62046130746603 112.63894757628441 534.97015711665154 385.01307719945908 176.80804141610861 78.167354121804237 185.41366965323687 97.181054130196571 112.89515664428473 75.897882848978043 244.68434228748083 40.900375962257385 130.79056213051081 127.1110648214817 301.89674160629511 149.54532741010189 715.06021251529455
leaf_count=1530 219 2642 1404 159 261 2754 1373 991 1900 216 1174 1991 1217 2897 451 747 3811 1061 401 1259 3063 540 261 360 955 804 204 1092 246 551 178 3531 4152 270 214 498 1554 295 780 568 695 1690 1670 690 1279 277 670 3727 2637 1153 473 926 501 557 447 1132 252 705 552 1664 775 3913
internal_value=-0.000499086 0.00719525 0.00903744 0.0067733 0.00788315 0.0183807 0.00332129 -0.00260291 -0.00688104 0.0104142 0.0412897 0.0281413 0.0123814 -0.00190191 -0.0122017 -0.00120706 -0.0222182 -0.0220342 0.0129484 0.0281247 -0.0326994 0.0467865 -0.00805189 0.0244853 0.0335135 -0.00371507 0.0354507 -0.00444969 0.0108113 0.00147271 -0.0144413 -0.0157789 -0.023676 -0.0361179 0.017154 -0.0271256 -0.0192376 0.01566 0.0279285 0.0650449 0.0262925 -0.00597429 -0.0357669 -0.0033197 -0.0179258 0.0088124 0.00763586 -0.0338018 -0.0258809 -0.0120468 0.00582957 0.0150677 -0.00191012 0.0576341 0.0536247 0.0374909 0.0190765 0.00798976 0.0575324 0.00223035 -0.00239363 -0.00626107
internal_weight=13126.6 9671.17 9178.51 8659.15 8412.7 2548.4 5864.3 4734.29 1211.96 725.778 1336.44 1130.01 1848.57 847.947 2885.72 1375.68 1510.04 3455.43 672.322 431.317 486.187 519.363 542.427 1000.63 757.966 242.661 107.956 653.285 385.045 335.281 2100.27 2064.68 1263.7 681.811 536.202 492.66 401.139 248.463 202.951 183.35 372.51 1284.78 856.752 800.982 363.435 437.547 154.562 1355.17 820.196 435.183 258.375 393.926 208.513 424.038 951.394 320.582 252.146 170.1 200.26 336.736 1161.06 1011.52
internal_count=74959 53180 50040 47539 46009 13546 32463 26887 7242 4020 6304 5576 10001 4809 16886 7576 9310 21779 3585 2212 3222 2501 3236 5192 3824 1368 564 3829 1971 1725 12728 12509 7953 4422 2869 3140 2485 1336 1041 784 1912 7125 5481 4556 2162 2394 931 9051 5324 2687 1534 2117 1191 1961 4333 1579 1344 883 953 1878 6378 5603
is_linear=0
shrinkage=0.05


Tree=17
num_leaves=63
num_cat=0
split_feature=29 22 29 12 12 12 4 4 37 11 11 14 22 11 10 11 12 12 12 34 11 21 21 21 12 21 1 4 29 29 12 29 41 21 37 1 11 27 41 22 12 12 12 11 37 12 29 12 4 34 4 22 11 10 12 12 12 41 34 19 1 10
split_gain=2630.39 759.232 458.729 443.851 375.205 466.442 337.304 333.468 299.804 294.206 239.22 231.827 182.425 266.443 172.604 172.251 171.297 282.86 370.427 310.643 170.723 166.218 161.721 161.269 153.429 147.359 137.731 137.517 110.947 107.694 106.942 107.603 99.8634 99.6596 96.5368 155.307 90.5275 105.099 90.4101 87.1301 186.363 174.763 138.055 82.3073 81.225 160.768 139.373 150.821 76.0667 74.7863 74.7658 70.3325 184.531 69.2421 67.7726 227.202 64.9882 72.9079 67.2675 76.1371 62.0567 61.4589
threshold=0.28493299989632764 1.0000000180025095e-35 0.11328399975604415 26.500000000000004 14.500000000000002 11.500000000000002 339.02500000000003 395.47500000000008 -31.57313992800923 1.0000000180025095e-35 2.5000000000000004 -0.027582532969937467 1.0000000180025095e-35 2.5000000000000004 0.31264162463357498 3.5000000000000004 11.500000000000002 14.500000000000002 18.500000000000004 -0.049480109522085418 2.5000000000000004 0.0012827575994411719 0.00089101721570007122 0.0004080706439298127 20.500000000000004 0.0010012266764088298 7.5000000000000009 26.325000000000006 0.52647746285066399 0.43784814435752406 18.500000000000004 0.42673586883676512 0.027496151910371441 0.0015666580138989118 -15.468948932666606 17.500000000000004 1.0000000180025095e-35 0.056588371871476036 0.045344236589531801 1.0000000180025095e-35 11.500000000000002 11.500000000000002 14.500000000000002 2.5000000000000004 -8.0398888533362349 19.500000000000004 0.45488919789156174 25.500000000000004 833.02500000000009 0.041863507743486246 9.0750000000000011 1.0000000180025095e-35 2.5000000000000004 0.077847206581874259 11.500000000000002 16.500000000000004 18.500000000000004 0.033519528342900416 -0.14753610750821619 0.00030482298704703764 37.500000000000007 0.22513290840320191
decision_type=2 2 2 2 2 2 2 2 10 2 2 2 2 2 10 2 2 2 2 8 2 10 10 10 2 8 2 2 2 2 2 2 10 10 10 2 2 8 10 2 2 2 2 2 10 2 2 2 2 8 2 2 2 10 2 2 2 8 10 10 2 8
left_child=2 3 32 4 5 -2 14 12 30 -5 33 15 16 21 -7 23 -4 -18 -19 -20 29 34 -11 -12 -21 61 -25 -17 -29 -16 -6 -32 51 -3 35 -14 -37 -38 -36 40 -9 -41 48 -43 45 -10 47 -47 -42 -8 -15 -1 -53 -44 -52 -56 60 58 -58 -60 -57 -26
right_child=1 10 7 9 8 6 49 39 44 22 11 -13 13 50 20 27 17 18 19 24 -22 -23 -24 26 25 -27 -28 28 -30 -31 31 -33 -34 -35 38 36 37 -39 -40 41 42 43 53 -45 -46 46 -48 -49 -50 -51 54 52 -54 -55 55 56 57 -59 59 -61 -62 -63
leaf_value=0.048004433975951499 -0.054250051714943459 -0.055454294760831996 -0.031887145327774889 -0.043835707248924334 -0.050322471688002926 0.063725099853892894 0.015635287497703938 -0.060987822043855847 -0.05876597380395418 0.065658281225121157 0.034155035957993303 -0.045158278831307047 0.056504005939709091 -0.032789450261178334 0.020727641098666982 -0.038285503950653159 0.075208262425299335 -0.034779085981090398 0.070164779073293146 -0.047092308206159873 0.08135822846361046 0.090501809736473662 -0.032547956036213223 0.029366414430854377 0.069848315444592163 -0.023097562476716543 -0.050603002701670598 0.056387777870914015 -0.021597559131603342 -0.059737580880667676 0.048928246774385405 -0.0073550842927784764 0.053060824356968607 0.0078338166544567288 -0.048224946315551596 0.032850028959603698 0.014683296678594552 -0.046515609168227251 0.026910559509086319 0.061129716355081964 0.078639019353991452 -0.042137820856944563 0.02837965559133079 -0.0064779392987325702 -0.056044293528001582 0.051415850735866409 -0.044468145609637855 -0.057238995896880696 0.0026720841308965296 -0.039187474705478058 0.069574681992152734 -0.0057889458182553534 0.053737260892466027 -0.026305714628294469 -0.053256900735852368 0.030699198195284938 -0.0046851311916309753 -0.0020677664881075227 0.077879692650660789 0.015285957742022899 0.085542184528007714 0.025732005050544595
leaf_weight=342.06169371306896 238.24545131623745 1570.5693055987358 94.068226151168346 92.030553743243217 67.870000168681145 410.75121973454952 92.467623844742775 81.830680303275585 249.43814926594496 377.95727232098579 92.346713729202747 808.44087569415569 95.094626225531101 45.020404994487762 89.641004532575607 76.627153143286705 378.81082306802273 209.33737640827894 432.57802566885948 87.777071312069893 60.600357696413994 39.47819110751152 47.150322675704956 63.22857279330492 123.57667878270149 118.16915033757687 362.69132132828236 194.74385277926922 59.553488567471504 77.563459515571594 156.47912469506264 185.69179842621088 1066.6378627568483 64.768711179494858 259.38874419778585 80.319747239351273 104.15107803046703 214.91606336832047 47.345346540212631 61.214808464050293 117.02770161628723 385.2488986775279 102.15048481523991 279.00404604524374 576.05321409553289 130.30727194994688 125.45065200328827 42.306825451552868 45.867456868290901 190.08798430860043 111.7235759049654 312.83866363763809 223.0015322715044 133.58108365535736 77.233948118984699 94.972066715359688 60.691789165139198 147.0480632930994 133.40142966806889 76.408094957470894 112.89586888253689 218.5859282463789
leaf_count=1500 1972 12727 542 744 521 1769 466 537 1896 1658 490 5742 446 223 394 435 1641 1214 1875 478 259 170 302 364 536 610 2553 872 287 392 760 954 4515 357 1547 377 543 1262 249 267 491 2500 506 1620 4448 600 736 297 243 1120 461 1499 962 723 497 394 273 699 588 367 463 1058
internal_value=-1.71151e-05 -0.0225118 0.0224416 -0.00520829 -0.0133557 0.00810963 0.024239 0.0137851 -0.0295829 0.0372186 -0.0393798 -0.0259943 0.021874 0.0103568 0.0443659 -0.00774986 0.0336487 0.0375783 0.0255998 0.0384883 0.00945955 -0.00965632 0.0547658 -0.0257442 0.0134886 0.0250403 -0.0387314 0.0204314 0.0381245 -0.0165989 0.0070117 0.018384 0.0427812 -0.0529477 -0.0145914 -0.000922051 -0.0145953 -0.0265388 -0.0366276 -0.00877251 0.00774237 -0.0197099 0.0218514 -0.0271597 -0.042938 -0.0291483 -0.00436247 0.0247851 0.0572485 -0.0212465 0.0299344 0.0302915 0.0189842 -0.00260869 0.0334019 0.0276503 0.0376417 0.0262695 0.041674 0.0550844 0.0604852 0.0416652
internal_weight=13016.5 6503.06 6513.46 3210.09 2692.95 1159.36 921.112 4568.92 1533.6 517.138 3292.97 1657.63 3362.99 1700.09 638.556 849.191 1662.9 1568.84 1190.02 980.687 227.805 840.694 425.108 518.267 548.109 460.332 425.92 330.924 254.297 167.204 410.041 342.171 1944.54 1635.34 801.216 494.482 399.387 319.067 306.734 1205.93 480.457 725.468 398.627 664.253 1123.56 547.503 298.065 172.614 162.895 282.556 859.395 877.902 535.84 235.732 814.375 702.651 625.417 417.549 270.501 209.81 207.868 342.163
internal_count=74991 43115 31876 19288 16584 6372 4400 23400 10212 2704 23827 10743 16513 8559 2814 5001 7954 7412 5771 4557 1045 4594 1960 3407 2682 2204 2917 1594 1159 786 2235 1714 8476 13084 4424 2628 2182 1805 1796 6887 2500 4387 1963 4120 7977 3529 1633 897 734 1586 3965 3961 2461 1229 3742 3281 2784 1927 1228 955 857 1594
is_linear=0
shrinkage=0.05


end of trees

feature_importances:
f_dte=273
f_dow=111
f_req_move=103
f_close=83
f_dist_hi_75=66
f_idx_vol_24=60
f_dist_lo_75=56
f_moneyness=56
f_ret_48=46
f_bars_left=41
f_is_ce=37
f_vol_48=35
f_idx_ret_24=30
f_tsi=30
f_ema_rel_48=10
f_minute_of_day=9
f_vol_12=8
f_idx_rsi=7
f_atr_rel=6
f_rsi=6
f_hma_rel=5
f_oi_chg_24=5
f_dist_hi_24=4
f_hma_slope=4
f_bb_pos=3
f_dist_lo_24=3
f_idx_ret_6=3
f_ret_12=3
f_ret_24=3
f_vol_24=3
f_vol_6=2
f_dist_hi_12=1
f_dist_lo_12=1
f_ema_rel_12=1
f_oi_chg_6=1
f_vol_rel=1

parameters:
[boosting: gbdt]
[objective: binary]
[metric: binary_logloss]
[tree_learner: serial]
[device_type: cpu]
[data_sample_strategy: bagging]
[data: ]
[valid: ]
[num_iterations: 400]
[learning_rate: 0.05]
[num_leaves: 63]
[num_threads: -1]
[seed: 0]
[deterministic: 0]
[force_col_wise: 0]
[force_row_wise: 0]
[histogram_pool_size: -1]
[max_depth: -1]
[min_data_in_leaf: 200]
[min_sum_hessian_in_leaf: 0.001]
[bagging_fraction: 0.8]
[pos_bagging_fraction: 1]
[neg_bagging_fraction: 1]
[bagging_freq: 1]
[bagging_seed: 3]
[bagging_by_query: 0]
[feature_fraction: 0.8]
[feature_fraction_bynode: 1]
[feature_fraction_seed: 2]
[extra_trees: 0]
[extra_seed: 6]
[early_stopping_round: 0]
[early_stopping_min_delta: 0]
[first_metric_only: 0]
[max_delta_step: 0]
[lambda_l1: 0]
[lambda_l2: 0]
[linear_lambda: 0]
[min_gain_to_split: 0]
[drop_rate: 0.1]
[max_drop: 50]
[skip_drop: 0.5]
[xgboost_dart_mode: 0]
[uniform_drop: 0]
[drop_seed: 4]
[top_rate: 0.2]
[other_rate: 0.1]
[min_data_per_group: 100]
[max_cat_threshold: 32]
[cat_l2: 10]
[cat_smooth: 10]
[max_cat_to_onehot: 4]
[top_k: 20]
[monotone_constraints: ]
[monotone_constraints_method: basic]
[monotone_penalty: 0]
[feature_contri: ]
[forcedsplits_filename: ]
[refit_decay_rate: 0.9]
[cegb_tradeoff: 1]
[cegb_penalty_split: 0]
[cegb_penalty_feature_lazy: ]
[cegb_penalty_feature_coupled: ]
[path_smooth: 0]
[interaction_constraints: ]
[verbosity: -1]
[saved_feature_importance_type: 0]
[use_quantized_grad: 0]
[num_grad_quant_bins: 4]
[quant_train_renew_leaf: 0]
[stochastic_rounding: 1]
[linear_tree: 0]
[max_bin: 255]
[max_bin_by_feature: ]
[min_data_in_bin: 3]
[bin_construct_sample_cnt: 200000]
[data_random_seed: 1]
[is_enable_sparse: 1]
[enable_bundle: 1]
[use_missing: 1]
[zero_as_missing: 0]
[feature_pre_filter: 1]
[pre_partition: 0]
[two_round: 0]
[header: 0]
[label_column: ]
[weight_column: ]
[group_column: ]
[ignore_column: ]
[categorical_feature: ]
[forcedbins_filename: ]
[precise_float_parser: 0]
[parser_config_file: ]
[objective_seed: 5]
[num_class: 1]
[is_unbalance: 0]
[scale_pos_weight: 1]
[sigmoid: 1]
[boost_from_average: 1]
[reg_sqrt: 0]
[alpha: 0.9]
[fair_c: 1]
[poisson_max_delta_step: 0.7]
[tweedie_variance_power: 1.5]
[lambdarank_truncation_level: 30]
[lambdarank_norm: 1]
[label_gain: ]
[lambdarank_position_bias_regularization: 0]
[eval_at: ]
[multi_error_top_k: 1]
[auc_mu_weights: ]
[num_machines: 1]
[local_listen_port: 12400]
[time_out: 120]
[machine_list_filename: ]
[machines: ]
[gpu_platform_id: -1]
[gpu_device_id: -1]
[gpu_device_id_list: ]
[gpu_use_dp: 0]
[num_gpu: 1]

end of parameters

pandas_categorical:[]
