tree
version=v4
num_class=1
num_tree_per_iteration=1
label_index=0
max_feature_idx=43
objective=binary sigmoid:1
feature_names=f_atr_rel f_bars_left f_bb_pos f_body f_close f_dist_hi_12 f_dist_hi_24 f_dist_hi_75 f_dist_lo_12 f_dist_lo_24 f_dist_lo_75 f_dow f_dte f_ema_rel_12 f_ema_rel_48 f_hl_range f_hma_rel f_hma_slope f_idx_ret_24 f_idx_ret_6 f_idx_rsi f_idx_vol_24 f_is_ce f_log_close f_lower_wick f_minute_of_day f_moneyness f_oi_chg_24 f_oi_chg_6 f_req_move f_ret_1 f_ret_12 f_ret_24 f_ret_3 f_ret_48 f_ret_6 f_rsi f_tsi f_upper_wick f_vol_12 f_vol_24 f_vol_48 f_vol_6 f_vol_rel
feature_infos=[0:0.37777777777777777] [-1:75] [-2.1242645786247869:2.1242645786247563] [-0.83196721311475408:0.40526315789473683] [8.9000000000000004:1307.95] [0:1.7564102564102564] [0:3.1858974358974357] [0:3.3173553719008262] [0:0.74429223744292239] [0:0.74429223744292239] [0:0.79726027397260268] [0:4] [8:34] [-1.0633987490035361:0.51143457848893081] [-1.3474862022196361:0.60388524540212374] [0:1.0945512820512822] [-1.4135975647655519:0.59120240193150608] [-0.5231172606359773:0.18282599703722707] [-0.014396227837882192:0.017583614429635297] [-0.012233962101078188:0.0071603941673226146] [10.350666945991719:77.437914275501981] [0.00024295171625747497:0.0021389847717475687] [0:1] [2.1860512767380942:7.1762163049868066] [0:0.32970711297071137] [555:935] [-0.025330310895208607:0.02573438807839094] [-0.6875:186] [-0.70588235294117641:56] [0.050007242705914112:0.59999655331170398] [-0.50318471337579618:1.528] [-0.62967359050445104:2.9107142857142856] [-0.75567525971527505:2.9107142857142856] [-0.52000000000000002:1.528] [-0.72133168927250302:2.953068592057762] [-0.59866666666666668:2.1980405878236526] [0:99.999999999995609] [-99.999999999995467:99.999999999995609] [0:0.55210643015521055] [0:0.44999657494736434] [0:0.3166032335848678] [0:0.22445818307868728] [0:0.62380338782878275] [0:47.999999998312084]
tree_sizes=6863 6911 6926 6940 6943 6942 6924 6945 6980 6955 6944 6939 6943 6932 6930 6936 6930 6940 6965 6999 6971 6929 6940 6972 6968 6933 6967 6956 6951 6963 6937 6960 6924 6946 7008 6974 6968 6995 6969 6989 7004 6970 6949 6930 6979 6995 6986 7001 7007 7006 7025 6999 6974 6931 6997 6985 6955 6979 6996 6955 6947 6999 6946 6992 6966 6946 6958 6976 6984 6985 7005 6995 7007 7026 7010 6987 7036 6963 7031 6972 7013 7000 6984 7026 7001 6971 6994 7006 6970 6996 6957 7029 6982 6971 7009 7005 6999 6986 6986 7035 6977 7025 7011 6990 6987 7005

Tree=0
num_leaves=63
num_cat=0
split_feature=10 4 11 12 1 34 12 26 0 12 31 21 11 12 10 21 12 20 26 40 4 26 26 11 11 21 12 1 34 21 12 31 21 1 27 20 10 12 4 9 34 9 11 40 4 4 12 26 21 9 4 34 11 21 4 10 26 34 16 37 21 1
split_gain=2894.51 1801.88 1383.12 3403.71 1019.01 1306.51 846.045 673.633 641.538 557.326 417.307 469.302 355.958 329.219 247.088 230.703 224.501 224.36 183.838 197.69 172.967 173.267 228.09 201.769 243.099 164.933 165.418 159.782 226.953 152.194 150.436 141.289 134.851 120.537 109.739 105.365 105.242 124.243 104.896 100.762 94.5177 94.4078 93.5277 123.806 92.3314 89.969 85.8452 82.89 94.7797 60.0872 57.671 57.0225 81.7181 69.5853 54.3141 53.1837 54.7518 48.7647 47.2324 47.055 46.7315 43.3256
threshold=0.38226353100940247 310.02500000000003 1.5000000000000002 24.500000000000004 22.500000000000004 0.36062131965202765 10.000000000000002 1.0000000180025095e-35 0.071724360922351571 19.500000000000004 0.20261954771406579 0.0017392767075751405 3.5000000000000004 32.500000000000007 0.19296941024769779 0.00083213682911435641 19.500000000000004 61.812878100955977 0.020183877320390991 0.038535199783600239 528.05000000000007 -0.0086787786212087544 0.017963673017191012 1.5000000000000002 2.5000000000000004 0.00036269713125871179 27.500000000000004 45.500000000000007 -0.29711014840718897 0.00043480573925595801 19.500000000000004 -0.097166717715490111 0.00066970678538504026 43.500000000000007 1.4562020460358058 44.982249150181381 0.38226353100940247 14.500000000000002 142.82500000000002 0.076040326132034777 -0.25847617283792923 0.41710298772489324 1.0000000180025095e-35 0.040942388483397062 30.625000000000004 185.02500000000003 19.500000000000004 0.004642447197991127 0.00088734269394800448 0.0880204067764042 168.02500000000003 -0.14071403029980376 2.5000000000000004 0.00036573424498169855 397.52500000000003 0.30967885671986123 -0.0020181657116088141 -0.024283317501634535 0.18205018000790066 -0.62335137448721833 0.00098503399877528076 66.500000000000014
decision_type=10 2 2 2 2 10 2 2 2 2 10 10 2 2 10 10 2 10 2 10 2 2 2 2 2 8 2 2 10 10 2 8 10 2 8 10 8 2 2 10 8 10 2 10 2 2 2 2 10 10 2 10 2 10 2 10 2 8 10 10 8 2
left_child=1 2 8 7 5 46 -6 38 25 12 30 15 18 17 -10 -12 20 44 19 50 21 33 54 -24 -25 -1 29 -21 -29 31 -8 -27 40 -3 -28 -32 37 39 61 -31 -19 -17 43 -41 -5 -14 -2 48 -16 -48 -9 52 -46 -53 55 56 -23 -33 -7 -11 -20 -4
right_child=4 16 3 13 6 58 10 9 14 59 11 -13 45 -15 47 41 -18 32 60 27 -22 22 23 24 -26 26 34 28 -30 36 35 57 -34 -35 -36 -37 -38 -39 -40 42 -42 -43 -44 -45 51 -47 49 -49 -50 -51 -52 53 -54 -55 -56 -57 -58 -59 -60 -61 -62 -63
leaf_value=-0.3668392102302695 -0.20381233250887515 -0.26801790136577763 -0.19135617588306952 -0.30174615461385751 -0.36984804227054785 -0.37890834118403577 -0.19288981906147837 -0.2741989127754757 -0.22184235441326533 -0.19666985767617046 -0.2190412725599355 -0.20193222806872779 -0.18597389649767671 -0.24937516093014064 -0.35858315549917963 -0.36672711184848844 -0.37612624642820669 -0.27456762049639882 -0.34932682478760857 -0.22543511286905177 -0.36760857946074244 -0.3149421397464065 -0.35518126828622515 -0.2198025878868573 -0.33356830227267742 -0.24504944760194075 -0.25783919909962566 -0.36345098319967944 -0.24343623250856372 -0.30396458743486438 -0.22034444083377097 -0.34730917555449592 -0.22974589208198537 -0.35280341284687111 -0.3459344110023968 -0.29787521571189651 -0.27651080983639909 -0.36096145989684758 -0.25127549736876342 -0.28009425028083035 -0.3571763280294144 -0.2873610778111913 -0.36952396412552135 -0.3481494157942997 -0.30726001213199994 -0.26747707207084093 -0.2244225137250741 -0.26398026953201137 -0.28392307629049995 -0.30025801334262309 -0.32210430051631883 -0.32588632563754871 -0.36048483345763599 -0.38288284496452801 -0.37541395577520464 -0.29993453051275476 -0.36452914943627457 -0.28691434661055437 -0.32578889568998126 -0.24735778789815505 -0.29411867371941774 -0.23423673689962632
leaf_weight=420.08204305171967 174.48433899879456 153.46801805496216 585.76885235309601 65.737096905708313 100.68283987045288 291.05160748958588 797.39831674098969 86.509042024612427 157.13365542888641 273.70092391967773 50.830171585083008 170.32994997501373 110.21349704265594 87.242169499397278 86.509042024612427 113.39038276672363 714.31053626537323 56.695191383361816 145.4036158323288 203.32068634033203 488.26289820671082 71.357740879058838 126.34230148792267 99.460960745811462 88.952800273895264 79.4221431016922 116.07851684093475 65.981472730636597 97.750329971313477 231.66828203201294 219.69386661052704 101.41596734523773 49.852668285369873 57.672694683074951 50.830171585083008 54.740184783935547 57.672694683074951 674.2329009771347 97.505954146385193 98.972209095954895 88.952800273895264 55.962063908576965 208.20820283889771 205.76444458961487 87.242169499397278 48.875164985656738 54.007057309150696 97.017202496528625 83.576532125473022 50.585795760154724 229.46889960765839 61.58270788192749 415.92765402793884 410.5513858795166 268.08027994632721 53.762681484222412 253.1733546257019 49.852668285369873 48.875164985656738 54.984560608863831 52.052050709724426 65.492721080780029
leaf_count=1719 714 628 2397 269 412 1191 3263 354 643 1120 208 697 451 357 354 464 2923 232 595 832 1998 292 517 407 364 325 475 270 400 948 899 415 204 236 208 224 236 2759 399 405 364 229 852 842 357 200 221 397 342 207 939 252 1702 1680 1097 220 1036 204 200 225 213 268
internal_value=-0.302547 -0.315687 -0.301421 -0.280361 -0.251156 -0.305452 -0.229654 -0.241036 -0.328078 -0.261901 -0.220001 -0.264252 -0.279844 -0.343249 -0.271593 -0.312461 -0.352687 -0.349872 -0.292281 -0.279997 -0.342604 -0.33219 -0.341199 -0.306294 -0.273513 -0.338523 -0.332176 -0.255039 -0.2918 -0.33682 -0.203879 -0.299052 -0.300725 -0.291177 -0.284668 -0.235809 -0.342721 -0.345413 -0.20291 -0.331333 -0.32502 -0.340501 -0.343694 -0.326046 -0.359102 -0.211013 -0.225283 -0.30086 -0.321897 -0.2611 -0.308989 -0.362968 -0.351256 -0.375449 -0.358197 -0.345995 -0.353626 -0.327405 -0.371271 -0.205149 -0.334773 -0.195668
internal_weight=10716.1 8534.09 6159.25 3440.81 2182.03 619.004 1563.03 2117.03 2718.44 1368.26 1462.34 390.513 1039.57 1323.78 424.236 220.183 2374.84 1236.54 880.486 683.03 1660.53 1172.27 961.13 314.756 188.414 2294.2 1874.12 367.052 163.732 1707.21 1071.83 230.691 195.501 211.141 166.909 274.434 1476.52 1418.85 748.768 744.613 145.648 169.352 512.945 304.737 1041.04 159.089 279.077 267.103 170.086 104.593 315.978 975.304 503.17 472.134 646.374 378.294 324.531 151.269 339.927 328.685 197.456 651.262
internal_count=43851 34922 25204 14080 8929 2533 6396 8663 11124 5599 5984 1598 4254 5417 1736 901 9718 5060 3603 2795 6795 4797 3933 1288 771 9388 7669 1502 670 6986 4386 944 800 864 683 1123 6042 5806 3064 3047 596 693 2099 1247 4260 651 1142 1093 696 428 1293 3991 2059 1932 2645 1548 1328 619 1391 1345 808 2665
is_linear=0
shrinkage=1


Tree=1
num_leaves=63
num_cat=0
split_feature=22 12 11 10 29 21 1 10 29 14 0 12 1 41 12 21 6 29 21 21 29 20 14 0 11 1 10 11 34 21 1 12 11 12 37 1 34 12 11 1 25 29 4 34 0 20 10 41 29 29 14 29 29 10 1 41 11 4 1 4 6 4
split_gain=2665.92 2350.78 3928.9 2777.72 1244.2 1026.41 1014.63 811.223 802.71 635.348 618.945 613.566 505.048 331.517 272.762 258.225 249.369 242.809 197.103 181.867 172.317 163.887 143.829 142.859 148.412 187.258 140.122 139.434 138.624 129 124.051 123.726 117.924 821.133 117.345 112.554 110.542 107.239 150.692 221.849 101.823 101.548 100.246 98.8659 88.3948 87.8867 82.9753 81.9869 79.4781 75.9181 73.2771 71.6493 69.9611 66.1168 64.5727 64.0005 61.1409 59.803 57.5705 54.5594 50.157 48.8928
threshold=1.0000000180025095e-35 24.500000000000004 1.5000000000000002 0.45762827527190536 0.22157937858544485 0.00098503399877528076 51.500000000000007 0.65516405686089585 0.17612206711656761 -0.24197122748776548 0.028783405086906019 12.500000000000002 36.500000000000007 0.082354788539150139 32.500000000000007 0.0010438115251357614 0.32789891787908293 0.47520014582929554 0.00055435057907011391 0.0016072420169554234 0.18642260477297054 64.39351621527851 0.0017870222997264792 0.033685568763570338 2.5000000000000004 34.500000000000007 0.20444735311227466 1.0000000180025095e-35 0.30683946021325598 0.00074357879551946026 51.500000000000007 14.500000000000002 2.5000000000000004 26.500000000000004 47.150996291304317 30.500000000000004 -0.22386885810806115 27.500000000000004 1.0000000180025095e-35 25.500000000000004 562.50000000000011 0.28935181203105464 115.72500000000001 -0.20990137109569254 0.11232200810439778 44.694254144541155 0.62537472111166037 0.053921338571963968 0.50454403471254394 0.10516890638081892 -0.11188176160975118 0.48524103128023427 0.31667131706475365 0.17787861862341101 45.500000000000007 0.037078123521236635 2.5000000000000004 142.82500000000002 15.500000000000002 54.025000000000006 0.036033949844620473 573.20000000000016
decision_type=2 2 2 8 2 8 2 10 2 2 2 2 2 10 2 10 10 2 10 8 2 10 2 2 2 2 10 2 10 10 2 2 2 2 10 2 10 2 2 2 2 2 2 8 2 8 8 10 2 2 2 2 2 8 2 10 2 2 2 2 10 2
left_child=1 2 3 8 10 7 15 34 16 44 31 12 22 14 20 28 18 46 27 41 43 26 51 -13 52 -26 29 -1 -7 35 -31 61 33 -22 40 -12 -20 -35 -39 -40 -4 50 -19 -3 -10 56 -5 -14 -42 60 -11 -6 -25 -34 -50 -32 -45 -56 -9 -55 -33 -2
right_child=4 13 5 17 11 6 -8 58 9 19 21 23 47 -15 -16 -17 -18 42 36 -21 32 -23 -24 24 25 -27 -28 -29 -30 30 55 49 53 37 -36 -37 -38 38 39 -41 48 -43 -44 45 -46 -47 -48 -49 54 -51 -52 -53 -54 59 57 -57 -58 -59 -60 -61 -62 -63
leaf_value=-0.0063866382858902533 0.047644751212398528 0.036782920263457947 0.029371172446804573 0.099312314240645502 0.088731677717858087 0.082601813787144596 0.0993352525315917 -0.07492107466119001 0.014122054257578716 -0.0020230306619535821 -0.044911944833201295 -0.080520352031687226 -0.079266792716423895 0.058659702581787265 0.04891133749053686 -0.069610177365877643 0.093434413618699697 0.066894570703387737 0.038646639795949844 0.014763997284228265 0.10966542059838032 -0.040108215708944767 -0.019400368754130252 -0.030678866011359315 0.034509251179772542 -0.081351621616845865 0.097259118031265676 0.097335666978050406 -0.023097923209135972 0.093342796550648213 0.059687713418319369 -0.046073344403233796 -0.07730784804224769 -0.079985901724736699 0.025539358701498233 0.05164119039402381 -0.045415384667653977 -0.083523181634622898 -0.068759419325429477 0.064583832906291924 0.10685435771059396 -0.078217732606440951 -0.013922109395016645 0.04540617275999289 0.096793860796981379 -0.042764267244032511 0.037729479635303223 -0.017022596330426482 0.097049802865097345 -0.057064249010130887 -0.058570888726683062 0.018626522689637656 -0.075697820545751152 -0.0020582664098456886 0.080110549585916679 -0.020365099523274328 -0.029850817386632058 0.01051276170910845 -0.0023275701333171027 -0.056995407480667504 0.0158212696797125 -0.019303650133375136
leaf_weight=59.804568126797676 59.255684420466423 79.002846598625183 49.257673233747482 480.35642513632774 122.79059240221977 51.817736506462097 223.83923207223415 58.640844404697418 79.546408385038376 72.002724975347519 70.328611835837364 1220.2763713896275 158.74032093584538 95.864537730813026 88.122842282056808 221.8855659365654 90.851226016879082 68.296066790819168 49.978991389274597 66.204729855060577 84.842809230089188 50.500335797667503 64.598386362195015 113.65026967227459 95.433072075247765 54.957928821444511 137.54786925017834 70.71297299861908 77.281203791499138 125.13327679038048 48.682912319898605 58.473830968141556 410.12662340700626 269.20042417943478 53.803457275032997 52.877186670899391 179.80471330881119 85.583878606557846 58.337349519133568 67.037975549697876 1603.0694586783648 1003.1137876063585 87.573254361748695 60.218439161777496 54.476756379008293 231.15470449626446 61.726472482085228 79.3484917730093 217.60538467764854 290.28101702034473 280.36376185715199 51.830154925584793 358.59011092782021 56.963429749011993 77.463289856910706 51.252039045095444 48.907749876379967 51.310051694512367 51.120207205414772 218.72841742634773 74.349852591753006 50.523794591426849
leaf_count=247 244 324 200 1945 500 210 905 243 325 296 289 5041 653 390 358 917 372 277 206 271 347 208 264 467 389 226 563 291 318 511 200 242 1693 1111 219 217 742 353 240 273 6484 4137 355 247 221 954 252 325 880 1200 1157 211 1474 234 313 211 202 208 209 903 307 209
internal_value=-0.000284697 0.0167376 0.0333038 -0.00943335 -0.0369265 0.075537 0.0161525 0.0913239 -0.0393147 -0.0563437 0.0076993 -0.0574911 -0.00696815 -0.0318856 -0.0368224 -0.036897 0.0194063 0.0764861 0.000739837 -0.0661544 -0.0413462 0.0456193 0.0443426 -0.0705764 -0.0510876 -0.00783021 0.0545306 0.049809 0.0193278 0.0376553 0.0601698 -0.0304654 -0.0506448 -0.0337305 0.0984061 -0.00347349 -0.0271315 -0.0590682 -0.0323755 0.00253899 0.100368 -0.0701066 0.0214887 -0.0136062 0.0477259 -0.025305 0.0922999 -0.0585225 0.102162 -0.0427375 -0.0470159 0.0679234 -0.0648635 -0.0645794 0.0804426 0.0186323 0.0116778 0.0523791 -0.0411113 -0.0456443 -0.011427 0.0168331
internal_weight=10685.4 7296 5441.91 2704.81 3389.42 2737.09 574.824 2162.27 2006.86 1555.71 1069.21 2320.22 477.308 1854.09 1758.23 350.985 451.152 697.952 360.301 1421.69 1670.1 536.322 239.219 1842.91 622.631 150.391 485.822 130.518 129.099 348.274 225.068 532.884 1250.82 565.002 2052.51 123.206 229.784 480.16 210.959 125.375 1998.71 1355.48 155.869 419.284 134.023 340.281 542.083 238.089 1949.45 423.105 352.366 174.621 472.24 685.818 346.379 99.935 109.126 128.773 109.761 275.692 132.824 109.779
internal_count=43780 29829 22200 11094 13951 11106 2350 8756 8265 6407 4401 9550 1953 7629 7239 1445 1858 2829 1486 5861 6881 2199 975 7597 2556 615 1991 538 528 1428 922 2202 5154 2324 8304 506 948 1977 866 513 8085 5590 632 1727 546 1403 2197 978 7885 1749 1453 711 1941 2830 1401 411 449 521 452 1137 549 453
is_linear=0
shrinkage=0.05


Tree=2
num_leaves=63
num_cat=0
split_feature=22 12 11 10 29 10 0 29 16 14 1 4 0 1 41 1 12 17 29 7 37 18 11 18 29 29 7 18 1 29 6 20 11 1 1 12 34 12 29 29 11 14 0 12 14 20 12 1 0 4 36 4 19 12 18 20 1 14 10 37 19 4
split_gain=2392.57 2092.26 3472.65 2552.57 1130.88 929.484 804.204 716.38 586.727 585.238 456.145 414.792 386.154 284.243 281.982 268.282 264.758 233.722 222.337 214.622 214.604 210.986 180.909 176.852 175.539 165.12 153.254 144.785 236.023 140.692 114.47 123.899 112.277 229.923 134.386 111.496 103.295 100.527 99.1545 98.0509 96.9735 135.028 83.6178 82.1709 76.1724 72.4224 72.322 69.0838 62.1763 61.6013 59.3755 56.5217 52.0197 51.9983 74.4623 64.5827 81.6964 45.7731 44.2427 43.5379 43.6046 41.9381
threshold=1.0000000180025095e-35 24.500000000000004 1.5000000000000002 0.45282589906429677 0.2870918951549622 0.54405428853680848 0.035075249230603796 0.17612206711656761 -0.19823966808598278 -0.23060430617711433 21.500000000000004 534.97500000000014 0.057035382955515052 47.500000000000007 0.082354788539150139 12.500000000000002 32.500000000000007 -0.047539836787084712 0.44304260361860009 0.63947739363124145 17.250652616281446 -0.0058033058335891776 1.0000000180025095e-35 -0.0081017807388367707 0.15190654191521105 0.23271376215298531 0.19480869582969318 -0.0091042627995783203 52.500000000000007 0.33746330915772166 0.20663149950808754 43.02103607405806 2.5000000000000004 40.500000000000007 36.500000000000007 19.500000000000004 -0.25564928798861231 14.500000000000002 0.31893670235251886 0.49341712206090466 1.0000000180025095e-35 -0.017531597172663695 0.11232200810439778 14.500000000000002 -0.10806313956442005 44.570752377765288 18.500000000000004 50.500000000000007 0.067527627772599588 161.32500000000002 28.900903091246608 142.82500000000002 0.0034753290165767674 27.500000000000004 0.0027795347149961462 49.533179070652295 24.500000000000004 -0.023640583907611232 0.2986136670347197 -42.902216823057657 -0.0042784629128811416 623.07500000000016
decision_type=2 2 2 8 2 10 2 2 8 2 2 2 2 2 10 2 2 10 2 10 10 10 2 8 2 2 8 8 2 2 10 8 2 2 2 2 10 2 2 2 2 2 2 2 2 10 2 2 2 2 10 2 8 2 8 10 2 2 10 10 10 2
left_child=1 2 3 7 6 8 24 17 15 42 -7 39 27 48 16 -4 19 -1 26 25 22 29 47 -24 37 30 -5 28 -6 -12 31 -3 34 -34 -25 -20 -19 -2 44 52 -39 50 -9 57 -11 -45 61 -8 -14 -41 -42 -37 -10 -27 55 56 -55 -38 -51 -40 -61 -26
right_child=4 14 5 18 12 10 20 9 11 38 21 -13 13 -15 -16 -17 -18 36 35 -21 -22 -23 23 32 46 53 -28 -29 -30 -31 -32 -33 33 -35 -36 51 43 40 59 49 41 -43 -44 45 -46 -47 -48 -49 -50 58 -52 -53 -54 54 -56 -57 -58 -59 -60 60 -62 -63
leaf_value=0.090264192985111458 0.040141467975736062 0.013811451089785157 -0.06139889142195374 0.10013825344814963 0.063421233169653618 -0.069893393449815627 0.10696763985396107 0.012663241812149312 0.099071994224534721 -0.0051057814225068891 0.055165804542721776 -0.041111490428868538 -0.0048791738673053253 -0.070940710846742555 0.054394894720563837 0.072439701304094106 0.048517422419318987 0.062559529584198345 0.066792385447325964 0.048553385880062812 -0.052921755323834967 0.097718222762602405 0.096592897016926249 -0.063116405621758409 -0.020083228336944939 -0.061587449246202519 0.014250575600938628 -0.07492298221796824 -0.077666665345406671 -0.06359809490214402 0.031887759156385323 -0.046400533357307393 0.10112607940361246 -0.027854290314914251 0.035908070336205015 0.030619436491058406 -0.0080462498233542581 -0.081982503513667579 -0.027981099605575828 0.083780640301032494 -0.0093195008103860444 -0.048860459912958926 0.091538624314978514 0.045102471556362933 -0.055330491415641662 -0.018581013166302722 -0.070635248652600832 0.03966358747605371 0.053698226665544593 0.015658708394027599 0.062196662887235549 -0.041788382691482301 0.048231909231727405 -0.070324158781809212 0.012751208744475757 -0.075638733669185707 0.0022611139319111632 -0.067562853585970806 0.072470939800952469 -0.036695401790289704 -0.07900057877346145 -0.072583802800588168
leaf_weight=88.582388743758202 85.867276713252068 116.59454719722271 98.742931455373764 448.99995684623718 51.290365874767303 152.82519815862179 146.46425777673721 90.399684354662895 1698.8746234476566 95.270292386412621 48.570156335830688 59.878632828593254 77.601649537682533 113.88252334296703 94.022438034415245 60.313345953822136 91.081881761550903 55.574695006012917 100.29727678000927 67.117190465331078 54.426064535975456 97.070378646254539 77.665704339742661 79.423329338431358 169.78457345068455 725.4198209643364 58.732412979006767 1458.3605386167765 70.231822937726974 51.248935952782631 89.079576656222343 319.6983275860548 76.683156490325928 62.888782680034637 60.254204347729683 52.656051725149155 57.433488190174103 53.878222525119781 50.189229801297188 300.47225567698479 53.306880176067352 103.10877995193005 53.479394674301147 82.168506398797035 363.64691349864006 97.75643552839756 266.54576541483402 51.545152321457863 108.83281725645065 70.327667266130447 63.708806291222572 55.210692033171654 51.85039284825325 65.908039972186089 59.750040054321289 124.59400402009487 94.131342336535454 73.837909340858459 66.836047142744064 65.805204927921295 818.71606247127056 49.020796626806259
leaf_count=360 353 480 411 1803 209 640 594 369 6819 393 200 248 318 473 380 242 368 227 404 274 225 390 315 328 704 3029 239 6095 294 211 367 1329 310 259 247 213 237 224 210 1206 221 430 215 337 1517 404 1116 211 442 284 263 224 210 275 247 521 385 307 270 272 3427 205
internal_value=3.43042e-05 0.0160391 0.0315873 -0.0086204 -0.0350642 0.0710912 -0.00196022 -0.0377115 0.0821565 -0.0540259 -0.005078 0.0887222 -0.0606744 -0.00870217 -0.0299623 -0.010648 -0.0344858 0.017374 0.0723614 -0.0390338 0.041826 0.0452316 0.0511187 0.0298547 -0.0335273 -0.042719 0.0902031 -0.0705537 -0.0181183 -0.00580974 -0.0197637 -0.0303095 0.0112933 0.0430097 -0.0203991 0.0288437 -0.000230411 -0.00706503 -0.0639377 0.0922747 -0.0218587 -0.0071426 0.041981 -0.0114437 -0.0449039 0.0105021 -0.053148 0.0894473 0.0293159 0.0711063 0.0296172 -0.0064419 0.0975663 -0.0539923 -0.0379935 -0.0486458 -0.0276312 -0.0415233 0.0433417 -0.0732827 -0.0758532 -0.0318454
internal_weight=10647.9 7313.16 5465.77 2708.76 3334.77 2757.01 1454.57 1992.86 2407.3 1537.51 349.715 2248.24 1880.2 300.317 1847.4 159.056 1753.37 455.353 715.896 1662.29 609.351 196.889 554.925 356.915 845.221 1595.18 507.732 1579.88 121.522 99.8191 525.372 436.293 279.249 139.572 139.678 208.164 366.771 359.87 1393.63 2188.36 274.003 220.124 143.879 311.196 458.917 179.925 485.351 198.009 186.434 437.636 117.016 107.867 1750.73 1069.8 344.383 284.633 160.039 131.271 137.164 934.71 884.521 218.805
internal_count=43780 29944 22289 11158 13836 11131 6005 8275 9690 6403 1441 9037 7831 1233 7655 653 7275 1872 2883 6907 2489 801 2264 1459 3516 6633 2042 6598 503 411 2176 1809 1144 569 575 841 1512 1491 5819 8789 1138 914 584 1285 1910 741 2025 805 760 1760 484 437 7029 4457 1428 1181 660 544 554 3909 3699 909
is_linear=0
shrinkage=0.05


Tree=3
num_leaves=63
num_cat=0
split_feature=22 12 11 10 29 10 29 21 12 0 14 12 1 1 34 12 7 17 29 21 21 11 4 34 37 11 11 14 18 21 29 1 21 7 12 29 0 6 20 29 12 1 21 34 12 1 17 1 11 29 29 14 29 0 18 1 10 29 29 29 18 18
split_gain=2168.58 1930.96 3115.92 2312 1051.7 870.896 677.572 661.291 622.233 596.42 511.458 459.635 376.54 324.5 247.429 239.512 234.492 225.97 222.5 218.539 182.503 177.514 175.202 172.62 162.904 226.008 155.194 219.162 142.743 142.644 139.898 133.153 124.003 112.786 108.042 105.657 138.993 97.7738 95.8322 95.0121 93.2913 89.5929 87.3576 225.387 81.6272 77.3416 72.8721 72.2237 71.593 71.3369 63.3513 52.0155 50.125 47.2446 46.7161 43.2625 63.6504 43.026 42.4051 35.7034 35.3874 44.8068
threshold=1.0000000180025095e-35 24.500000000000004 1.5000000000000002 0.45762827527190536 0.20131815378899312 0.5674835806952826 0.18867819977777298 0.001131353557237292 18.500000000000004 0.048697931490414008 -0.23060430617711433 14.500000000000002 45.500000000000007 21.500000000000004 0.69001845018450181 32.500000000000007 0.63947739363124145 -0.047539836787084712 0.49985472273587955 0.00079853981413416971 0.00055435057907011391 1.0000000180025095e-35 512.97500000000014 -0.24997885060064282 17.250652616281446 1.0000000180025095e-35 1.0000000180025095e-35 -0.021596832358461934 -0.0070507878909625279 0.0016072420169554234 0.23271376215298531 73.500000000000014 0.00097965667205536142 0.19480869582969318 21.500000000000004 0.32909724781879551 0.032864718745759088 0.20663149950808754 44.694254144541155 0.47034729373473977 19.500000000000004 41.500000000000007 0.0007773214026626751 0.034487142022209268 18.500000000000004 33.500000000000007 -0.17761711129704019 1.5000000000000002 1.5000000000000002 0.50869780662038722 0.28935181203105464 -0.11706762545361146 0.30763171720562504 0.0085029384679161761 -0.0091042627995783203 45.500000000000007 0.30967885671986123 0.11989116774605729 0.43208689527565713 0.091616440246289163 0.0027795347149961462 -9.9295094016182958e-05
decision_type=2 2 2 8 2 10 2 8 2 2 2 2 2 2 10 2 10 10 2 8 10 2 2 10 8 2 2 2 10 8 2 2 10 8 2 2 2 10 8 2 2 2 10 8 2 2 10 2 2 2 2 2 2 2 8 2 8 2 2 2 10 10
left_child=1 2 3 6 11 7 17 22 47 35 46 24 19 -7 15 16 30 -1 33 21 34 -11 31 -22 25 -2 -13 44 -15 50 37 49 45 58 -19 36 -6 38 48 -21 -20 -38 60 -44 -28 -27 -8 -9 -3 -4 51 -12 -14 -52 -37 -51 -57 -46 -5 -25 61 -32
right_child=4 14 5 18 9 13 10 8 -10 12 29 26 52 28 -16 -17 -18 20 40 39 23 -23 -24 59 -26 32 27 -29 -30 -31 42 -33 -34 -35 -36 54 41 -39 -40 -41 -42 -43 43 -45 57 -47 -48 -49 -50 55 53 -53 -54 -55 -56 56 -58 -59 -60 -61 -62 -63
leaf_value=0.083257487740671571 0.10552569893118009 0.040989455747258229 0.09521325712658385 0.095603245175921933 -0.063582848223316529 -0.067246492626256135 0.086578829835768825 -0.0035646565311968637 0.091837871862082018 0.032893923126420754 -0.0021433230880599269 -0.079147678631181051 -0.018648160650582595 -0.0089192454774977611 0.049262423669178032 0.04710861366141493 0.052895293592584873 0.07690397837385464 0.052166528510116474 0.082549676836522257 0.056312962203841292 -0.07466617580696415 -0.0047700882174686763 -0.016929860096934101 -0.029523687409828123 -0.033807911315247685 0.059304914500183117 -0.050789790977834641 0.085091528068056796 0.010300427913253521 -0.049540635719076624 0.010990420981310247 0.081024933251960349 0.020904596686879003 -0.013891546663530405 -0.038660381319028853 0.024573559424365538 0.025329661395507602 -0.046768273244669506 0.0096905599992940239 -0.03348664224199327 -0.050270754466997115 0.069273536817169551 -0.062687528998788933 0.028112686362608125 0.035844524176634092 0.010818611877445266 -0.075964916956202583 -0.031757015030989107 0.08524051755164902 -0.025044425077681384 -0.056082171499391875 -0.072202782387994172 -0.075124989701719797 -0.077060012606194883 0.014055770023807354 0.079587774958058966 -0.028951701551527726 0.056150103918546627 -0.061342892533865045 -0.027787918587811253 -0.072910835746392122
leaf_weight=95.638475701212883 156.33034923672676 66.332916051149368 1691.2778505980968 438.82869435846806 420.02092088758945 143.41619469225407 50.834909588098526 48.033106684684753 124.01781913638115 77.113273352384567 54.416376411914825 97.237523660063744 59.225261345505714 84.412598162889481 94.391477957367897 86.748333260416985 67.830331593751907 89.013875558972359 62.534147068858147 135.61314356327057 49.877772927284241 76.32793502509594 51.168245136737823 66.339356198906898 60.022008270025253 75.25725445151329 94.160692408680916 174.89517596364021 77.401585295796394 63.727315127849579 399.91861069202423 53.495937004685402 74.920578673481941 67.784114718437195 51.849685668945312 85.209030151367188 89.084440350532532 93.402508944272995 300.65812221169472 66.779680386185646 64.662557825446129 72.547089040279388 50.005615204572678 91.685439005494118 63.446395978331566 84.721875190734863 84.50512483716011 121.77413523197174 69.003979682922363 213.7158780246973 49.6215430945158 250.21941857039928 166.58623777329922 924.08904056251049 1124.0693664699793 67.187072902917862 82.618214920163155 68.908922076225281 80.620008677244186 142.3508115708828 85.850927010178566 421.01106056571007
leaf_count=386 630 271 6768 1756 1784 610 204 196 497 314 224 410 245 348 383 349 275 362 251 550 203 318 211 277 249 312 384 737 311 262 1685 215 303 275 215 357 366 383 1262 272 263 302 204 385 261 346 344 515 286 856 211 1056 702 3933 4784 270 331 289 324 595 358 1786
internal_value=-0.000378371 0.0149117 0.0298347 -0.00848821 -0.0338454 0.0671628 -0.0364014 0.0770724 0.00669701 -0.0516451 -0.0533652 0.0106133 -0.00765593 -0.0124854 -0.0295707 -0.0338659 -0.0381342 0.0142229 0.068578 0.0243917 -0.00230656 -0.0206109 0.0866479 -0.0272523 0.0471749 0.0589419 -0.0224731 -0.00874435 0.0360495 -0.0627074 -0.0420475 0.0888666 0.0279394 0.0815644 0.0434836 -0.0659316 -0.0484207 -0.0210953 -0.0310409 0.0585098 0.00862332 -0.00901974 -0.0526267 -0.0161158 0.0237193 0.00307868 0.0392748 -0.0554852 0.00389834 0.0908941 -0.066347 -0.0464472 -0.0581566 -0.0725728 -0.0743543 0.0707992 0.0501969 -0.00159708 0.08948 -0.0472247 -0.0583318 -0.061526
internal_weight=10594.7 7272.27 5445.43 2686.91 3322.48 2758.52 1972.48 2453.29 293.825 2372.58 1477.41 949.901 581.646 305.23 1826.84 1732.45 1645.7 495.07 714.43 355.834 399.432 153.441 2159.46 258.568 451.252 391.23 498.649 401.411 161.814 1342.07 1577.87 2108.29 234.9 587.233 140.864 1790.93 581.652 529.398 435.995 202.393 127.197 161.632 1048.47 141.691 226.516 159.979 135.34 169.807 135.337 2054.8 1278.35 304.636 225.811 973.711 1209.28 363.521 149.805 132.355 519.449 208.69 906.781 820.93
internal_count=43811 29896 22269 11141 13915 11128 8272 9859 1208 9994 6234 3921 2401 1269 7627 7244 6895 2038 2869 1454 1652 632 8651 1075 1840 1591 2081 1671 659 5686 6620 8440 961 2355 577 7593 2452 2202 1819 822 514 668 4418 589 934 658 548 711 557 8225 5424 1280 947 4144 5141 1457 601 550 2080 872 3829 3471
is_linear=0
shrinkage=0.05


Tree=4
num_leaves=63
num_cat=0
split_feature=4 12 11 10 4 40 10 10 41 40 21 26 41 7 17 1 10 12 7 7 12 12 7 39 0 7 18 21 18 14 11 17 26 1 18 41 20 1 21 10 41 1 26 9 2 1 0 1 12 10 37 20 21 0 7 11 16 1 5 6 10 26
split_gain=1944.49 1407.05 1918 1672.61 489.572 425.182 318.963 310.988 293.613 298.158 283.128 251.887 249.131 208.158 200.631 195.161 194.618 182.97 185.417 174.887 159.638 137.224 148.477 136.839 135.053 118.497 114.625 120.782 108.599 103.076 120.874 102.26 100.239 95.0813 87.4103 143.735 129.579 132.355 74.9292 73.2393 100.188 72.5472 71.9898 117.397 69.614 68.704 67.5053 64.3396 60.4975 82.4449 59.2408 59.1999 52.7222 50.6932 50.6772 195.063 49.1799 104.453 48.6878 46.3867 43.9476 47.7015
threshold=320.22500000000008 24.500000000000004 1.5000000000000002 0.48046238802931601 96.075000000000003 0.07438953748416717 0.2526175846701853 0.68874731036007064 0.03982937750558619 0.061300448381250462 0.0010438115251357614 0.017963673017191012 0.087904361996094485 0.32813513294422841 -0.033852879084289446 22.500000000000004 0.22389091891272325 32.500000000000007 0.63947739363124145 0.9465972815296575 18.500000000000004 13.500000000000002 0.55926880488736186 1.0000000180025095e-35 0.021886680657153722 0.51361079062588766 0.00071743849078109722 0.0011063608836376659 0.0070909209737639598 0.20309846284823202 1.5000000000000002 -0.056622010272064316 -0.0064585743180087746 39.500000000000007 0.0024177909891639486 0.032641966555090572 44.694254144541155 23.500000000000004 0.00076499582110669759 0.25489729260850963 0.035700368015231555 37.500000000000007 0.015743468713991033 0.16211896630236797 0.80058439650903834 33.500000000000007 0.065269208763736181 70.500000000000014 19.500000000000004 0.54405428853680848 -12.575693891426388 20.848664374993927 0.00045643157867146912 0.069973842758980928 0.3882662581896989 2.5000000000000004 -0.080922561917561961 26.500000000000004 0.16753869716818195 0.43370688099183002 0.16434277370548026 0.015743468713991033
decision_type=2 2 2 10 2 8 10 10 8 10 10 2 10 10 10 2 10 2 10 10 2 2 10 10 2 10 10 10 10 2 2 8 2 2 10 8 8 2 8 10 10 2 2 8 10 2 2 2 2 10 8 10 10 2 10 2 8 2 10 10 8 2
left_child=1 2 3 5 7 14 24 11 16 25 13 47 17 29 26 46 19 18 34 31 45 22 38 -23 -2 42 27 53 -7 30 -8 -6 33 -26 36 -36 37 52 -16 40 -39 -27 -10 -44 48 -13 -11 -4 -5 -50 -37 -25 -3 -1 -38 -56 -33 -58 -59 -28 61 -34
right_child=6 12 4 44 8 28 10 -9 9 15 -12 20 -14 -15 21 -17 -18 -19 -20 -21 -22 23 -24 51 32 41 59 -29 -30 -31 -32 56 60 -35 35 50 54 39 -40 -41 -42 -43 43 -45 -46 -47 -48 -49 49 -51 -52 -53 -54 -55 55 -57 57 58 -60 -61 -62 -63
leaf_value=0.02023724792109087 -0.058760634721493211 -0.0069401921018206877 0.08821900795134334 0.093049698701031289 -0.068855544440610747 0.013528367759616418 0.014445572186812007 -0.048097252415857321 0.081942528772279088 0.0063355233947499298 -0.050805043655022523 0.021347663678885204 0.066360656172524762 -0.066773683028267167 0.070435573360486489 0.059196177964749158 0.082185997720785345 0.040625482342072874 0.044449332505910912 0.072231517451439103 0.088954210494838745 0.036260026646444156 -0.055130923979600149 -0.0074992369384626603 0.03209481972438831 0.053677952762623549 -0.041657191993996007 -0.051342763340966713 0.079374577310403371 -0.026274827179610973 0.082787357389400365 -0.051194486395302247 -0.049498189684540082 -0.05235258709365536 0.061066086783500298 -0.0095517304511736761 -0.060088751322482051 0.021423927453235458 -0.0010006466321918494 0.044524289990048267 -0.064809383689989897 -0.021892354935035829 0.070936596115670644 -0.021252908939094563 0.028008402348496803 -0.055396584762594639 -0.067965378851561051 0.039405751714819769 0.074807529369130821 0.0032263620781557904 -0.074036880870358576 -0.05037937765129627 -0.06182468696635153 0.07667410999814861 0.037704802459769204 -0.063042158513066007 0.045850315569455437 -0.020101396911542366 0.033139759447820431 0.0056410300244364659 -0.060239893852661541 -0.0052545625548624476
leaf_weight=199.4784846752882 1245.93431212008 59.396261438727379 1123.0904533863068 283.82298317551613 67.660813495516777 192.07446050643921 128.63667604327202 51.520308867096901 500.2387820482254 48.587400317192078 233.60273812711239 67.349709808826447 68.761944368481636 59.02546164393425 57.129565432667732 78.719293624162674 77.855438187718391 85.514812812209129 71.348370507359505 70.747964054346085 58.618839278817177 50.362870812416077 92.241403788328171 85.920089110732079 104.29081349074841 71.326236292719841 186.23674294352531 53.441449642181396 92.907783448696136 55.495698392391205 130.17081055045128 47.943550184369087 125.40371200442314 48.989440560340881 55.518762618303299 99.158985927700996 689.39449687302113 79.476169615983963 102.68681840598583 82.096435904502869 58.457085400819778 57.248647838830948 118.35732516646385 48.759628295898438 81.97952526807785 51.434316486120224 82.43512561917305 71.823181837797165 176.40401247143745 52.108403325080872 55.578061625361443 1273.8917566090822 166.16462694108486 49.703132480382919 68.499921694397926 160.89773325622082 103.86055028438568 273.87780913710594 50.924593642354012 71.831130921840668 186.65496030449867 118.47887721657753
leaf_count=830 5368 250 4509 1138 286 797 530 220 2009 203 993 274 276 253 230 319 313 343 288 287 235 212 393 360 429 289 788 227 373 229 523 202 535 208 229 415 2952 331 424 334 246 240 476 203 330 217 355 288 709 210 237 5434 704 201 286 688 424 1143 209 297 798 494
internal_value=7.61978e-05 0.0119545 0.023214 -0.00463084 0.050879 -0.0225033 -0.0390433 0.0725034 0.032752 0.0500071 -0.00763341 0.0770311 -0.0269763 0.0193804 -0.0298747 -0.00302766 0.00770697 -0.0306829 -0.0343876 -0.00172141 0.0214363 -0.0385988 -0.0046186 -0.0446725 -0.0494621 0.0639827 -0.00401093 0.0168659 0.0349951 0.0355599 0.048819 -0.0113344 -0.0296178 0.00510484 -0.0379598 -0.00795057 -0.0425843 -0.020458 0.0245357 0.00713272 -0.0151224 0.0200299 0.0724507 0.0440385 0.0707878 -0.0118831 -0.0404122 0.085285 0.077633 0.0584847 -0.0327133 -0.04767 -0.0473721 0.0314945 -0.053315 -0.0329583 -0.00316845 0.00220299 -0.0117539 -0.0284921 -0.0419798 -0.0280045
internal_weight=10461.5 8024.86 6224.6 3102.22 3122.38 2507.91 2436.68 1423.84 1698.54 1005.67 606.931 1372.32 1800.26 373.329 2222.92 209.742 692.871 1731.5 1645.99 615.015 177.403 1662.23 252.058 1410.17 1829.75 795.931 560.691 302.623 284.982 314.303 258.807 544.267 583.818 153.28 1574.64 210.256 1364.38 445.591 159.816 220.03 137.933 128.575 667.356 167.117 594.315 118.784 131.023 1194.91 512.335 228.512 154.737 1359.81 225.561 249.182 918.792 229.398 476.607 428.663 324.802 258.068 430.538 243.883
internal_count=43593 33233 25654 12953 12701 10566 10360 5743 6958 4094 2528 5523 7579 1535 9396 877 2864 7303 6960 2551 726 7053 1047 6006 7832 3217 2343 1258 1170 1282 1053 2264 2464 637 6672 881 5791 1865 654 911 577 529 2688 679 2387 491 558 4797 2057 919 652 5794 954 1031 3926 974 1978 1776 1352 1085 1827 1029
is_linear=0
shrinkage=0.05


Tree=5
num_leaves=63
num_cat=0
split_feature=22 12 11 10 29 21 25 29 12 10 32 12 25 32 7 41 21 12 10 29 21 11 12 29 7 7 11 21 21 34 7 34 29 12 37 29 21 34 7 25 25 29 7 34 20 21 29 36 4 29 25 25 29 7 11 7 29 4 25 29 32 25
split_gain=1842.66 1582.9 2605.59 1916.14 990.083 704.423 743.938 652.119 572.81 570.016 390.674 346.939 278.783 278.669 226.07 214.627 193.855 186.794 182.548 180.406 178.207 174.817 156.567 155.375 149.746 138.347 137.432 181.264 137.279 131.006 130.099 107.139 102.48 95.4364 91.5415 89.4034 86.2097 237.645 85.6259 79.0781 72.8582 98.5765 69.8075 63.2399 84.2462 59.5655 59.2328 57.8269 56.0942 51.4074 50.3962 46.5052 46.1261 43.2 51.6806 166.842 42.9872 38.8953 36.9654 35.7955 42.5398 33.1963
threshold=1.0000000180025095e-35 24.500000000000004 1.5000000000000002 0.45762827527190536 0.28072817617155094 0.00098503399877528076 777.50000000000011 0.23029582001638266 18.500000000000004 0.65516405686089585 -0.39500697424984177 12.500000000000002 717.50000000000011 -0.20903177276805987 0.16322953106743635 0.089118621510165863 0.00055435057907011391 32.500000000000007 0.11806981796331541 0.44304260361860009 0.0010438115251357614 1.0000000180025095e-35 21.500000000000004 0.18041128097828699 0.2864120454584827 0.62326407323199284 1.0000000180025095e-35 0.001131353557237292 0.0016723951175247962 -0.25564928798861231 0.19480869582969318 0.32145192631067604 0.17612206711656761 19.500000000000004 47.150996291304317 0.095936122428622095 0.0007773214026626751 -0.0062535551763366884 0.9465972815296575 732.50000000000011 582.50000000000011 0.39146325857412956 0.10960502197134148 -0.20990137109569254 41.094321718346414 0.00068857679144393457 0.48524103128023427 21.070717011257106 142.82500000000002 0.11140801713279562 777.50000000000011 847.50000000000011 0.48921512630115149 0.10960502197134148 2.5000000000000004 0.33349717384182603 0.17612206711656761 142.82500000000002 737.50000000000011 0.32098814571882167 -0.1795378035457337 697.50000000000011
decision_type=2 2 2 8 2 8 2 2 2 10 10 2 2 10 10 10 10 2 10 2 10 2 2 2 10 10 2 8 8 10 8 10 2 2 10 2 10 8 10 2 2 2 8 8 8 8 2 10 2 2 2 2 2 10 2 10 2 2 2 2 10 2
left_child=1 2 3 7 8 9 -7 13 14 34 -9 12 -6 -1 42 17 22 23 21 30 31 -16 -15 43 -14 36 61 -28 47 -18 -5 -8 -23 -21 40 -10 53 -38 -13 -34 41 -4 -2 -3 -45 -44 -26 -12 -35 -31 -47 -11 -42 -25 55 -55 -22 -54 -59 60 -49 -20
right_child=4 15 5 19 11 6 20 10 35 51 28 38 24 16 18 -17 29 -19 26 33 56 32 -24 25 46 -27 27 -29 -30 49 -32 -33 39 48 -36 -37 37 -39 -40 -41 52 -43 45 44 -46 50 -48 59 -50 -51 -52 -53 57 54 -56 -57 -58 58 -60 -61 -62 -63
leaf_value=0.077161051804191333 -0.057137864449151914 0.035778305902848209 0.080695142302629086 0.086903636590656308 -0.06437997482009071 0.081915595056130802 0.067796071953358766 0.056826602682010813 -0.0031354584278800919 -0.0015511203681985929 -0.011708474742166616 -0.069202174764288457 -0.041710493895520319 0.067812482826863474 -0.058875797661385565 0.067915425498582441 0.04223646982063399 0.039058761887295332 0.059337574339727861 0.057097287515222417 -0.020772729711018706 0.057587110382850637 -0.02910125257617336 -0.037247694999179681 0.070162929710681152 0.035267853815145418 -0.030744876794280188 0.092729442003606652 0.012671882337879727 -0.014845130840386271 0.0075173304160570309 -0.026352364993346557 -0.037013811624998061 0.026319675148349764 0.019226464722221843 -0.056055029420889947 0.079235581486636605 -0.052819075784672022 -0.0086215547619659227 0.042188241003986895 0.088958310941388119 -0.0070483157299632768 -0.04043040214805331 0.027892247018247843 -0.030445662650599937 -0.0080985679633981469 0.0078515718506751275 -0.0083657694784232701 -0.04663977337894247 -0.059484566665493566 0.056798698142040083 -0.068053857809576609 0.080776544179583909 -0.070577660866840461 -0.068604001595754222 0.017150218615023898 -0.07534343549054201 0.021809828622903336 0.075292598576454789 -0.072169788826403611 -0.060497732486221693 0.10318393274814222
leaf_weight=117.74470801651478 76.05469074845314 73.41694276034832 83.191589906811714 453.56679341197014 159.4751805216074 227.01943162083626 50.962838813662529 74.745256900787354 101.71166107058525 47.73267950117588 49.152152508497238 1392.7568806558847 66.456974938511848 117.66958120465279 68.084449380636215 58.474654972553253 52.220617651939392 94.152914255857468 61.814961925148964 101.83150167763233 46.245135948061943 155.7714572250843 64.52796034514904 383.63079012930393 103.74749371409416 55.507971659302711 68.589743420481682 52.454423144459724 60.195894226431847 98.987098291516304 58.234958082437515 74.232903301715851 72.842515259981155 51.817811295390129 59.070763483643532 370.65446346998215 49.893185928463936 107.42013031244278 60.877642557024956 55.548662319779396 1483.4940431565046 52.029365450143814 61.082800313830376 83.034076258540154 242.97543115913868 68.910581588745117 60.309302970767021 47.753706485033035 53.591127157211304 185.09368604421616 52.86299204826355 58.514618322253227 260.06545062363148 153.20305113494396 431.37019756436348 83.86355085670948 164.30284161865711 67.94059045612812 61.600890338420868 842.54762011766434 216.73051302134991 143.1034042686224
leaf_count=476 324 301 334 1825 688 914 205 301 431 197 208 6100 276 481 292 234 215 377 252 408 200 634 272 1641 419 224 287 211 247 418 236 306 305 209 238 1608 202 460 256 228 5979 209 261 341 1036 289 245 200 218 793 217 256 1046 671 1879 353 714 273 247 3695 939 576
internal_value=-8.10135e-05 0.0140302 0.0276511 -0.00772253 -0.0313119 0.0618614 0.0120042 -0.0337092 0.000235362 0.0747696 -0.0541256 -0.0554304 -0.0135548 0.00772165 0.0228655 -0.0263224 -0.00804719 -0.0294561 0.038039 0.0619338 -0.0352677 0.0130852 0.033489 -0.0333321 0.0216074 -0.041917 0.065005 0.0227627 -0.0609434 -0.0305502 0.0778707 0.0119722 0.0303268 0.022576 0.0805741 -0.0446602 -0.0454597 -0.0109369 -0.0666651 -0.00274691 0.0823785 0.0469338 -0.0168812 -0.00614583 -0.0155871 -0.000137431 0.0472565 -0.0647762 -0.0107738 -0.0439301 0.0200739 -0.0381768 0.0849373 -0.0506218 -0.0582974 -0.0395435 -0.0633574 0.0696267 0.0472425 -0.0671324 -0.0510851 0.0899574
internal_weight=10452.9 7199.76 5382.81 2646.41 3253.11 2736.4 562.763 1927.37 1409.49 2173.64 1291.13 1843.62 389.989 636.244 937.121 1816.94 518.499 1758.47 678.21 719.042 335.744 352.247 182.198 1664.32 230.514 1264.89 325.963 121.044 1216.38 336.301 511.802 125.196 284.163 207.24 2067.39 472.366 1209.38 157.313 1453.63 128.391 2008.32 135.221 258.911 399.426 326.01 182.856 164.057 1156.18 105.409 284.081 121.774 106.247 1873.1 1052.07 668.437 237.067 210.548 389.607 129.541 1107.03 264.484 204.918
internal_count=43877 29978 22259 11141 13899 11118 2339 8245 5915 8779 5590 7984 1628 2655 3876 7719 2179 7485 2785 2896 1425 1459 753 7108 940 5430 1326 498 5289 1426 2061 511 1167 835 8326 2039 5206 662 6356 533 8088 543 1091 1678 1377 767 664 5042 427 1211 506 453 7545 4544 2903 1024 914 1566 520 4834 1139 828
is_linear=0
shrinkage=0.05


Tree=6
num_leaves=63
num_cat=0
split_feature=4 12 29 10 29 10 4 12 10 12 41 40 12 4 19 12 12 12 12 26 10 1 34 41 29 29 1 10 34 4 26 6 29 17 10 12 29 39 4 34 41 14 4 18 34 40 12 26 18 1 12 34 29 29 12 4 12 12 12 34 4 21
split_gain=1665.47 1275.02 863.202 647.817 618.544 391.392 266.064 493.297 232.378 219.422 205.74 188.44 186.799 174.107 166.36 158.437 212.191 173.476 244.852 156.49 143.082 144.468 254.491 141.67 137.726 133.905 112.05 111.696 107.282 92.4396 130.198 85.7639 82.1661 80.6154 76.8188 75.1153 99.6009 76.755 74.5594 72.8678 72.2725 72.2104 70.235 69.424 90.2401 65.364 80.5005 92.5099 59.1465 60.6896 58.8176 58.0859 55.6827 54.9798 53.2044 144.913 96.4683 124.863 86.9167 63.0497 53.0836 49.5364
threshold=310.02500000000003 24.500000000000004 0.28072817617155094 0.39478453450644552 0.20356105036278621 0.65516405686089585 75.725000000000009 20.500000000000004 0.28656500549970704 14.500000000000002 0.082354788539150139 0.043373471680232027 32.500000000000007 648.10000000000014 0.0021040400650834683 23.000000000000004 19.500000000000004 16.500000000000004 13.500000000000002 -0.010898982924408733 0.42351513977853006 20.500000000000004 0.52049270639915046 0.03982937750558619 0.18449740625081368 0.11989116774605729 36.500000000000007 0.38226353100940247 -0.081429737791482201 103.02500000000002 0.015743468713991033 0.2627138416760918 0.10516890638081892 -0.036085397970117263 0.23610026547879989 19.500000000000004 0.50635927927429247 0.051990941997850225 22.525000000000002 -0.15194684870410621 0.051650313369529917 -0.30559101618728507 443.60000000000008 0.00036592241090516181 -0.035642510812172339 0.038171171261995894 12.500000000000002 0.013523264410791049 -0.0011697634894149431 19.500000000000004 18.500000000000004 0.095017116774438928 0.44085535903343415 0.39336141134848229 21.500000000000004 92.575000000000003 19.500000000000004 16.500000000000004 13.500000000000002 -0.16861098597376631 137.52500000000003 0.0005991664867753127
decision_type=2 2 2 8 2 10 2 2 10 2 10 10 2 2 8 2 2 2 2 2 8 2 10 10 2 2 2 10 8 2 2 10 2 10 10 2 2 10 2 8 10 2 2 10 10 10 2 2 8 2 2 10 2 2 2 2 2 2 2 10 2 10
left_child=1 2 20 6 13 14 7 9 -6 34 12 53 24 19 28 16 17 18 41 -2 25 22 -22 26 39 -1 50 32 -5 30 38 54 -21 -9 40 37 -37 -30 -26 61 -4 -8 -34 -33 -45 -43 -47 -48 49 -41 -19 -23 -20 -10 55 -27 57 58 -57 -56 -39 -3
right_child=4 10 3 5 8 -7 15 33 11 -11 -12 -13 -14 -15 -16 -17 -18 23 52 27 21 51 -24 -25 29 31 -28 -29 35 -31 -32 43 42 -35 -36 36 -38 60 -40 48 -42 45 -44 44 -46 46 47 -49 -50 -51 -52 -53 -54 -55 59 56 -58 -59 -60 -61 -62 -63
leaf_value=0.057284658406341171 0.077131777405835225 -0.0018210564967810425 -0.01278429987266869 -0.0059563474231221084 -0.061299117841593059 -0.06013268876256124 0.0554829911784296 0.019280039157607787 0.0416571577193805 0.072072234188312753 0.044613701722005711 -0.057009441162235643 0.041036826793260511 -0.053651057264806158 -0.031066570082020226 0.054283499806184854 -0.063368496975792291 0.047930637844262221 -0.03652938804913184 0.021649496906163704 0.073661878346349713 0.040842969809150899 -0.053967214060469393 0.049595827558680659 0.021606664412611554 0.053980781891097729 -0.045118987014664866 0.059822190218743368 0.083229265020700799 -0.059936538432156794 0.03750970346394162 0.021768342801761143 -0.0015747938592144664 -0.050720377940838036 -0.044469368193993219 0.056255669283147174 -0.012012627709891293 0.059946345687787499 -0.04235341716839644 -0.030203706868276305 0.051080605182700779 -0.05092288063847196 -0.051468690490940876 0.079264103537370789 0.013360008545629562 -0.019488908586109709 0.071694974641466069 -0.015560050597064648 -0.04097885858234819 0.047198212436718651 -0.019730102831783215 0.083891305528581719 -0.072231474550235583 -0.0091636255731986447 -0.057341909143404396 0.030660169388309923 -0.041639529921438455 0.055266259010091814 -0.026857789683267397 0.023681349769714897 0.0044408823206935647 0.061987674784095441
leaf_weight=568.76714619994164 83.073797419667244 79.681281968951225 78.725465625524521 69.952618420124054 1378.0147631317377 91.482310354709625 51.03024297952652 49.986723318696022 96.84382438659668 296.62704142928123 98.018622949719429 167.49051566421986 87.986084461212158 115.25563099980354 62.127642825245857 68.800157070159912 271.75529719889164 80.340650647878647 227.10441799461842 172.10318967700005 97.153577864170074 95.411340579390526 65.317658469080925 155.58766169846058 49.109562322497368 254.17524932324886 123.77683016657829 75.487781524658203 349.3783325701952 457.9591328650713 62.79493747651577 179.12681303918362 173.1363018900156 232.12824615836143 54.778360515832901 179.52889868617058 76.064108803868294 170.98918816447258 631.16187360882759 52.423053696751595 101.29879111051559 71.444382339715958 119.02270801365376 197.88259929418564 70.427900448441505 174.86200165748596 68.982215166091919 54.280080735683441 171.52373839914799 48.993223518133163 53.51492665708065 438.48675467073917 210.38541077077389 118.13825233280659 47.321135640144348 113.61236500740051 83.010063409805298 142.64460062980652 155.68164704740047 48.742366641759872 57.581045061349869 49.194916278123856
leaf_count=2332 338 333 329 296 6144 394 209 208 400 1211 395 730 352 500 266 279 1216 329 997 721 395 391 288 635 207 1050 532 312 1419 2012 264 737 733 1026 236 729 310 698 2749 221 417 307 518 805 292 742 280 229 738 201 230 1786 929 491 201 468 361 585 663 204 241 201
internal_value=-7.8219e-05 0.0112647 0.0222454 0.00604669 -0.0356207 0.0387117 -0.00819023 0.0151199 -0.0517288 0.0434875 -0.0258131 -0.017248 -0.0298958 0.00280083 0.0480762 -0.0199554 -0.0232654 -0.014693 -0.0275101 0.0132474 0.0443008 0.0636352 0.0223517 0.0119228 -0.0337895 0.0370676 -0.0108285 0.00341491 0.0535183 -0.0422671 -0.0313772 0.0281718 -0.00575677 -0.0383173 0.00737639 0.0585096 0.0359391 0.0684912 -0.0377361 -0.00845026 0.0231522 -0.000270175 -0.0219011 0.0458728 0.0619652 -0.0079686 0.00232523 0.0332711 -0.0230814 0.00718841 0.0208801 0.0761983 -0.0536982 0.0137298 0.0188011 0.0232934 0.0075342 0.0174432 -0.00259156 -0.0162309 0.0459635 0.0225362
internal_weight=10327.7 7829.12 6040.27 3482.51 2498.57 1057.1 2425.41 813.545 1760.49 531.43 1788.85 382.473 1690.83 738.079 965.622 1611.86 1543.06 1271.31 858.089 622.824 2557.76 696.369 162.471 413.22 1602.84 1861.39 257.632 539.75 903.494 1201.03 743.066 1292.62 464.262 282.115 234.803 833.542 255.593 577.949 680.271 401.816 180.024 420.599 292.159 447.437 268.31 369.569 298.124 123.262 272.94 101.416 133.856 533.898 437.49 214.982 845.187 749.124 494.949 411.939 269.294 96.0635 228.57 128.876
internal_count=43812 32925 25252 14694 10887 4353 10341 3427 7765 2193 7673 1621 7278 3122 3959 6914 6635 5419 3693 2622 10558 2860 683 1726 6926 7698 1091 2284 3693 5232 3220 5366 1972 1234 982 3397 1039 2358 2956 1694 746 1767 1251 1834 1097 1558 1251 509 1160 422 559 2177 1926 891 3532 3127 2077 1716 1131 405 939 534
is_linear=0
shrinkage=0.05


Tree=7
num_leaves=63
num_cat=0
split_feature=22 12 29 29 12 12 12 12 12 12 1 7 10 12 21 4 10 1 21 10 36 6 41 12 10 29 32 10 37 12 0 41 12 18 29 7 12 4 29 12 16 10 0 21 1 21 6 40 21 34 14 41 21 1 29 14 4 18 7 10 18 4
split_gain=1499.12 1328.46 903.457 536.159 458.278 407.411 391.033 577.942 503.937 490.411 348.518 343.57 329.76 287.727 285.137 234.269 222.684 222.329 378.603 279.632 345.799 177.945 174.508 168.611 243.599 157.527 149.715 205.042 123.618 121.891 116.219 115.495 190.339 115.448 112.012 110.803 108.446 180.217 106.373 105.793 105.452 103.084 102.794 102.763 108.334 91.6041 90.9836 80.5529 80.1425 213.112 78.5706 77.3566 92.9717 101.062 70.3033 67.4062 67.3893 56.8196 53.8968 84.0692 59.733 49.2756
threshold=1.0000000180025095e-35 24.500000000000004 0.21929005155912959 0.27471151965169305 12.500000000000002 14.500000000000002 14.500000000000002 13.500000000000002 10.000000000000002 19.500000000000004 43.500000000000007 0.53242499321690218 0.64006072471970277 23.000000000000004 0.0010438115251357614 331.12500000000006 0.45762827527190536 37.500000000000007 0.00059329194688924163 0.12042656601382898 60.677988433235804 0.51947435280768628 0.087904361996094485 21.500000000000004 0.20210279382504601 0.18449740625081368 0.17785479139585739 0.42351513977853006 17.250652616281446 21.500000000000004 0.033406894223156 0.022109317991941196 21.500000000000004 -0.0082220610274075217 0.44726913858201062 0.6660439218783174 20.500000000000004 36.475000000000009 0.42562193983255375 32.500000000000007 -0.19113309169763851 0.078465254552211067 0.014051792808579112 0.00074473938501563679 21.500000000000004 0.0010211601010804996 0.20499771550411211 0.040457116774297218 0.0007773214026626751 -0.0062535551763366884 -0.10806313956442005 0.038778806532396078 0.00098139251852490702 30.500000000000004 0.43208689527565713 -0.16250501334843045 341.97500000000008 -0.0073964915476310558 0.24981128450921508 0.10555058636453983 -0.00065322519853955308 116.97500000000001
decision_type=2 2 2 2 2 2 2 2 2 2 2 8 8 2 10 2 10 2 8 10 10 10 10 2 8 2 8 8 8 2 2 10 2 8 2 10 2 2 2 2 10 10 2 10 2 10 8 10 10 8 2 10 10 2 2 2 2 10 10 10 10 2
left_child=1 3 5 17 10 28 7 8 21 12 34 13 15 16 57 40 31 18 29 -20 50 -5 25 26 -25 55 -19 45 43 -1 -6 32 -11 -32 -4 39 -13 -38 -18 48 -8 -9 -7 44 -2 -28 -36 -17 -27 -50 -21 52 53 -44 58 -3 -22 -10 -35 -60 -61 -57
right_child=2 22 4 6 30 42 9 41 14 11 -12 36 -14 -15 -16 47 38 23 19 20 56 -23 -24 24 -26 35 27 -29 -30 -31 33 -33 -34 54 46 -37 37 -39 -40 -41 -42 -43 51 -45 -46 -47 -48 -49 49 -51 -52 -53 -54 -55 -56 61 -58 -59 59 60 -62 -63
leaf_value=0.074344136920467721 -0.029752475351713749 0.048410484999776349 0.058475539539453364 -0.072353178750244648 -0.069238395984361406 -0.044961283761883741 -0.0038958411196246324 0.009977880205521001 0.019125434084270254 0.067135853401599485 -0.056751822902608218 0.077021518826857649 -0.047654777403361118 0.061842309837880673 -0.038323633976433513 0.026301488921807878 0.060709143632611109 0.081541520155202565 0.070696915922058776 0.015545768419906014 0.075537979625144733 0.039990451268569774 0.054479115189939066 -0.080453363393667945 0.072302590991316293 -0.048078084186073691 0.033347297708732897 0.075213855080231956 -0.024114125767262545 0.010698640299254616 0.009451086896763437 -0.058600495500360561 -0.072416838040329154 -0.066756913317631658 -0.049821075831771464 0.03856106309059186 -0.053864534748115783 0.055527543591777064 -0.016641550172588854 0.02294270692160812 0.072155949943189371 -0.06919053606401418 -0.043997644070686501 0.070681883390617206 0.05276618334820618 -0.047086921862953164 0.040265650748903682 -0.056604198017680921 0.073593783028304785 -0.050989561415815954 -0.051083388921601636 -0.049460563014752587 0.065560092005699275 0.031964528284696113 -0.072581309045231357 0.0035829759992885655 0.0059858247677603213 0.076362644014874193 -0.054821089512367985 0.050911206702955174 -0.025472295398297196 -0.034379449336411176
leaf_weight=387.20928364992142 64.939797639846802 57.886001646518707 164.78654254972935 159.36752887070179 1081.0064955055714 239.80008219182491 48.490993589162827 46.493119269609451 50.950224161148071 52.408953472971916 182.52089186012745 144.29021897912025 80.50820118188858 100.53172300755978 77.608449563384056 73.705137848854065 82.033513993024826 631.56313522160053 121.91981798410416 52.024589821696281 94.173725843429565 45.257046639919281 66.979309901595116 49.190707072615623 55.595646366477013 1012.4697667360306 73.651380807161331 178.65621203184128 61.669481888413429 93.367091625928879 92.985830098390579 389.84714937210083 45.774470970034599 90.22340402007103 58.000023737549782 47.174382671713829 57.460489362478256 109.20415344834328 97.006405249238014 64.245948284864426 759.34539385139942 355.62329109013081 88.122545421123505 268.64423084259033 102.63555647432804 68.15210522711277 54.235492154955864 48.630318999290466 51.527156665921211 102.82917696237564 295.91324612498283 64.786942005157471 60.682858869433403 87.027721002697945 217.74971500039101 247.50342300534248 55.26353095471859 291.02201983332634 91.518731817603111 49.108565926551819 53.455635741353035 130.57717807590961
leaf_count=1592 272 235 672 717 4964 1061 203 196 209 222 802 594 350 409 343 299 333 2586 500 215 388 185 269 208 227 4498 310 733 260 391 395 1759 208 397 241 190 247 445 394 257 3104 1604 380 1088 419 294 221 212 208 452 1282 276 249 362 972 1046 233 1186 397 207 232 558
internal_value=-0.000203848 0.0126373 -0.028741 0.0252498 -0.0473418 0.00951702 0.0119837 -0.0132895 0.0168254 0.024399 -0.00310789 0.000949055 0.0494238 -0.0170122 0.0481991 0.0578261 -0.0288961 0.0444142 0.0286779 0.00283606 -0.0137984 -0.047506 -0.0246951 0.0607917 0.000593125 -0.0277887 0.0674175 0.039582 0.0421474 0.061979 -0.05947 -0.0463937 0.00207446 -0.0417238 0.0322364 -0.0366406 0.045287 0.0178128 0.0187994 -0.0395223 0.0675909 -0.060037 -0.0205454 0.051515 0.0207881 -0.00531015 -0.00628853 -0.00665486 -0.0429616 -0.00940121 -0.0411208 -0.00106915 0.0122247 -0.00625397 -0.0512019 -0.00183519 0.0498168 0.0678349 -0.0348274 -0.0199843 0.0111007 -0.00952805
internal_weight=10227.3 7053.43 3173.9 5272.24 2135.59 1038.31 3115.56 1026.32 624.205 2089.24 459.543 1078.56 1010.68 767.602 419.581 930.172 667.07 2156.68 1099.87 619.295 497.375 204.625 1781.19 1056.81 104.786 1714.21 952.023 320.46 497.889 480.576 1676.05 488.031 98.1834 595.042 277.022 1278.25 310.955 166.665 179.04 1231.07 807.836 402.116 540.42 436.22 167.575 141.803 112.236 122.335 1166.83 154.356 347.938 300.62 235.833 175.15 502.056 435.967 149.437 341.972 284.306 194.083 102.564 378.081
internal_count=43758 29891 13867 22178 9500 4367 13219 4440 2640 8779 1936 4611 4168 3325 1738 3818 2916 8959 4601 2618 2118 902 7713 4358 435 7444 3923 1337 2039 1983 7564 2189 430 2600 1134 5605 1286 692 727 5415 3307 1800 2328 1779 691 604 462 511 5158 660 1497 1267 991 742 2205 1839 621 1395 1233 836 439 1604
is_linear=0
shrinkage=0.05


Tree=8
num_leaves=63
num_cat=0
split_feature=4 10 29 11 25 34 29 6 4 6 11 10 39 4 26 43 21 18 10 40 21 18 36 21 21 25 21 4 34 29 11 11 7 18 10 39 10 29 21 18 10 10 11 7 40 10 11 11 4 39 4 16 29 18 10 29 7 10 29 21 11 5
split_gain=1437.57 960.732 807.302 810.73 515.487 552.185 490.237 273.634 238.17 181.088 175.252 174.979 170.241 168.477 151.497 138.414 136.961 135.048 126.33 150.547 178.273 143.775 115.927 115.653 115.484 116.172 110.619 107.281 102.798 100.795 99.4118 94.4704 104.684 145.452 92.7509 88.8237 88.5334 86.2055 79.6085 90.0299 75.8473 72.3363 126.906 177.939 70.1598 65.6176 63.2638 83.0558 61.2964 61.0693 60.5809 54.6022 54.4908 54.2215 53.6145 53.3664 52.9328 51.0937 48.1745 45.545 44.9186 44.1906
threshold=323.72500000000008 0.41654975650548481 0.31893670235251886 1.5000000000000002 817.50000000000011 0.373054070971159 0.21503409173138102 0.21956016535292724 30.625000000000004 0.84263860119653422 1.5000000000000002 0.28656500549970704 0.01307146881036513 623.07500000000016 -0.0086787786212087544 1.0000000180025095e-35 0.00098503399877528076 0.0013386550003815503 0.31999328164153384 0.04918881625104541 0.00044515280506386918 -0.0082220610274075217 30.639655156455891 0.00029948117179153807 0.00080286336505340581 812.50000000000011 0.00096506326410940259 25.525000000000002 0.056273883562164125 0.15654981248095956 1.5000000000000002 2.5000000000000004 0.27517651705920121 0.0022119441635224395 0.14834375821574522 1.0000000180025095e-35 0.33408248100997312 0.14123754683996606 0.00058987034686164915 0.0013386550003815503 0.61077281368638958 0.20210279382504601 2.5000000000000004 0.23596395342925411 0.041532365398676059 0.14063431168057219 2.5000000000000004 1.5000000000000002 108.02500000000002 0.01307146881036513 190.77500000000003 -0.046483463840081563 0.43459659292484187 -0.0006688682248927601 0.11155819370715848 0.16074717388850865 0.31861875620122337 0.26000971581248494 0.44085535903343415 0.00067550332515618403 2.5000000000000004 0.12427255023707383
decision_type=2 10 2 2 2 10 2 10 2 10 2 10 10 2 2 10 10 10 10 10 8 8 10 8 10 2 10 2 10 2 2 2 10 10 8 8 10 2 10 10 10 10 2 10 10 8 2 2 2 10 2 10 2 10 8 2 8 8 2 8 2 8
left_child=1 2 7 9 17 52 13 10 60 35 23 -8 -10 14 -2 27 30 28 19 20 22 -22 -14 -1 25 46 59 -12 -3 48 -13 32 -23 53 -33 -4 37 45 -27 -40 -30 42 43 -17 -38 -16 47 -9 -25 -29 54 -20 -6 -34 -44 -7 -51 -31 61 -21 -5 -37
right_child=6 4 3 8 5 55 11 24 12 -11 15 16 18 -15 36 41 -18 -19 51 26 21 31 -24 29 -26 38 -28 49 40 57 -32 34 33 -35 -36 58 44 -39 39 -41 -42 -43 50 -45 -46 -47 -48 -49 -50 56 -52 -53 -54 -55 -56 -57 -58 -59 -60 -61 -62 -63
leaf_value=-0.071514224793670617 0.066370632288853287 -0.0052065990490788652 0.0074949464492841582 0.07435906885431473 0.071917899787288325 -0.0072963201775396551 -0.059483961677735023 0.020667643578768439 -0.041356615384903907 0.05180708001709336 0.073460985383787286 -0.031080436675045887 -0.034378353860531084 -0.052353042398125917 0.037685327507468544 -0.016495538492499268 -0.049854962413412279 -0.014559392527272817 0.0063791009561689153 0.0082110760334451107 0.057254624494606915 -0.038057288855000523 0.053130401445059129 0.042744637007284779 0.056187251611350721 0.034462702857865617 -0.032609374877962519 -0.029721547073723084 0.073150136200951135 -0.030095348471920049 0.047849778624845074 -0.062486003655986937 -0.062000965749207153 0.066747356160364146 -0.0098223678498073671 -0.05173520834896192 0.083753409911749593 -0.038033573213944995 -0.065153587459369444 0.016060631883139408 0.02326076319708302 0.063435636229233039 -0.043317401765852442 0.077332611306926785 -0.0015635331729164322 -0.015167416482800278 0.011240131186227298 0.083396871155903773 -0.00077579093909968056 -0.018232409296295771 0.039429894454928852 0.072055780275587969 0.020686126287161013 0.0069837679945022619 0.021294606372232988 -0.067497328073340038 0.026947591663703405 0.0027624382686123679 -0.060676903411033267 0.063833889203727553 0.026071315393388861 -0.022502391954247337
leaf_weight=66.095263436436653 99.570315182209015 48.430251777172089 66.353960141539574 128.68760624527931 151.3647313117981 46.121287003159523 1212.8336773365736 88.755966126918793 223.43381732702255 46.236883282661438 47.068542405962944 69.589285969734192 49.463504731655121 131.96803779900074 105.77341030538082 70.906841740012169 171.28144983947277 54.523831829428673 47.38947881758213 47.967623218894005 56.922624588012695 156.54624480009079 161.13843636214733 146.85383750498295 542.48912610113621 81.975561499595642 49.12362402677536 167.25145283341408 981.60396049916744 297.3332025706768 93.481180429458618 230.21347573399544 45.413098499178886 84.137271955609322 131.28352741897106 348.43535652756691 49.275722801685333 173.19142895936966 74.190912529826164 63.187238499522209 82.594352453947067 186.29313093423843 92.526283442974091 175.82850962877274 47.157689273357391 132.02590563893318 108.29914289712906 130.13970793783665 180.17037323117256 108.58599700033665 58.920106038451195 95.26367974281311 78.985871702432632 76.411952748894691 49.168024033308029 182.40135395526886 160.88063168525696 196.50360502302647 691.53712293505669 158.10658203065395 76.963895201683044 205.54068753123283
leaf_count=289 405 207 287 531 626 200 5645 367 988 188 196 297 222 586 445 302 766 229 200 203 232 693 678 605 2240 336 215 727 4065 1299 380 1039 204 345 563 1590 202 761 317 263 338 776 405 727 200 565 454 539 761 474 244 394 323 325 209 819 685 840 3137 656 325 911
internal_value=0.000261553 0.0103707 0.00148894 -0.016216 0.0446188 -0.00027976 -0.0346538 0.0196698 0.00561343 -0.0454451 0.00870838 -0.0506553 -0.000848086 -0.00115105 0.00998089 0.0218804 -0.0186302 0.0622709 0.00566631 0.00056633 -0.00824834 -0.0192583 0.0325775 -0.00788633 0.0398444 0.0236229 0.0348143 0.00174104 0.066036 -0.00276305 0.0141668 -0.0252739 -0.00723789 0.0161871 -0.0433603 -0.0488727 -0.0010843 -0.0112009 -0.00453094 -0.027799 0.0692781 0.0372568 0.0263549 0.0503683 0.0420319 0.00834155 0.0424974 0.057962 0.0187675 -0.00598879 -0.00317909 0.0502379 0.0543508 -0.0187319 -0.020897 -0.0553473 0.00874157 -0.0170208 -0.0518757 0.0508866 0.0562877 -0.040889
internal_weight=10182.2 7896.02 6269.99 3176.57 1626.03 458.873 2286.15 3093.42 1818.47 1358.1 2004.39 1547.19 1612.81 738.963 606.994 1117.43 334.352 1167.15 1389.38 1246.73 991.53 780.928 210.602 886.956 1089.04 546.549 255.198 483.787 1112.63 820.861 163.07 724.006 362.509 205.962 361.497 1311.87 507.424 410.991 219.354 137.378 1064.2 633.643 447.35 246.735 96.4334 237.799 327.195 218.896 327.024 436.718 200.614 142.653 230.351 121.825 141.694 228.523 269.467 493.837 1245.51 206.074 205.652 553.976
internal_count=44040 33788 26981 13926 6807 1968 10252 13055 7813 6113 8539 7088 6957 3164 2578 4745 1443 4839 5969 5375 4301 3401 900 3794 4516 2276 1074 2082 4610 3505 677 3169 1567 874 1602 5925 2173 1771 916 580 4403 2663 1887 1029 402 1010 1360 906 1366 1886 858 594 949 529 614 1019 1159 2139 5638 859 856 2501
is_linear=0
shrinkage=0.05


Tree=9
num_leaves=63
num_cat=0
split_feature=22 12 29 4 12 12 10 10 10 12 12 1 21 1 37 18 7 7 18 32 10 10 34 12 7 12 29 8 37 21 37 29 18 1 12 21 29 21 21 5 39 12 21 40 21 2 1 29 7 40 29 29 12 29 29 18 41 20 41 29 20 16
split_gain=1331.93 1114.42 759.127 429.205 419.665 346.518 330.049 400.878 314.049 694.805 375.261 301.893 266.65 246.235 282.108 242.22 235.555 214.861 229.254 198.492 164.007 162.533 159.872 155.043 144.569 241.871 135.524 123.129 119.873 135.088 115.974 109.297 105.479 215.212 98.1842 98.1171 97.414 96.0825 140.429 90.4574 90.2624 87.8836 102.364 134.542 143.27 86.6356 84.7459 82.1205 79.4904 75.2164 75.1901 73.6148 86.7485 70.464 69.668 68.5975 66.0262 62.0737 60.3236 59.2144 62.4483 94.1769
threshold=1.0000000180025095e-35 24.500000000000004 0.21929005155912959 320.22500000000008 12.500000000000002 14.500000000000002 0.41654975650548481 0.62537472111166037 0.16662331491755866 21.500000000000004 23.000000000000004 40.500000000000007 0.00065677326212995948 42.500000000000007 18.276709317216397 -0.0014380268015400375 0.53755077257526829 0.16974791166280526 -0.0073964915476310558 0.28164355357154186 0.12042656601382898 0.10366680234218449 0.70744240155649007 32.500000000000007 0.40868381294517658 25.500000000000004 0.30306932672044751 0.087624495171714514 3.7551015029109887 0.00031340492437217156 17.250652616281446 0.44304260361860009 -0.0089508836848661826 51.500000000000007 18.500000000000004 0.00074357879551946026 0.21274585602327906 0.00044006716317366494 0.00067117034555178945 0.21176810020026479 0.018344880272557314 27.500000000000004 0.00032858912218787929 0.073085974786679761 0.00067117034555178945 -0.20444392428377009 21.500000000000004 0.37480220781060047 0.42158894428144283 0.07438953748416717 0.11562655076329355 0.41708323892319316 19.500000000000004 0.32502384121472189 0.39336141134848229 0.0021693320720054259 0.059852582117996357 46.302354837708457 0.052578256385824175 0.41480574381557073 56.7637998538818 -0.018922657386106156
decision_type=2 2 2 2 2 2 8 10 10 2 2 2 10 2 8 10 10 8 8 10 10 10 10 2 10 2 2 10 10 10 10 2 8 2 2 10 2 8 10 10 10 2 8 8 10 10 2 2 10 8 2 2 2 2 2 10 10 8 10 2 10 10
left_child=1 3 5 6 11 30 8 16 9 21 -11 31 15 14 50 28 39 18 -5 26 -19 59 23 24 41 -26 -15 45 -10 -30 35 -4 33 -6 53 46 -31 -27 -39 51 -7 49 -43 44 47 -23 -2 57 -33 -3 -14 -8 -53 -9 -20 -28 -21 -44 -13 -1 61 -61
right_child=2 22 4 17 32 40 7 34 12 10 -12 58 13 19 -16 -17 -18 20 54 56 -22 27 -24 -25 25 37 55 -29 29 36 -32 48 -34 -35 -36 -37 -38 38 -40 -41 -42 42 43 -45 -46 -47 -48 -49 -50 -51 -52 52 -54 -55 -56 -57 -58 -59 -60 60 -62 -63
leaf_value=0.0749469990042506 -0.030044997402053738 -0.054612521179293633 0.059617309714812244 -0.031500481324579062 0.073086701265678441 -0.040924998533799085 0.07307498757725428 0.057075755682505808 -0.042986417625433586 -0.058695006119326036 0.07142701589607596 -0.072271836991240748 0.001678565235656146 0.072433196089320015 0.075311449456709256 0.074275953417873616 -0.052424868030879826 0.026452778577803093 0.067553093028439037 -0.05815896146564184 -0.058385051352994155 -0.026072183895791717 0.041278899463489768 0.037157456044691589 -0.064801308020044163 0.06587962247742081 0.028645589900672383 0.05584950832959356 0.083830564600039029 0.051831651935373181 -0.026419809269034263 -0.054343214825760315 -0.060602321456326408 -0.057299053332741004 -0.051638981661933717 0.06543420205963614 -0.037212890694994241 -0.036466930169854549 0.068968065323427613 0.0023617131521101796 0.00024388533160557243 -0.066760623303736166 0.050748574317620712 -0.060817784757289273 0.069467601605155235 0.047103449834405599 0.044411966658764276 -0.052130674608665141 0.031352310552890804 -0.006532321540274816 -0.065052570799730286 0.063397223126004862 0.016237175182248549 -0.02678180941332587 0.010707504322756205 -0.041628730909537282 0.012328046514370793 -0.020374714690737976 -0.014240731662764945 -0.032488155947836127 0.064597663658085794 0.06414800179558211
leaf_weight=544.0808460265398 61.326630249619484 650.02932620048523 153.91095262765884 163.42177291214466 46.266664922237396 263.03500744700432 836.21737334132195 53.406674191355705 96.602624818682671 249.99118606746197 71.185377210378647 117.89990711212158 48.491738796234131 134.78508895635605 45.596135258674622 197.28574500977993 46.962541490793228 72.213967695832253 142.28375813364983 100.95591868460178 269.81518206000328 128.21210415661335 93.023369684815407 91.428530693054199 102.76927314698696 95.28155292570591 96.898049861192703 169.29786622524261 65.265591666102409 48.851932242512703 61.258329898118973 47.563340112566948 1469.4550197869539 100.16343152523041 103.42016437649727 272.05459985136986 82.729039281606674 89.727098256349564 48.733729869127274 61.678280204534531 269.60595156252384 96.318409502506256 57.654595509171486 93.099862173199654 71.745871290564537 59.090644836425781 101.41232325136662 80.090185701847076 62.776998654007912 92.977977067232132 326.00432041287422 295.33964872360229 145.5747961550951 47.182033449411392 86.767507508397102 54.122204408049583 49.518799170851707 65.564364850521088 72.209932282567024 51.118105173110962 174.44859446585178 49.747967377305031
leaf_count=2280 260 2956 627 720 188 1181 3518 223 427 1133 296 543 203 559 191 826 206 303 590 461 1245 567 383 366 459 392 414 704 271 200 260 203 6935 461 464 1104 374 394 200 265 1143 440 242 410 298 249 414 356 255 410 1493 1230 592 201 357 242 217 290 313 225 727 209
internal_value=4.02516e-05 0.0122744 -0.0271882 0.0238971 -0.0446324 0.00791845 0.0297614 0.0480077 0.0195628 0.0353225 -0.0298548 -0.00217877 0.00204748 -0.0147921 -0.0421148 0.0314339 0.0576413 -0.0115044 0.0137408 0.0115168 -0.0404729 0.0531231 -0.0224809 -0.0261076 -0.0298538 -0.000872099 0.0359881 0.0249461 0.00263126 0.0250182 0.0379892 0.0323904 -0.0565697 -0.0161018 -0.0174302 0.0470638 -0.00415341 0.0272356 0.000642776 0.0615021 -0.0200866 -0.0379307 -0.0208699 -0.00886376 0.0087215 -0.00298659 0.0163536 -0.0127152 -0.00558763 -0.0485959 -0.0564119 0.0643583 0.0478266 0.0177416 0.0460193 0.00346088 -0.0349628 0.0129041 -0.0502297 0.0653856 0.0464903 0.0151736
internal_weight=9995.95 6897.01 3098.94 5168.56 2070.25 1028.69 4434.06 1589.78 2844.28 1497.17 321.177 454.361 1347.11 856.372 420.092 490.735 1385.77 734.502 392.473 436.28 342.029 1176 1728.44 1635.42 1543.99 336.512 285.805 356.601 293.449 196.847 496.052 264.251 1615.89 146.43 204.009 434.794 131.581 233.742 138.461 1338.81 532.641 1207.48 464.473 368.155 275.055 187.303 162.739 203.309 110.34 743.007 374.496 1277.13 440.914 100.589 229.051 151.02 150.475 123.219 190.11 819.396 275.315 100.866
internal_count=43665 29778 13887 22182 9525 4362 18967 6699 12268 6390 1429 1941 5878 3780 1887 2098 5811 3215 1667 1893 1548 4961 7596 7213 6847 1445 1215 1520 1272 845 2038 1085 7584 649 888 1778 574 986 594 5605 2324 5402 2036 1596 1186 816 674 888 458 3366 1696 5340 1822 424 947 656 678 532 856 3441 1161 434
is_linear=0
shrinkage=0.05


Tree=10
num_leaves=63
num_cat=0
split_feature=22 12 29 29 12 4 12 1 21 10 31 1 21 1 10 10 12 21 12 10 7 12 12 20 1 12 14 7 9 21 21 21 10 21 12 21 29 12 7 12 14 7 21 7 10 12 40 29 12 21 29 12 1 1 7 1 21 29 29 2 40 20
split_gain=1207.11 1092.56 750.654 423.007 398.51 289.646 270.348 211.364 354.173 292.199 351.493 192.318 184.224 220.38 168.22 265.205 190.515 282.681 261.604 237.647 146.545 146.175 246.037 142.173 217.535 207.472 136.03 131.788 124.459 220.317 233.982 123.292 119.933 113.86 112.725 165.238 106.769 101.492 99.9715 115.923 156.124 99.0954 94.9252 92.6629 85.0737 82.7568 78.115 75.5764 73.4169 75.3122 70.7257 68.0433 67.3946 66.8841 63.5449 61.8593 61.4798 61.3055 56.499 51.9163 51.7193 51.4256
threshold=1.0000000180025095e-35 24.500000000000004 0.2870918951549622 0.32098814571882167 18.500000000000004 228.12500000000003 12.500000000000002 36.500000000000007 0.00059329194688924163 0.11155819370715848 0.17685425900541399 43.500000000000007 0.00064858103451909024 59.500000000000007 0.40864038519620732 0.65516405686089585 20.500000000000004 0.00048905701451156739 23.000000000000004 0.16662331491755866 0.20184091404226473 21.500000000000004 23.000000000000004 44.694254144541155 25.500000000000004 25.500000000000004 -0.15254329310765011 0.24981128450921508 0.1942433566154361 0.0014793739159754099 0.0010738979199818861 0.00045643157867146912 0.080694515378504195 0.0002901028243879773 10.000000000000002 0.00098503399877528076 0.095936122428622095 25.500000000000004 0.53242499321690218 31.500000000000004 -0.039593329237413259 0.33676635147246786 0.00098139251852490702 0.30504914372714642 0.20018566388475409 27.500000000000004 0.069840680307434747 0.12644041670788139 13.500000000000002 0.00080787100185868144 0.091616440246289163 19.500000000000004 17.500000000000004 45.500000000000007 0.9465972815296575 51.500000000000007 0.00078678783482903755 0.10935726490855696 0.48524103128023427 -0.58904788066017433 0.036542857196743987 30.662045646611251
decision_type=2 2 2 2 2 2 2 2 8 10 10 2 8 2 8 10 2 8 2 10 8 2 2 8 2 2 2 10 8 10 10 10 8 10 2 10 2 2 10 2 2 10 10 10 10 2 8 2 2 8 2 2 2 2 10 2 10 2 2 8 10 10
left_child=1 3 4 7 12 14 11 8 33 -10 50 27 59 34 16 41 17 -5 -18 48 42 28 -23 24 31 -26 37 -4 -9 30 53 -3 -22 -1 -14 44 -6 -25 39 -28 -41 -16 51 56 57 -27 -47 -15 -19 52 -11 -7 -50 -30 -8 -44 -21 -36 -29 -2 -39 -35
right_child=2 23 6 5 36 20 54 21 9 10 -12 -13 13 47 15 -17 18 19 -20 43 32 22 -24 26 25 45 38 58 29 -31 -32 -33 -34 61 35 -37 -38 60 -40 40 -42 -43 55 -45 -46 46 -48 -49 49 -51 -52 -53 -54 -55 -56 -57 -58 -59 -60 -61 -62 -63
leaf_value=-0.016374822430970607 0.0071374844084033072 0.011472363594131946 -0.051729092594456898 0.080286050388382088 0.0083463887836052447 0.034557703998080065 -0.06203236024021546 0.071034750783304443 0.06509328380546732 0.010644375921960833 0.054784886405701831 -0.057994772821347886 0.08587856902710074 0.025981388709420995 0.053999163580117193 -0.056449535024897683 -0.04823336534531214 0.074908022933724255 0.059079046039165209 0.04738329035817429 0.028281153050189994 -0.072903381736658932 0.070024710385861819 -0.063832744717253087 0.096805687256750414 -0.046451519348411664 -0.052932957537158487 0.060040315058943472 -0.0069288833605630172 0.078217511268472997 -0.0661879860887543 -0.059068951330302114 -0.061485893913741908 0.015552900899637881 0.040109854508426676 0.074895317011950499 -0.049773319908221599 0.044944467071838634 0.026926209297994632 0.070128832351653278 -0.037832870197337581 -0.0094676226464394976 -0.074334004023964159 -0.040913889696209987 0.052294418876739059 0.061522362848024696 -0.02228681670980991 -0.044304354069757405 -0.051756187386803147 0.049354914751777453 -0.045657296027975573 -0.028748659638176001 0.020965571579600502 0.057666453584809055 -0.0078422296631550197 -0.0052547761542070196 -0.021125690577155347 -0.019596226493403771 0.0012514177439293447 -0.049366438379070968 -0.0082123720912979075 0.066960397819292569
leaf_weight=52.318429082632065 66.287690952420235 98.44091784954071 53.182418644428253 157.33394767343998 100.93161630630493 181.90876273810863 1232.8607768416405 693.70246078073978 139.51005005836487 65.548085436224937 135.69842250645161 135.61409138143063 126.70015294849873 57.932595565915108 592.30860932171345 67.768790125846863 260.5894346088171 87.182860225439072 72.617684885859489 62.601566255092621 44.237620800733566 59.183656677603722 61.291830629110336 46.535528495907784 82.752709001302719 60.727411478757858 744.69643351435661 109.77837762236595 57.954481154680252 191.52671638131142 76.103795245289803 167.06740321218967 234.18332903087139 54.7624132335186 57.711569115519524 156.62867288291454 363.99026007950306 93.252045154571533 51.635824933648109 47.343497708439827 114.40956562757492 68.629888847470284 53.752737060189247 234.64583061635494 93.655002251267433 65.304236337542534 48.415774315595627 112.55239430069923 47.080709233880043 134.41427682340145 374.28695504367352 55.363590076565742 98.542692959308624 129.88611057400703 56.580604329705238 81.612615182995796 68.668620213866234 168.58232505619526 65.106765449047089 105.11892677843571 89.846386075019836 435.71877691149712
leaf_count=230 283 418 229 672 433 752 6008 2937 589 280 569 632 519 238 2484 308 1230 366 304 270 183 260 258 206 339 270 3447 446 248 810 339 757 1115 234 237 645 1688 391 218 201 505 301 247 1088 386 266 204 483 216 564 1670 236 422 551 247 361 317 722 268 473 387 1846
internal_value=2.96898e-05 0.0117097 -0.0260563 0.0232462 0.000743385 0.00910076 -0.0489161 0.0378167 0.0232899 0.000173665 -0.0155629 -0.010843 0.0193858 0.0297753 0.0187314 0.0377503 0.00740563 0.019474 -0.0248462 0.00642351 -0.0197796 0.0522084 -0.000188802 -0.0228975 -0.00116787 0.0316045 -0.0324606 0.0171946 0.0577015 0.0373945 0.00777192 -0.0329148 -0.047223 0.0537416 0.0439606 0.0328165 -0.0371559 0.00210257 -0.0407447 -0.0445996 -0.00623356 0.047409 0.000725122 -0.0220944 0.0122171 0.000675028 0.025841 -0.0204205 0.0348401 0.0223659 -0.0372667 0.0197862 -0.0025457 0.0377368 -0.0596545 -0.0326857 0.0115456 -0.00436943 0.0381542 -0.0275148 0.0188604 0.0612207
internal_weight=9904.58 6841.36 3063.21 5130.94 1410.09 2603.44 1653.12 2527.49 1257.84 715.044 575.533 363.682 945.169 773.763 1952.38 728.707 1223.68 890.471 333.207 733.137 651.059 1269.65 120.475 1710.43 522.708 257.2 1187.72 228.068 1149.17 455.471 263.944 265.508 278.421 542.8 603.278 476.578 464.922 229.634 958.085 906.449 161.753 660.938 372.638 365.916 319.949 174.447 113.72 170.485 367.221 280.038 439.835 237.272 145.623 187.841 1289.44 135.365 131.27 226.294 174.885 171.407 183.098 490.481
internal_count=43803 29866 13937 22257 6107 11436 7830 10821 5418 3108 2519 1575 3986 3230 8542 3093 5449 3915 1534 3243 2894 5403 518 7609 2254 1079 5355 943 4885 1948 1138 1175 1298 2310 2509 1990 2121 984 4371 4153 706 2785 1596 1675 1345 740 470 721 1568 1202 1950 988 638 799 6255 608 587 959 714 756 778 2080
is_linear=0
shrinkage=0.05


Tree=11
num_leaves=63
num_cat=0
split_feature=4 12 11 22 10 29 10 18 29 16 29 17 39 29 1 12 41 7 11 11 40 19 0 12 22 32 10 4 40 29 26 29 11 12 40 18 1 18 4 12 1 11 1 29 12 10 11 1 1 35 1 4 32 1 20 7 22 40 1 1 29 7
split_gain=1152.79 816.717 1222.55 1173.31 985.576 610.819 438.594 332.891 331.337 315.511 277.205 212.701 194.407 146.394 129.707 125.917 130.687 120.948 389.083 148.934 116.908 114.418 110.187 98.3046 126.448 122.416 97.1647 95.9749 95.0486 94.9492 93.8026 90.3255 78.2476 77.3872 79.7154 77.1687 75.3063 64.9658 57.1332 55.9519 60.3485 53.4859 79.003 49.2561 49.0335 46.7561 45.7783 175.97 78.5934 45.0653 43.7393 41.5616 41.2806 40.7298 36.0127 33.8578 54.437 50.6847 31.8753 31.5667 30.6924 30.2257
threshold=356.62500000000006 24.500000000000004 1.5000000000000002 1.0000000180025095e-35 0.48046238802931601 0.2849941270260255 0.62537472111166037 -0.0091042627995783203 0.19311827399781278 -0.23623568255483376 0.23500150782096366 -0.035269855277330932 0.10287131070665111 0.52166327337360341 21.500000000000004 32.500000000000007 0.082354788539150139 0.3882662581896989 2.5000000000000004 1.5000000000000002 0.07438953748416717 0.0024810343837941011 0.0058174121017382802 13.500000000000002 1.0000000180025095e-35 0.096883534411511776 0.2526175846701853 583.00000000000011 0.040457116774297218 0.15654981248095956 -0.010898982924408733 0.21046336914226302 1.5000000000000002 27.500000000000004 0.020343486980896473 0.0027795347149961462 73.500000000000014 -0.0098965020976357048 40.57500000000001 14.500000000000002 37.500000000000007 2.5000000000000004 25.500000000000004 0.49341712206090466 13.500000000000002 0.33408248100997312 2.5000000000000004 36.500000000000007 42.500000000000007 0.10695257867302034 1.5000000000000002 408.72500000000008 -0.17159763198880337 9.5000000000000018 46.302354837708457 0.50869346436609597 1.0000000180025095e-35 0.035298674652387965 9.5000000000000018 24.500000000000004 0.095936122428622095 0.62326407323199284
decision_type=2 2 2 2 10 2 10 8 2 8 2 8 10 2 2 2 10 10 2 2 10 8 2 2 2 10 10 2 10 2 2 2 2 2 10 8 2 10 2 2 2 2 2 2 2 10 2 2 2 10 2 2 10 2 8 8 2 10 2 2 2 10
left_child=1 2 4 6 5 11 9 59 27 53 46 39 22 49 -8 16 17 33 19 -19 29 -12 -7 24 -24 -26 61 30 32 55 -2 -20 -28 38 54 41 37 -11 -3 40 -1 42 -36 -39 -31 51 47 -9 -48 -6 -25 -32 -40 -4 -35 56 57 -13 -46 -5 -53 -10
right_child=8 15 3 7 13 12 14 10 26 36 21 20 -14 -15 -16 -17 -18 18 31 -21 -22 -23 23 50 25 -27 28 -29 -30 44 45 -33 -34 34 35 -37 -38 43 52 -41 -42 -43 -44 -45 58 -47 48 -49 -50 -51 -52 60 -54 -55 -56 -57 -58 -59 -60 -61 -62 -63
leaf_value=0.017856227047280081 0.071639234084837231 0.0049387833065738674 -0.058446610744587194 0.0861484964322424 0.068910325406705164 0.035568250950446884 -0.055682885572455133 -0.074735816667875654 -0.059078478577633854 0.022013317965286005 -0.058618630462746672 0.031505137841975409 0.04232966910185304 -0.0085545299547463999 0.029877999782943074 0.035864451456599243 0.03313685666828195 -0.0095211942084239918 0.0016143139487250404 0.094580506719660687 0.061440115948553975 0.012052290247432804 -0.057324693755933492 -0.01301663673805771 0.05117210698473082 -0.048776223444118791 -0.035612751105549442 -0.037455453049910367 -0.055316884778780932 0.014400514072684282 0.019056527198220513 -0.067812357162770356 0.031891616172597385 -0.012528108634632083 -0.041303569535443285 0.050927703881403844 0.0060956857155479612 0.074603353626985086 -0.024090281159257484 0.011463647333814955 0.077889846701824028 -0.054344066981340547 0.036300189818707078 0.054497351447400783 -0.0017834594188185821 0.041603266848017489 0.06667594763269119 0.05590469780764621 -0.0052365479011372354 0.029753825062724233 -0.057995993784283606 0.0060677338824162855 -0.057104135216889819 0.0071480413235334647 -0.060974311218108861 -0.015654132372571822 0.049000146226454322 -0.024628620538834273 -0.039933765999229966 0.033949950968150504 -0.035953770632410363 -0.015293313034817794
leaf_weight=60.137169346213341 52.911741226911545 48.14060178399086 47.994068488478661 70.741269469261169 420.11545208096504 40.064014703035355 101.13214054703712 51.457418441772461 951.98737193644047 71.476885393261909 395.27373886108398 74.20954455435276 65.24422512948513 85.753754824399948 78.815256223082542 86.302004024386406 87.918315514922142 53.376921504735947 67.181690126657486 96.420381814241409 61.453540697693825 66.978447154164314 121.6843798905611 57.231914579868317 81.34529110789299 49.143915995955467 82.1659886687994 148.5403740555048 144.80558736622334 64.145774006843567 94.542703986167908 154.79156550765038 89.895905911922455 55.269963666796684 59.8832698315382 53.110493466258049 49.059671178460121 1518.5299839377403 114.21464520692825 86.630695596337318 137.75062283873558 64.447637438774109 72.502870008349419 381.05105337500572 66.959042102098465 56.711055546998978 83.118738442659378 51.648745805025101 69.984790042042732 89.057737022638321 971.76055552065372 66.389036476612091 553.83326363563538 46.685865089297295 125.37684655189514 100.34787687659264 93.499589264392853 87.78017845749855 300.32180672883987 49.04348486661911 125.78215089440346 41.117458805441856
leaf_count=252 216 213 219 289 1809 173 479 221 4759 301 1857 309 273 353 326 346 362 226 288 390 252 286 573 254 336 214 375 673 683 273 403 728 377 244 270 225 202 6553 518 360 570 291 304 1604 295 242 344 211 286 377 4704 282 2627 203 593 428 390 377 1334 204 564 185
internal_value=-0.000454771 0.00783553 0.0161824 0.0382356 -0.00600064 -0.0196675 0.0567289 -0.0123909 -0.0359446 0.0631052 -0.0252566 0.00756247 -0.0419239 0.0518829 -0.018208 -0.022971 -0.0261318 -0.0295632 -0.00477997 0.0574862 -0.00497956 -0.0483787 -0.0460844 -0.0486378 -0.0206602 0.0135303 -0.0495737 -0.00317793 -0.0254662 -0.0101643 0.00966871 -0.0467999 -0.000344243 -0.0375976 -0.0208464 -0.00255687 0.0672863 0.0688093 -0.0476688 0.0449753 0.0596459 -0.0169883 0.00119707 0.0705701 -0.0259341 0.000120868 0.0164601 -0.00929435 0.0338042 0.0620616 -0.0554943 -0.00808421 -0.0514598 -0.0261024 -0.0461519 0.00895553 0.0186214 0.00108697 -0.0329786 0.0647768 -0.0214367 -0.0572656
internal_weight=9795.25 7940.4 6247.63 3132.99 3114.64 2519.71 2294.74 838.247 1854.85 2114.8 718.462 1133.24 1386.47 594.927 179.947 1692.77 1606.47 1518.55 371.771 149.797 848.717 462.252 1321.23 1281.17 252.174 130.489 1309.97 544.877 316.867 787.264 396.337 221.973 172.062 1146.78 430.591 249.944 2020.12 1971.06 716.189 284.518 197.888 196.834 132.386 1899.58 431.427 343.425 256.21 103.106 153.104 509.173 1028.99 286.714 668.048 94.6799 180.647 355.837 255.489 161.99 367.281 119.785 192.171 993.105
internal_count=43875 35116 27491 13585 13906 11367 9887 3698 8759 9082 3205 4840 6527 2539 805 7625 7279 6917 1632 616 3658 2143 6254 6081 1123 550 6379 2380 1435 3406 1707 1016 752 5285 1927 1090 8660 8458 3358 1182 822 865 574 8157 1902 1491 1062 432 630 2186 4958 1249 3145 422 837 1504 1076 686 1629 493 846 4944
is_linear=0
shrinkage=0.05


Tree=12
num_leaves=63
num_cat=0
split_feature=4 10 29 11 1 34 29 22 0 21 0 21 21 11 20 17 10 11 11 11 11 0 29 40 11 1 4 11 10 10 21 21 37 29 29 39 0 1 1 29 20 29 10 17 18 0 18 11 1 22 22 37 9 21 20 10 29 40 19 21 0 1
split_gain=1016.31 666.918 599.213 633.699 422.122 432.764 382.79 309.803 438.388 338.532 208.299 185.167 166.647 159.554 160.597 156.858 143.661 131.727 248.626 127.589 328.987 210.011 124.824 117.962 117.908 117.466 113.016 94.6717 80.8091 79.4479 76.8871 72.2813 84.3741 69.0721 67.5732 65.8317 64.8346 61.3155 60.165 56.864 53.032 50.7442 49.9883 49.806 50.0649 47.8269 45.6458 45.5226 73.7062 96.8575 72.8017 63.3147 62.257 45.4862 43.2505 39.5421 38.6547 38.5804 38.5735 38.5463 35.8512 35.7565
threshold=323.72500000000008 0.41654975650548481 0.23500150782096366 1.5000000000000002 21.500000000000004 0.36062131965202765 0.20131815378899312 1.0000000180025095e-35 0.021644168665600004 0.0010041741476673096 0.026192781652016248 0.00044006716317366494 0.0010041741476673096 2.5000000000000004 51.306991841337343 -0.17761711129704019 0.2526175846701853 2.5000000000000004 3.5000000000000004 2.5000000000000004 1.0000000180025095e-35 0.058953026307910848 0.40858644477748329 0.040457116774297218 1.0000000180025095e-35 26.500000000000004 648.10000000000014 1.5000000000000002 0.076688631809182464 0.35933899885083043 0.00036269713125871179 0.00044006716317366494 -20.093807315887851 0.52166327337360341 0.35230816099390311 1.0000000180025095e-35 0.010793726608825343 19.500000000000004 56.500000000000007 0.11562655076329355 51.410843649225761 0.44304260361860009 0.60067260293796176 -0.037932547351735284 0.00076243254926022807 0.0049144085883491406 -0.0091042627995783203 1.5000000000000002 37.500000000000007 1.0000000180025095e-35 1.0000000180025095e-35 8.4088402955285009 0.098116947472745311 0.0010211601010804996 50.664094420692912 0.058357177751413268 0.10935726490855696 0.023999855948304793 -0.0037932480663960817 0.00094577323757834752 0.050980075212362551 39.500000000000007
decision_type=2 10 2 2 2 10 2 2 2 10 2 10 10 2 10 8 10 2 2 2 2 2 2 10 2 2 2 2 8 8 8 8 8 2 2 10 2 2 2 2 10 2 10 10 10 2 8 2 2 2 2 8 8 8 10 10 2 8 10 8 2 2
left_child=1 2 10 15 5 41 26 8 11 58 24 13 17 28 -15 -4 46 -10 29 20 21 33 30 27 37 -11 45 34 -5 -19 -17 36 57 -6 -18 -24 54 -1 -20 -12 -14 -3 -21 44 -32 -2 -8 48 49 52 59 60 -41 55 -26 -52 -47 -33 -9 -49 -50 -29
right_child=6 4 3 7 19 -7 16 9 12 25 39 -13 40 14 -16 22 23 18 38 42 -22 -23 35 -25 31 -27 -28 61 -30 -31 43 32 -34 -35 -36 -37 -38 -39 -40 47 -42 -43 -44 -45 -46 56 -48 50 51 -51 53 -53 -54 -55 -56 -57 -58 -59 -60 -61 -62 -63
leaf_value=0.0071317833989569743 -0.02869670729289471 0.065573979336503316 0.058016348628199016 0.083421479371969129 0.070484020376619688 -0.05441442722586233 -0.010894960452604557 -0.019695256866985009 0.06316946085380977 0.056677132856712137 0.049787825276718448 -0.037253454154161564 0.01310080679374679 0.023873989156432532 -0.056781131963277977 -0.060025245655224727 0.020776652508411285 -0.070963187502183528 0.060893228637335185 0.074629131942908655 -0.079584495100814126 -0.050304571550885947 0.0051072697576878207 -0.04850523145033888 0.030195008370680017 -0.035397957275292866 -0.045994776231967009 0.011189679877842603 0.001292544385912918 0.011554529157259595 0.030777493391225763 -0.0084885113399837033 -0.021805850215374248 0.0086136639469964731 -0.059265556828792143 -0.05350369675731162 0.051951137902150495 -0.059574011905918448 0.0029619423483195767 0.0051511882391756291 -0.06112842530685754 0.011627506749474272 0.035121260038440127 -0.024005377975590995 -0.021649339255982676 0.033326968934366513 -0.056417734356501187 0.064555514626760555 0.024206785993036925 0.03815865199268538 0.022857629774150876 -0.014474386365169409 -0.06772140854842354 0.051061055017241855 -0.035720872920460243 -0.040125505792170529 0.0043692798548296006 0.04215276025544186 -0.067425214015424437 0.015324311359790805 0.073278099784368625 0.070418435026616211
leaf_weight=52.574837744235992 68.37685838341713 134.0187007188797 45.28756095468998 90.126740783452988 326.43152202665806 214.35689969360828 58.17508590221405 50.597059175372124 482.16303730010986 115.45767493546009 451.76857949793339 368.72238862514496 48.434409379959106 141.59345278143883 109.40710036456585 114.97951079905033 45.360121130943298 68.978464707732201 232.35956521332264 539.78322596848011 55.75269316136837 46.83000585436821 51.049153581261635 178.11614499986172 56.071033254265785 49.48558221757412 105.92607086896896 50.001877471804619 44.857845574617386 50.542907610535622 98.244317322969437 56.586327701807022 220.50946813821793 52.344069674611092 62.976116850972176 778.84950904548168 163.00004625320435 99.925193130970001 55.529213607311249 53.55193167924881 47.816718220710754 64.604876935482025 94.008861646056175 499.58652202785015 84.879765003919601 192.6263302564621 1030.3578393757343 210.39095489680767 64.901215150952339 74.139145508408546 50.882083371281624 46.212047830224037 64.74228173494339 48.459450900554657 44.744450986385345 48.840320855379105 286.86762461066246 112.14627839624882 259.06922683119774 49.02411624789238 87.271445631980896 51.962902516126633
leaf_count=227 313 585 190 389 1437 1009 276 224 2085 474 1913 1741 213 620 528 552 199 331 1020 2370 234 209 226 849 236 227 493 212 208 222 428 253 985 216 292 3779 701 448 245 225 218 268 391 2326 378 809 5265 923 272 313 212 202 294 203 204 204 1249 482 1249 216 363 215
internal_value=-0.000109142 0.00857724 0.00100298 -0.0105409 0.0380378 -0.00514498 -0.0305697 0.00700112 0.0167654 -0.0288073 0.0228358 -0.011914 0.0387211 0.0122923 -0.0112823 -0.0337691 -0.0446698 0.0454832 0.0245518 0.05403 0.0346234 0.0495842 -0.036323 -0.0185646 0.00300828 0.0290532 0.001283 0.00679392 0.0561285 -0.0360683 -0.0221995 0.0122521 -0.00144243 0.061934 -0.0257521 -0.0498984 0.0324575 -0.036577 0.0497192 0.0356117 -0.0237756 0.0480272 0.068769 -0.015829 0.00647715 0.0104237 -0.0539848 0.0275904 0.0153977 -0.00664922 0.0392811 0.0367833 -0.0347319 0.0113218 0.00093988 -0.00798917 0.0160024 0.0251697 -0.0596265 0.0552518 0.0523493 0.0413736
internal_weight=9602.64 7471.89 5943.76 3888.02 1528.13 412.98 2130.75 2215.14 1740.53 474.61 2055.74 754.708 985.824 385.985 251.001 1672.88 1476.95 889.573 407.41 1115.15 481.358 425.606 1627.59 388.417 805.558 164.943 653.797 210.301 134.985 119.521 797.69 653.058 389.242 378.776 108.336 829.899 263.816 152.5 287.889 1250.18 96.2511 198.624 633.792 682.711 183.124 547.871 1088.53 798.415 390.818 192.433 407.597 198.385 118.294 148.182 100.815 99.7224 479.494 168.733 309.666 259.415 152.173 101.965
internal_count=43640 33468 26749 17873 6719 1862 10172 9994 7820 2174 8876 3486 4334 1745 1148 7879 7308 3903 1818 4857 2096 1862 7689 1767 3536 701 2864 918 597 553 3684 2861 1720 1653 491 4005 1141 675 1265 5340 431 853 2761 3132 806 2371 5541 3427 1669 832 1758 837 519 619 440 416 2058 735 1473 1139 635 427
is_linear=0
shrinkage=0.05


Tree=13
num_leaves=63
num_cat=0
split_feature=22 12 11 10 12 21 25 21 25 10 21 21 12 25 10 16 14 20 25 12 10 12 14 7 11 37 16 25 17 21 21 11 12 7 11 37 25 25 21 34 6 25 7 2 0 11 4 25 17 25 4 25 10 12 19 25 4 14 11 6 16 4
split_gain=949.12 866.036 1495.12 1048.67 515.319 454.916 468.213 429.341 327.406 326.016 189.472 185.107 182.218 179.503 162.223 140.728 137.302 135.163 150.356 216.546 133.605 118.33 178.148 149.861 273.441 106.929 99.4722 94.452 90.7842 148.549 90.0843 78.4072 100.658 77.8299 74.1224 72.9539 64.9682 59.4602 59.1398 58.2439 65.2225 56.498 55.8942 54.3043 51.3794 49.9898 50.2256 47.8588 45.7556 42.1398 38.9511 35.3212 33.5429 32.6161 31.5339 26.4161 23.8722 27.1551 23.8024 23.0099 22.695 21.6225
threshold=1.0000000180025095e-35 24.500000000000004 1.5000000000000002 0.46241767641417902 12.500000000000002 0.00098503399877528076 777.50000000000011 0.001315179386981932 727.50000000000011 0.65516405686089585 0.00057956127463487347 0.00074473938501563679 21.500000000000004 787.50000000000011 0.2136329966329967 -0.046483463840081563 -0.017531597172663695 44.694254144541155 812.50000000000011 25.500000000000004 0.467357392444817 31.500000000000004 -0.047284236522170432 0.40868381294517658 2.5000000000000004 -27.887306374313159 -0.0021407533175189105 632.50000000000011 -0.012012113991461737 0.0016723951175247962 0.00045643157867146912 1.5000000000000002 27.500000000000004 0.19480869582969318 3.5000000000000004 47.150996291304317 582.50000000000011 632.50000000000011 0.00066541922641054926 -0.36548236680072188 0.31456743329846049 892.50000000000011 0.24756528871871067 0.93356881054023499 0.016772614638445007 2.5000000000000004 403.02500000000003 712.50000000000011 0.081482694116102844 847.50000000000011 123.87500000000001 842.50000000000011 0.37783878869302073 19.500000000000004 -0.0042784629128811416 762.50000000000011 39.425000000000004 -0.1349741197233619 1.5000000000000002 0.2029221131312163 0.001350834606197676 158.02500000000003
decision_type=2 2 2 8 2 8 2 8 2 10 10 10 2 2 10 8 2 8 2 2 10 2 2 10 2 10 8 2 8 10 10 2 2 8 2 10 2 2 10 10 10 2 8 10 2 2 2 2 10 2 2 2 10 2 10 2 2 2 2 10 10 2
left_child=1 2 3 7 8 9 52 10 26 35 12 14 25 28 45 -8 -15 18 19 -3 -17 23 -23 56 44 -1 37 -9 29 47 -20 32 -21 43 -18 36 38 -2 -4 -12 54 -27 -10 53 -25 -6 -47 58 -22 -14 -24 -11 -7 -5 -41 -44 -19 -58 -13 -30 -29 -55
right_child=4 17 5 33 11 6 15 27 42 51 39 13 49 16 -16 20 34 21 30 31 48 22 50 24 -26 41 -28 60 59 -31 -32 -33 -34 -35 -36 -37 -38 -39 -40 40 -42 -43 55 -45 -46 46 -48 -49 -50 -51 -52 -53 -54 61 -56 -57 57 -59 -60 -61 -62 -63
leaf_value=0.065573728302381382 -0.039958467433118469 0.090141258390672704 -0.0061493732404858063 0.070680126193305645 -0.058370391295130997 0.028449144789867042 -0.065121938255243289 0.052454824140911051 0.0049975788856854112 0.0051512135037740277 -0.00018843416447223752 0.0082927905779787026 -0.06718198949423157 0.060199972317189224 0.029494417556685568 0.07396695614072693 0.011052347370117673 -0.013546450514006297 0.011741192345604149 -0.0352342031712942 -0.053366221726368436 0.072006967123667026 -0.0054199867679359899 0.011019032824312816 -0.046727908542232022 -0.018457836018046524 -0.055058540937585901 0.024839296753783349 -0.052812905162132266 -0.073264759022179535 -0.052427716107931371 -0.041651045839841763 0.05841831819124043 0.00087282397702219427 -0.07028003633384354 0.0072936834270861187 0.068349939211543961 0.030391719201939862 0.0637599242818567 -0.018809156849680913 -0.025883662088195283 0.039025124777103355 0.024380535980916981 0.011619386181016989 0.07729573106303915 -0.016073176327339303 -0.052222327172439666 0.050028338898088311 0.008334675256576626 -0.014371381349263813 -0.064097002516076182 -0.054515508907653845 0.076722407621535663 0.061944914936931078 -0.063414760851206911 0.062477582522141417 -0.024802437546306701 -0.056356734904718389 -0.024608487508635389 -0.017545836915983919 -0.018674411189353431 0.03145646578649712
leaf_weight=67.543352872133255 46.550137251615524 88.013556212186813 57.764225199818611 273.55039419233799 836.40803350508213 46.429731830954552 154.04851020872593 166.10776397585869 66.960662454366684 44.263910859823227 52.171558350324631 137.38979497551918 135.38847552239895 110.189357817173 65.159906774759293 45.721957385540009 83.359221428632736 42.024157404899597 86.036731049418449 47.103072568774223 68.372316181659698 66.752826139330864 65.885989829897881 49.191802099347115 179.83168277144432 189.5013453066349 140.9718602001667 45.25204399228096 323.4411962479353 78.524326637387276 150.13692645728588 81.648452654480934 73.400289475917816 80.674881383776665 42.191916942596436 54.878379255533218 1688.2163385152817 84.662073478102684 63.515407308936119 42.022759824991226 162.7056270390749 55.196696639060974 55.753513619303703 68.813347220420837 72.104548722505569 168.07386942207813 224.34771391749382 48.02088537812233 53.603941798210144 52.391034856438637 49.555633559823036 56.416606843471527 159.97360871732235 106.3444095402956 693.6068276911974 247.45066042244434 77.771117866039276 553.0249909311533 91.635929986834526 53.967543259263039 88.702897384762764 128.32914413511753
leaf_count=287 212 369 241 1228 4188 195 724 712 288 189 235 636 666 465 298 194 384 189 369 218 320 277 289 207 842 873 664 188 1599 376 711 358 300 327 213 226 7487 371 272 196 740 244 233 294 295 803 1167 212 228 248 232 287 713 463 3397 1031 358 2714 428 254 406 552
internal_value=1.39181e-05 0.0105179 0.0211422 -0.00695522 -0.0237921 0.0482829 0.00708591 -0.0271789 0.0157318 0.0593554 -0.0384411 -0.0350123 -0.0135259 -0.0184838 -0.047386 -0.0306204 0.0194683 -0.0204337 0.00057003 0.0246797 0.00107284 -0.0299958 0.00698814 -0.0369143 -0.00759723 0.00988127 -0.025897 0.0272633 -0.03069 -0.012561 -0.0290513 -0.00382119 0.0218109 0.0468728 -0.0162797 0.0640881 0.0658106 0.00543359 0.0304629 -0.0515478 -0.0545306 -0.00549137 0.0463417 0.053304 0.0504172 -0.0514627 -0.0367397 0.00464445 -0.026251 -0.0524477 -0.0306083 -0.0282832 0.0658635 0.0589481 -0.0608667 0.0554723 -0.0500355 -0.0524664 -0.0048714 -0.0477699 -0.00397481 0.0452726
internal_weight=9489.05 6583.99 4901.51 2408.3 2905.06 2493.2 528.15 1750.59 642.349 1965.05 1450.53 2262.71 500.021 968.72 1293.99 321.747 235.74 1682.48 526.339 290.165 167.698 1156.14 182.194 973.948 301.128 312.241 272.184 300.063 732.98 355.571 236.174 202.152 120.503 657.712 125.551 1864.37 1809.5 131.212 121.28 950.507 898.335 244.698 370.165 577.037 121.296 1228.83 392.422 277.047 121.976 187.78 115.442 100.681 206.403 508.224 735.63 303.204 672.82 630.796 229.026 377.409 133.955 234.674
internal_count=43682 29860 22132 11056 13822 11076 2374 8192 2799 8702 6886 11023 2318 4567 6456 1466 1062 7728 2325 1245 742 5403 798 4605 1344 1404 1247 1306 3505 1652 1080 876 518 2864 597 8226 8000 583 513 4568 4333 1117 1552 2537 502 6158 1970 1276 548 914 521 476 908 2243 3593 1264 3261 3072 1064 1853 594 1015
is_linear=0
shrinkage=0.05


Tree=14
num_leaves=63
num_cat=0
split_feature=29 22 4 12 12 4 4 12 1 7 10 10 12 10 12 12 12 12 12 7 20 6 29 10 12 10 34 18 12 6 1 34 12 6 26 29 1 37 26 22 10 10 7 37 26 7 12 17 1 12 12 10 12 4 26 1 20 7 7 10 12 12
split_gain=932.427 726.447 471.471 367.489 358.956 230.327 218.958 181.709 145.831 127.868 121.171 198.978 141.107 222.341 210.342 160.183 153.802 124.231 163.065 113.942 112.867 111.922 110.732 106.55 131.156 95.9446 93.7513 93.3045 89.0617 77.1903 71.3628 94.5919 68.9961 68.0872 67.4631 67.1684 63.1732 55.8816 53.9364 85.1035 155.074 80.4336 77.8607 52.505 52.2813 50.2921 48.7873 78.0127 48.1342 47.3759 47.0482 88.7786 45.6936 45.1007 94.0475 44.0842 44.4541 43.3017 41.4896 39.5694 39.179 54.6422
threshold=0.32098814571882167 1.0000000180025095e-35 431.05000000000007 21.500000000000004 24.500000000000004 222.37500000000003 151.47500000000002 12.500000000000002 34.500000000000007 0.17765135261708662 0.65516405686089585 0.41269425092183359 20.500000000000004 0.098225142009680036 23.000000000000004 14.500000000000002 19.500000000000004 13.500000000000002 12.500000000000002 0.31599256505576218 44.694254144541155 0.20663149950808754 0.12428591414675717 0.39823391812865505 19.500000000000004 0.083840960503244064 0.61599182260012686 -0.007513740633879328 18.500000000000004 0.18850207484117371 20.500000000000004 0.41712034207032828 19.500000000000004 0.15086744346031475 0.0024222428947911468 0.13906642899770574 24.500000000000004 -18.027464971594771 -0.0020181657116088141 1.0000000180025095e-35 0.15607525375806255 0.23348931455727573 0.21777815961833913 -5.1026485680908502 0.004642447197991127 0.9465972815296575 14.500000000000002 0.00050219493642791435 51.500000000000007 32.500000000000007 21.500000000000004 0.13484949038493257 13.500000000000002 623.07500000000016 -0.013119187227608716 38.500000000000007 40.648855488347344 0.60113319902768259 0.12572676875232394 0.25489729260850963 31.500000000000004 26.500000000000004
decision_type=2 2 2 2 2 2 2 2 2 8 10 8 2 10 2 2 2 2 2 8 8 10 2 10 2 8 10 8 2 10 2 10 2 10 2 2 2 10 2 2 10 10 10 10 2 10 2 10 2 2 2 10 2 2 2 2 10 10 8 10 2 2
left_child=2 4 3 6 5 10 30 8 19 27 11 12 13 -2 50 17 -17 18 -15 -3 36 60 55 24 38 -11 49 48 35 -13 31 33 -29 -1 -25 -4 -5 -35 -24 40 -40 -41 -42 -39 -23 -9 47 -32 -7 57 51 -14 -49 54 -37 -8 -57 -6 -56 -38 61 -22
right_child=1 7 28 20 26 9 22 45 -10 25 -12 29 14 15 -16 16 -18 -19 -20 -21 21 44 23 34 -26 -27 -28 32 -30 -31 46 -33 -34 37 -36 53 59 43 39 41 42 -43 -44 -45 -46 -47 -48 52 -50 -51 -52 -53 -54 -55 58 56 -58 -59 -60 -61 -62 -63
leaf_value=0.060542660306130369 0.050404712309420167 -0.044189138241855261 0.019379199340479686 -0.0032772679084401828 -0.042640981673770846 -0.072313050685919741 0.023214277388353605 -0.058973893545750423 -0.047835400307818937 0.0210483975662909 -0.050654037277937027 0.049302477311017466 0.031672841626053071 -0.047065056786072819 0.05549843830503192 0.052820654262178017 -0.034690730540570945 -0.062081629588048429 0.062340502155796555 0.047809298332269767 -0.017293242496740285 -0.0024302745662599969 0.040389971602018723 -0.00088545745886922449 -0.04281020695843539 -0.056507398789953693 0.030380205006677527 0.034125664578574431 -0.048172978827728238 -9.9049035266343793e-05 0.05579217526488648 -0.037607638422410952 -0.030806971603403944 0.047706072163468519 0.057977334686933141 0.046262110966318472 0.022181506915076844 -0.025873190802080882 0.071413913849865882 -0.025180391881024534 0.039513270043821686 0.046634328642950473 -0.034500823909830995 0.038356127972420162 0.049057246068707407 -0.0071650583596724916 0.059811000909360659 0.030758326808613928 -0.0075087858879361973 0.01407274970456681 -0.067235716844915555 -0.05338265091703942 -0.023976017359088424 -0.057561244121212302 0.0062848040910320584 0.026332502522563951 0.073685009759032957 0.0089241951613140327 -0.053524722084080927 0.06953853413567522 0.0089813810332439147 -0.051895662166002811
leaf_weight=161.81803265213966 308.46479508280754 48.093906834721565 131.57032211124897 137.41025467216969 673.05711206793785 50.270338729023933 224.32014407217503 1000.8002172708511 155.01123552024364 47.699966251850128 66.472314447164536 502.86825127899647 47.155571669340134 71.762397736310959 68.064457580447197 168.18489266932011 71.57507811486721 140.71713460981846 64.822771295905113 112.11186791956425 338.55438329279423 117.3567309230566 116.84252296388149 71.550033465027809 145.56824810802937 243.18026411533356 56.392302557826042 179.99283067882061 244.91606129705906 93.825138807296753 245.80936874449253 49.614544123411179 52.944718956947327 95.139126822352409 152.26909117400646 51.160406604409218 107.46098101139069 86.316671282052994 104.14094454050064 264.04168039560318 55.799155354499817 45.744626700878143 97.83209989964962 50.39459989964962 85.024600356817245 49.141633346676826 654.45824661850929 108.55089211463928 66.637346923351288 43.752376452088356 114.5298286229372 87.804005011916161 58.777736529707909 73.776408404111862 43.379719480872154 81.400513648986816 126.72612246870995 43.334189847111702 87.449082583189011 74.8211629986763 78.528049618005753 172.08365331590176
leaf_count=721 1401 210 569 611 3293 244 970 5372 752 201 321 2230 208 354 302 749 359 721 287 460 1588 513 508 323 697 1255 247 771 1243 418 1083 238 225 417 696 220 472 377 451 1203 253 195 455 223 370 222 2969 474 311 176 608 451 263 367 197 355 535 186 424 317 348 830
internal_value=3.53919e-05 -0.0159276 0.0156214 0.0218072 -0.00311627 0.00646276 0.0309128 -0.0465539 -0.0132615 -0.0192933 0.0155992 0.0181305 0.00591356 0.0168091 -0.0224109 -0.00323312 0.0266961 -0.0291103 0.00485838 0.0201913 -0.00275159 -0.0128785 0.0172868 0.00854393 0.000287586 -0.0437894 -0.0318224 0.00107402 -0.0245733 0.0415345 0.0443166 0.0274528 0.019367 0.0356525 0.0391602 -0.00965106 0.0223223 0.0182806 0.00945424 0.00308555 0.0243107 -0.0145759 -0.00761877 -0.00219694 0.0192007 -0.056549 0.0513187 0.0378659 -0.0353746 -0.036437 -0.0436658 -0.0236638 0.0115317 -0.0245847 -0.0112164 0.0385914 0.0551649 -0.0395218 -0.0336933 0.0416201 -0.0238979 -0.0289542
internal_weight=9369.27 4628.67 4740.61 4108.35 3263.51 2446.97 2997.11 1365.16 315.217 640.725 1806.25 1739.77 1143.08 825.527 317.554 517.062 239.76 277.302 136.585 160.206 1111.24 791.547 1486.24 1053.79 829.969 290.88 816.536 349.845 632.252 596.693 1510.88 443.283 232.938 393.668 223.819 387.336 319.692 231.85 684.401 567.559 257.772 309.786 153.631 136.711 202.381 1049.94 1067.6 413.138 116.908 760.144 249.489 134.96 167.329 255.766 181.989 432.447 208.127 716.391 130.829 182.282 589.166 510.638
internal_count=43809 22334 21475 18455 15318 11416 13406 7016 1422 3007 8409 8088 5440 3871 1569 2470 1108 1362 641 670 5049 3649 6641 4781 3762 1456 3902 1551 3020 2648 6765 1976 996 1738 1019 1777 1400 1017 3065 2557 1159 1398 708 600 883 5594 4789 1820 555 3655 1267 659 737 1208 841 1860 890 3479 621 789 2766 2418
is_linear=0
shrinkage=0.05


Tree=15
num_leaves=63
num_cat=0
split_feature=29 22 11 12 10 10 12 21 4 12 1 21 1 11 22 10 6 12 1 7 1 34 1 29 32 4 4 7 7 12 41 7 4 26 4 21 41 14 7 29 11 14 12 14 34 7 21 21 29 29 7 10 12 7 12 36 11 21 22 14 1 21
split_gain=836.551 775.222 712.631 1020.91 624.122 354.642 291.548 280.474 252.078 241.024 209.354 195.011 235.46 136.337 175.858 173.426 164.19 129.525 113.321 107.462 106.916 209.839 97.7208 96.5929 94.7283 92.7245 92.6929 88.739 85.1297 82.1128 71.7567 71.4939 70.1288 133.305 68.0041 67.5639 59.9694 55.4481 73.3238 54.8447 54.6854 83.4781 77.5536 54.3573 53.4129 63.333 83.8163 52.6817 58.8482 52.1754 61.0033 60.288 51.848 196.941 58.9164 66.6221 51.1397 119.625 78.529 50.6363 48.1355 45.473
threshold=0.23500150782096366 1.0000000180025095e-35 1.5000000000000002 24.500000000000004 0.48046238802931601 0.5674835806952826 12.500000000000002 0.001117208216489238 431.05000000000007 24.500000000000004 33.500000000000007 0.001131353557237292 51.500000000000007 1.5000000000000002 1.0000000180025095e-35 0.467357392444817 0.24093514726173876 21.500000000000004 70.500000000000014 0.086512265757586457 19.500000000000004 0.373054070971159 62.500000000000007 0.49985472273587955 0.45799137518643168 25.525000000000002 470.02500000000003 0.32484774740274991 0.9465972815296575 14.500000000000002 0.053921338571963968 0.17260254150428714 648.10000000000014 -0.015339391530808695 164.77500000000003 0.00063085556001019462 0.032641966555090572 -0.11706762545361146 0.84857036771228922 0.095936122428622095 3.5000000000000004 -0.12288149221266641 31.500000000000004 0.063113018284394848 0.32145192631067604 0.4317282219654483 0.00095066746622329715 0.00032577087150599109 0.36586285889942433 0.3436508672603088 0.19480869582969318 0.1818181818181818 25.500000000000004 0.32813513294422841 31.500000000000004 1.0000000180025095e-35 1.0000000180025095e-35 0.00053526076131943021 1.0000000180025095e-35 -0.034687587514157923 37.500000000000007 0.0007773214026626751
decision_type=2 2 2 2 8 10 2 8 2 2 2 10 2 2 2 10 10 2 2 8 2 8 2 2 10 2 2 8 10 2 10 8 2 2 2 10 10 2 8 2 2 2 2 2 10 8 10 10 2 2 10 10 2 10 2 10 2 8 2 2 2 8
left_child=8 2 4 5 7 11 10 35 9 13 27 18 -13 15 20 16 44 23 26 -5 21 -15 -9 -6 -7 -21 -4 -3 49 60 -12 -16 33 -10 -25 47 52 38 -33 -35 41 -11 -42 59 45 56 -47 -2 -49 50 -8 61 -27 54 -54 -56 58 -58 -1 -43 -18 -52
right_child=1 6 3 19 17 24 28 22 32 40 30 12 -14 14 31 -17 29 -19 -20 25 -22 -23 -24 34 -26 36 -28 -29 -30 -31 -32 37 -34 39 -36 -37 -38 -39 -40 -41 42 43 -44 -45 -46 46 -48 48 -50 -51 51 -53 53 -55 55 -57 57 -59 -60 -61 -62 -63
leaf_value=-0.0041946299646902401 -0.064062659003719546 -0.015525301540391535 0.061147017464805657 0.033343548479264316 0.051936352631526544 0.031343532707966103 -0.058024524940857927 -0.021684380873719676 0.07530994571934381 0.049100789807044104 -0.060661820351816088 -0.068737410031894139 0.072891010196826145 0.063540770991989501 -0.041640630535995038 0.06446800081480851 0.023268582026246751 -0.042723817474376695 0.00078424411484653367 0.033786984289595513 0.071426955439457623 -0.046638482102033724 0.043738566719060276 0.031506892719968975 -0.053609265616289307 -0.050939179485758018 -0.011609317786288873 0.053824291621302311 0.0044900766092981076 0.005808137120889424 0.00032107821862908628 -0.024956619581560025 -0.04795385981402938 0.020071863373365771 -0.044941424030049339 -0.063704580881317335 -0.055397178708814859 0.051989559514182743 0.038438461419551179 -0.029014797831036651 -0.055792612241051531 0.012953280007972065 0.02044841357853645 0.029673318798245203 -0.044332700857382314 -0.032939024267130558 0.043221106535298641 -0.0010283295401999977 -0.043635542351882883 -0.059774129939485249 -0.058455724764475553 0.03264481984882954 -0.055950814765911128 0.070030873396525362 -0.053517301094345521 0.024072975618832107 0.047914629631556904 -0.034217501394562616 0.062667666365622987 -0.033106139374669712 0.076823442208745762 -0.0055828667092343853
leaf_weight=74.84943850338459 143.16216365993023 67.139628678560257 1196.089741230011 67.853312253952026 286.55818144977093 45.971624001860619 196.74602930247784 122.57448820769787 46.926651045680046 89.457002684473991 131.55374552309513 72.667948395013809 49.22626781463623 136.16072483360767 45.593798875808716 193.93516170978546 59.129882648587227 59.569262772798538 91.356141284108162 49.611118242144585 538.36972393095493 63.305884703993797 106.81867338716984 66.852957919239998 114.65406534075737 138.38275438547134 45.440002173185349 147.39766390621662 67.84623871743679 99.277918234467506 76.165948167443275 87.189466774463654 115.92182639241219 78.301884829998016 51.498053848743439 579.65732371807098 271.67606690526009 119.63154292106628 95.647537589073181 208.23893471062183 95.717332184314728 93.31802599132061 51.195786863565445 84.573003619909286 65.260677725076675 179.29729031026363 45.24065625667572 127.78974013030529 221.53188502788544 884.3267260491848 85.116779536008835 44.197635963559151 132.80790162086487 56.705195844173431 46.225526243448257 68.90576283633709 72.560924261808395 113.96624563634396 106.25410009920597 165.49563431739807 144.470280200243 77.868160724639893
leaf_count=332 752 290 5441 300 1284 212 1071 574 194 373 662 372 230 622 200 910 249 282 386 215 2502 304 454 281 555 716 199 611 305 420 337 372 578 337 214 3033 1366 504 404 987 446 423 221 364 293 814 190 583 1089 4898 442 202 685 242 207 305 301 513 446 769 616 369
internal_value=-1.85672e-05 -0.0111186 0.000565162 0.0180316 -0.0236422 0.0412088 -0.0388017 -0.0413989 0.0203256 0.0258681 -0.00252127 0.0489934 -0.0115416 0.0333046 0.0460218 0.0213403 0.0126306 0.0261147 0.0545294 -0.02696 0.0598417 0.0285725 0.00878031 0.036242 -0.0292955 -0.0323135 0.0584841 0.0321213 -0.0500986 0.0430906 -0.0383008 0.0167258 -0.0144534 -0.00280778 -0.00175805 -0.0521352 -0.0369019 0.0255239 0.00820725 -0.0156011 -0.00286607 0.00608031 -0.0292244 -0.00512712 -0.00140226 0.00332894 -0.017594 -0.0385179 -0.0280489 -0.0529735 -0.0380849 -0.0191496 -0.0255601 -0.0140318 -0.0332574 -0.00707973 0.0161081 -0.00226729 0.0350337 -0.0164989 0.06127 -0.033195
internal_weight=9261.23 5991.94 4213.59 2447.57 1766.01 1615.41 1778.36 1301.53 3269.29 2819.9 422.257 1454.78 121.894 2240.14 1085.9 1154.24 960.307 464.478 1332.89 832.168 737.836 199.467 229.393 404.909 160.626 764.314 1241.53 214.537 1356.1 302.878 207.72 348.062 449.389 333.467 118.351 1072.14 714.703 302.469 182.837 286.541 579.757 432.844 146.913 343.387 657.429 592.169 224.538 492.484 349.322 1288.26 403.929 207.183 443.027 304.644 247.939 115.131 367.631 186.527 181.104 258.814 203.6 162.985
internal_count=43848 29164 19977 11431 8546 7395 9187 6485 14684 12588 1900 6628 602 9992 4908 5084 4174 2061 6026 4036 3428 926 1028 1779 767 3736 5640 901 7287 1285 999 1480 2096 1518 495 5457 3521 1280 776 1324 2596 1929 667 1556 2889 2596 1004 2424 1672 6982 2084 1013 2155 1439 1197 512 1592 814 778 1192 865 811
is_linear=0
shrinkage=0.05


Tree=16
num_leaves=63
num_cat=0
split_feature=4 12 11 10 4 40 4 0 12 10 10 11 41 7 11 12 11 4 12 1 11 41 16 10 10 40 7 10 7 20 5 1 7 12 21 6 12 6 1 1 20 41 37 36 21 10 7 0 7 35 12 10 6 34 12 16 1 34 7 20 6 21
split_gain=793.524 556.482 817.874 613.164 220.971 216.813 142.367 126.877 143.511 119.466 119.333 104.337 141.01 169.617 154.658 137.084 119.235 127.664 113.057 197.499 110.972 102.292 126.565 142.995 100.501 113.616 90.2068 87.1262 95.4408 85.953 79.9375 79.6549 71.945 71.9313 76.7851 65.8122 65.3614 59.4829 58.989 58.6849 58.1075 53.0621 51.9988 50.8951 47.3575 46.7488 45.5033 44.0739 42.1343 40.9662 42.2616 55.8985 39.5728 36.4829 33.9819 33.6574 53.225 37.3561 55.0556 32.484 31.6052 31.269
threshold=323.72500000000008 24.500000000000004 1.5000000000000002 0.48046238802931601 96.075000000000003 0.07597438148929013 573.20000000000016 0.00429823255969805 13.500000000000002 0.68874731036007064 0.34114384603478376 3.5000000000000004 0.082354788539150139 0.38257523826141876 2.5000000000000004 27.500000000000004 1.0000000180025095e-35 130.87500000000003 31.500000000000004 19.500000000000004 1.5000000000000002 0.03982937750558619 -0.23623568255483376 0.60067260293796176 0.34940765319987027 0.044449071772937082 0.9465972815296575 0.2468784977614327 0.89583109948317652 33.674712140077801 0.13827593974652796 5.5000000000000009 0.51361079062588766 26.500000000000004 0.00048411424695017684 0.36372907725046044 19.500000000000004 0.49356632357405 33.500000000000007 21.500000000000004 53.432033433093856 0.024035271169730747 -5.3363627149013828 73.060729818905699 0.00045207265151346978 0.467357392444817 0.70403404415574011 0.10562370093227212 0.32484774740274991 0.10695257867302034 19.500000000000004 0.53920819784182716 0.21436699241921012 0.41712034207032828 20.500000000000004 -0.073419953010633351 26.500000000000004 -0.27212610538411569 0.22620082815734993 45.827052880821483 0.075880096440304259 0.00092877662542263162
decision_type=2 2 2 10 2 8 2 2 2 10 10 2 10 10 2 2 2 2 2 2 2 8 8 10 10 10 10 10 10 10 10 2 10 2 10 10 2 8 2 2 8 10 10 10 10 10 10 2 10 10 2 10 8 10 2 8 2 10 10 10 8 8
left_child=1 2 3 5 9 7 24 -1 10 26 40 12 13 15 20 33 -17 29 -13 -20 -15 27 -23 32 36 45 37 28 35 -18 53 -32 -24 34 -3 55 43 -4 -28 -25 -9 -19 -42 46 -33 -26 48 60 -2 50 -5 -52 -36 61 -46 -6 -57 -58 -59 -34 -7 -10
right_child=6 11 4 49 21 47 -8 8 30 -11 -12 18 -14 14 -16 16 17 41 19 -21 -22 22 23 39 25 -27 38 -29 -30 -31 31 44 59 -35 52 -37 -38 -39 -40 -41 42 -43 -44 -45 54 -47 -48 -49 -50 -51 51 -53 -54 -55 -56 56 57 58 -60 -61 -62 -63
leaf_value=0.063539489693033635 -0.016645706786369629 0.039920454971339794 0.061282710718514856 0.066376153674416294 -0.040265780624123747 0.049366562961213951 -0.052010188108437327 0.052549312411341642 -0.037878483917326122 -0.029856300458456327 -0.039206758814267412 -0.058160881075294657 0.057637946040831257 -0.0028052320035508319 -0.029234860893870004 -0.059887052982387473 -0.012604093271939697 -0.066408649110923451 0.082620863735038436 -0.043944840250780409 0.085195446427638807 -0.040984321440504581 0.053539840789466366 -0.052984870716453775 0.060819125663056098 -0.03035664114159016 0.045770662026609954 0.066276605818986339 0.052846426027907768 0.063819399252525569 0.040625955506312518 0.027040975044554272 -0.010949379874783297 -0.057992333253494788 -0.049495732216720739 -0.056164168101242966 -0.044942455987733818 0.00046059086464586693 -0.021717441161698575 0.018673822572584889 -0.026216367951569838 0.0081341838822955679 0.035690836721963264 0.032416519655627897 -0.018990581046002257 0.0032365657961072034 0.026763445153425044 0.059471481831843365 -0.040090645486253323 0.015147064493956034 0.049891498482252064 -0.011688305528196982 -0.0062228684715857664 -0.069019233599109373 -0.060196767445966609 0.035396398106345206 -0.046488580268174567 -0.030086697506551054 0.020163282396621726 0.043418340265183403 0.0011334536622707122 -0.016247977947787703
leaf_weight=43.988711848855019 574.3522579818964 42.468301594257355 1001.1174377650023 229.29481844604015 47.018835216760635 47.004934594035149 460.64628867805004 110.25225737690926 829.93627724051476 44.134286999702454 99.939056903123856 273.45850151777267 71.777700513601303 56.74677886068821 91.852517560124397 66.074894472956657 52.857749104499817 50.669864445924759 45.548232227563858 95.340522170066833 97.165267154574394 53.89014695584774 593.24720595777035 51.826862901449203 86.047122031450272 108.4383974224329 70.380749627947807 56.035407230257988 76.619102895259857 121.04350666701794 63.287361338734627 48.310852527618408 70.064341560006142 279.88282446563244 141.67480981349945 60.107580170035362 336.56661857664585 41.880042716860771 59.965410500764847 63.672963052988052 70.210772022604942 45.142220810055733 65.622740730643272 45.292640075087547 313.17436169087887 59.70425546169281 45.63641582429409 80.390750855207443 287.59346236288548 93.199835777282715 151.87748025357723 48.659088373184204 84.25224369764328 77.812491253018379 59.54711027443409 102.58501681685448 48.700009524822235 86.332420408725739 147.87671039998531 45.197813153266907 122.40966004133224 209.19196890294552
leaf_count=187 2857 195 4766 1102 233 199 2517 477 4190 228 474 1391 311 247 438 342 239 236 188 442 400 264 2774 265 376 522 310 260 325 498 270 215 316 1435 729 302 1831 194 280 268 331 198 284 204 1487 258 202 363 1463 413 691 210 395 388 295 458 240 414 678 206 551 1003
internal_value=0.000167076 0.00800928 0.0156069 -0.00354854 0.0350684 -0.0149252 -0.0276161 -0.0204335 -0.0223305 0.0509018 0.00686902 -0.0177782 -0.0103176 -0.0146347 0.0221088 -0.0248492 0.000309561 0.0150566 -0.039414 -0.00302714 0.0527499 0.0222443 0.033252 0.0381071 -0.0203365 0.00839814 0.0539395 0.00678919 0.0009333 0.0405903 -0.0286403 -0.011675 0.0465168 -0.0402575 -0.0217635 -0.00714094 -0.026001 0.0588405 0.0147229 -0.0134807 0.0255811 -0.0312875 0.00369172 -0.0193107 -0.0195366 0.0372315 -0.0218921 0.0289833 -0.0244683 0.0451982 0.0517141 0.0349495 -0.0333585 -0.0359967 -0.0255738 -0.000328041 0.00454318 -0.00664444 0.00164051 0.0103699 0.014516 -0.0335239
internal_weight=9105 7100.72 5484.76 2764.11 2720.65 2241.08 2004.28 1991.27 1947.29 1217.48 346.025 1615.96 1201.61 1129.83 245.765 884.066 335.788 269.713 414.347 140.889 153.912 1503.17 877.899 824.009 1543.63 254.19 1173.34 625.275 569.24 173.901 1601.26 484.32 708.509 548.278 268.395 492.621 1289.44 1043 130.346 115.5 246.086 95.8121 135.834 952.875 421.032 145.751 907.582 249.805 861.946 523.031 429.831 200.537 225.927 1116.94 372.721 432.513 385.494 282.909 234.209 115.262 169.415 1039.13
internal_count=43825 33595 25911 13130 12781 10714 10230 9601 9414 5778 1566 7684 5663 5352 1085 4267 1513 1171 2021 630 647 7003 4093 3829 7713 1156 5550 2910 2650 737 7848 2267 3296 2754 1319 2325 6557 4960 590 533 1092 434 615 4726 1997 634 4522 1113 4320 2416 2003 901 1124 5581 1782 2023 1790 1332 1092 522 750 5193
is_linear=0
shrinkage=0.05


Tree=17
num_leaves=63
num_cat=0
split_feature=29 22 11 12 10 10 0 0 21 10 16 32 4 29 1 12 41 0 1 34 11 32 22 21 12 34 4 1 21 4 12 29 1 29 10 10 21 4 29 1 10 41 1 0 29 17 34 0 12 11 12 14 6 37 21 1 21 41 12 34 38 13
split_gain=806.879 669.776 559.298 807.505 516.812 324.919 319.665 231.735 183.961 172.096 162.247 137.025 136.436 130.761 120.032 93.4569 93.1346 92.2578 120.454 107.547 91.095 111.161 106.17 175.727 150.906 85.3992 80.4713 75.9298 122.689 75.2866 73.9121 69.8398 65.8453 65.2421 64.5442 59.8121 76.3728 59.4798 50.2368 49.1927 49.0401 48.9615 48.9032 47.5823 46.1638 41.8491 41.4837 39.1891 95.3937 99.1998 233.206 37.216 32.9108 40.1314 32.5199 32.252 37.7405 32.1431 29.8104 29.6834 30.4522 29.3666
threshold=0.27068875869799652 1.0000000180025095e-35 1.5000000000000002 24.500000000000004 0.48046238802931601 0.53920819784182716 0.016313439526315723 0.067527627772599588 0.001117208216489238 0.22598761465899006 -0.20599604606306041 0.33869349424357093 497.5750000000001 0.12428591414675717 52.500000000000007 19.500000000000004 0.080441358379491762 0.033685568763570338 33.500000000000007 -0.23458346155397877 1.5000000000000002 0.29367044822649074 1.0000000180025095e-35 0.001131353557237292 24.500000000000004 0.61599182260012686 98.375000000000014 57.500000000000007 0.0010041741476673096 25.525000000000002 21.500000000000004 0.52166327337360341 59.500000000000007 0.41708323892319316 0.55325197617219712 0.40864038519620732 0.00093917623343520325 178.97500000000002 0.51310072101210114 30.500000000000004 0.55325197617219712 0.033840844420667725 19.500000000000004 0.0052104307595332343 0.098250044858657973 0.00050219493642791435 -0.16861098597376631 0.0049144085883491406 31.500000000000004 2.5000000000000004 26.500000000000004 -0.19378186592255967 0.35435935496037158 9.2230315121528736 0.0015714098083562452 64.500000000000014 0.00074357879551946026 0.046319529435174887 27.500000000000004 0.12324722005432855 0.010897527813931581 -0.012259425222786653
decision_type=2 2 2 2 8 10 2 2 8 10 8 10 2 2 2 2 8 2 2 10 2 10 2 8 2 10 2 2 10 2 2 2 2 2 10 10 8 2 2 2 8 10 2 2 2 10 10 2 2 2 2 2 10 10 8 2 8 10 2 10 2 2
left_child=6 2 4 5 8 10 9 17 43 26 -4 -7 38 42 -9 -6 20 -3 19 -19 21 35 23 24 34 29 30 28 39 -5 -1 40 57 -21 -22 36 52 -34 -12 -24 -17 47 -8 -2 -28 54 -26 -31 49 50 -49 -45 53 59 -38 56 -40 -10 -32 60 -15 -46
right_child=1 7 3 25 15 11 13 14 32 -11 12 -13 -14 16 -16 31 -18 18 -20 33 22 -23 27 -25 46 -27 44 -29 -30 41 58 -33 37 -35 -36 -37 45 -39 55 -41 -42 -43 -44 51 61 -47 -48 48 -50 -51 -52 -53 -54 -55 -56 -57 -58 -59 -60 -61 -62 -63
leaf_value=0.061831480063489985 0.0023312113116362317 -0.058803867324554164 -0.026047845132844895 0.03039794801233095 0.050953078788645571 0.056097406630296644 0.022405358219117023 0.040987605292976285 0.0019600061695396347 0.044252358733414224 0.060338504202378712 -0.048304933808183202 -0.036787570973344577 -0.022426015556876053 -0.050795029400427398 0.040432888671320395 0.046728104672836057 0.0355010985740234 -0.054152404379461519 0.00099277998210687483 0.06739474770090631 -0.054779171208148791 -0.046420233608581822 -0.039410545629117957 0.02408799813843273 0.029395007821875235 -0.0016731181257173188 -0.052288552902776834 0.073596533918039483 -0.057628574069187782 -0.018641104735829278 -0.046337577404463266 0.060472268394689138 -0.059464262805180058 0.010030276565076445 0.061815228704674458 0.065128484208211032 -0.014890540722095787 0.056681330090584625 0.012104553825084095 -0.011798433270181692 -0.056386848769243575 0.047756346930627698 -0.016946200916667889 -0.014932014550600553 -0.010200076018312019 -0.03714592824244236 0.096480123320925676 0.036122643020926819 -0.054467835500969425 -0.065651888147314263 -0.057079171407380204 0.032519617783970965 0.022026381239230442 0.013706647426174227 -0.0020064154011455362 0.016495272023355101 -0.057327935466595592 0.020064474661934787 -0.059139054163928187 0.020153963698690307 -0.04429625781491342
leaf_weight=48.372434377670288 38.833487287163734 787.39295387268066 73.580453366041183 43.934836059808731 174.48458921909332 40.286055251955986 261.40523193776608 121.04994662106037 42.721363142132759 137.15809381008148 817.13672991096973 142.93712118268013 43.120927348732948 219.95508117973804 50.475312680006027 103.27409566938877 246.01990421116352 92.511060670018196 302.3677995800972 84.612154066562653 363.9930312782526 80.422141566872597 60.535984978079796 67.921633839607239 56.38334795832634 59.964604526758194 131.60579377412796 57.910698890686035 58.812362655997276 83.608570724725723 154.90014116466045 55.491398021578789 60.70666116476059 94.423894628882408 56.6699098944664 47.076703444123268 80.4251718968153 46.035912424325943 177.03088673949242 88.247463718056679 79.56002451479435 218.97341085970402 698.70840826630592 62.180957540869713 120.40409785509109 45.57512167096138 54.291369244456291 41.78942497074604 62.777712792158127 173.78520222008228 47.262958914041519 813.43868125975132 44.606106624007225 67.800529420375824 49.775419905781746 45.856449082493782 87.204394564032555 49.17579497396946 73.280192688107491 42.702484324574471 51.89761421084404 290.74884621798992
leaf_count=215 183 4635 362 193 815 192 1170 511 192 619 3882 708 203 1024 251 462 1167 390 1605 411 1777 376 285 330 247 268 602 255 258 423 731 237 260 491 262 226 342 203 819 379 352 1151 3133 286 591 201 264 172 267 941 262 4429 186 297 214 200 396 250 327 208 231 1502
internal_value=-0.000292893 -0.0130146 -0.00146142 0.0149134 -0.0246328 0.0368132 0.0173731 -0.0407902 -0.0423536 -0.00758396 0.0459694 -0.0253495 0.0504971 0.0258949 0.0139784 0.0231491 0.0180935 -0.0476911 -0.0324448 -0.00827334 0.0136768 0.000673438 0.0246572 0.0363186 0.0459992 -0.0277782 -0.0162617 -0.00166316 0.0124592 -0.0328789 0.00569062 0.00279303 0.00125935 -0.0308924 0.0596669 0.00753635 0.00329691 0.0279698 0.0538361 -0.0117076 0.0177045 -0.0373044 0.0408542 -0.0518273 -0.0274471 0.0310359 -0.00595024 -0.0270935 -0.019253 -0.0324792 0.0104315 -0.0542292 -0.00812294 -0.0128643 0.04547 0.0367014 0.0434189 -0.029766 -0.00621079 -0.0203848 -0.0142974 -0.0356971
internal_weight=8975.59 5217.99 3685.15 2159.25 1525.9 1427.15 3757.61 1532.83 1113.09 956.47 1243.93 183.223 1170.35 2801.14 171.525 412.81 1841.02 1361.31 573.915 271.547 1595 730.236 864.766 599.259 531.338 732.097 819.312 265.507 207.596 672.132 276.553 238.326 198.64 179.036 420.663 649.814 602.738 106.743 1127.23 148.783 182.834 628.197 960.114 914.453 542.759 175.776 110.675 409.224 325.615 262.838 89.0524 875.62 426.962 382.356 130.201 310.092 264.235 91.8972 228.18 314.555 271.853 411.153
internal_count=43821 26402 18108 10439 7669 6762 17419 8294 5803 4587 5862 900 5500 12832 762 1866 8529 7532 2897 1292 7362 3305 4057 2880 2550 3677 3968 1177 922 3409 1273 1051 905 902 2039 2929 2703 463 5297 664 814 3216 4303 4898 2695 757 511 2065 1642 1375 434 4715 1946 1760 556 1415 1215 442 1058 1463 1255 2093
is_linear=0
shrinkage=0.05


Tree=18
num_leaves=63
num_cat=0
split_feature=29 22 11 0 10 10 29 10 0 0 1 4 4 6 2 20 21 1 18 29 11 7 0 0 21 21 21 0 7 11 6 26 18 21 22 1 11 7 21 39 29 4 10 7 9 20 22 10 26 9 1 34 18 11 19 0 39 26 1 7 10 1
split_gain=751.583 531.079 498.571 389.316 310.656 226.288 213.381 210.549 180.953 142.719 133.193 126.64 105.828 97.2161 95.6278 90.129 181.531 114.102 86.6794 80.4174 78.6619 102.906 70.513 64.3038 63.1075 61.2259 56.8471 55.7795 52.4339 54.9795 85.1419 84.7073 58.2155 48.7559 47.0574 68.3143 58.6873 59.842 50.6362 92.9311 44.2916 44.2667 51.4841 89.821 99.0835 78.2745 66.7309 105.868 92.8774 62.6365 41.4603 54.5304 39.9766 39.1098 38.8844 37.4093 34.6465 34.0974 38.0932 36.0312 33.7657 33.4586
threshold=0.34809232412818142 1.0000000180025095e-35 1.5000000000000002 0.017412362420802224 0.48046238802931601 0.5674835806952826 0.13906642899770574 0.2526175846701853 0.017201819694143233 0.048697931490414008 43.500000000000007 151.47500000000002 113.02500000000002 0.75041095816890546 0.93356881054023499 42.254081081229096 0.001131353557237292 70.500000000000014 -0.0030904096716906078 0.095936122428622095 2.5000000000000004 0.33676635147246786 0.0049144085883491406 0.036994260944890903 0.00029657002292457306 0.00080286336505340581 0.00044515280506386918 0.02809611517293949 0.080217796412764955 1.5000000000000002 0.37295227816346777 -0.0020181657116088141 0.00063393774666353775 0.00084991904341544765 1.0000000180025095e-35 37.500000000000007 2.5000000000000004 0.25458607543320461 0.00065677326212995948 0.0420076161361616 0.49985472273587955 497.5750000000001 0.2442723113793788 0.4317282219654483 0.16714641717707038 35.429790859714807 1.0000000180025095e-35 0.12843700551410911 -0.0020181657116088141 0.1286023667795336 19.500000000000004 0.36062131965202765 -0.0091042627995783203 1.0000000180025095e-35 -0.0009258872963515129 0.0039990106498227467 0.045386120800792691 0.015743468713991033 49.500000000000007 0.63177121386076618 0.15036924263244794 26.500000000000004
decision_type=2 2 2 2 8 8 2 10 2 2 2 2 2 10 8 8 10 2 10 2 2 10 2 2 8 8 10 2 8 2 10 2 10 10 2 2 2 10 10 10 2 2 8 10 10 10 2 10 2 10 2 10 8 2 10 2 8 2 2 8 10 2
left_child=3 2 4 7 13 8 50 12 20 52 25 28 24 -2 27 -10 17 23 -7 -14 21 -4 -20 26 -1 -11 -17 40 -8 30 31 -30 -33 -28 36 -36 37 -31 39 -38 -6 42 46 44 -44 -46 47 -13 -48 -49 51 -5 -3 -9 -25 -21 -27 58 59 -26 -22 -55
right_child=1 9 5 6 14 18 11 53 15 10 -12 41 19 -15 -16 16 -18 -19 22 55 60 -23 -24 54 57 56 33 -29 29 34 -32 32 -34 -35 35 -37 38 -39 -40 -41 -42 -43 43 -45 45 -47 48 49 -50 -51 -52 -53 -54 61 -56 -57 -58 -59 -60 -61 -62 -63
leaf_value=-0.037520455139271373 -0.050430940192383616 -0.019529399152491998 -0.025010136831498549 0.032250580427391165 0.027477092386971637 -0.052324981745178002 0.04900749414938127 0.066617977969968462 0.052885084990705093 -0.023736265951325115 -0.058596625062401368 0.052630355362242622 0.0060993482032411853 0.028213358667510999 -0.049699502778119575 0.045836573757355982 -0.066900802490112654 -0.050112780360150967 -0.050715796125200767 -0.058462083352775508 -0.055254220924430657 0.076794982058272121 0.015760530313761206 0.012360726832412563 -0.0055452368659845144 0.0082884747887070169 -0.01373114073348638 0.052541054550159005 -0.028487946522243623 -0.0014656076536606897 0.046462950529623265 0.046284906953924093 -0.012087473263980485 0.047036134111156577 0.031792362432108145 -0.045923171438059601 0.031710389288831513 0.066903575586866007 0.040673946876630451 -0.045241000609374957 -0.026360145553279698 -0.032789573879933205 0.049906360139507576 -0.039562454525782192 0.024173757629867849 -0.035105194230262621 0.040930310139264174 -0.050413638857327053 -0.031904269795751561 0.019373711235357138 0.04522594743959784 -0.027879325058277643 -0.060108554165011777 -0.012593297909249471 0.060491014315101781 -0.030247281324230563 0.064579570496662936 0.046654115753342294 -0.031730537134742914 0.030954785585656799 -0.0078099994992197001 0.043296171880509465
leaf_weight=90.591659232974052 783.19066640734673 66.075956329703331 56.521240904927254 266.36960710585117 93.420680314302444 145.56782655417919 175.99185784161091 76.408287391066551 343.07444880902767 85.793240010738373 121.03547634184361 100.72023315727711 123.44591854512691 41.371334433555603 52.532927766442299 115.83366546034813 53.569168403744698 42.446194708347321 54.277004256844521 165.22200857102871 96.621235862374306 44.259603232145309 150.50528344511986 51.195200324058533 147.65096035599709 63.710064426064491 136.70022583007812 104.51657681167126 186.33088451623917 38.844089448451996 102.99968528747559 95.290195241570473 77.413708060979843 43.516466081142426 68.958211094141006 47.932535111904144 101.45023290812969 181.79710644483566 172.40292826294899 63.976610764861107 64.633701637387276 89.856890723109245 196.61713656783104 64.546526223421097 148.32588841021061 89.163313925266266 51.706093072891235 64.863863214850426 285.16754074394703 63.755534201860428 812.05237109959126 43.922100618481636 745.02692691981792 45.815103933215141 232.73182168602943 406.57147373259068 47.876859784126282 51.646848186850548 63.882544100284576 124.73123517632484 61.289982438087463 64.447932451963425
leaf_count=450 4292 337 293 1191 423 733 862 363 1649 407 650 467 562 178 233 572 295 184 269 934 545 206 707 234 704 279 686 490 882 196 449 427 363 207 309 214 503 910 859 311 276 446 940 314 701 432 232 328 1387 309 3676 204 4484 205 1119 2125 202 233 303 570 291 292
internal_value=-0.000349877 -0.0167743 -0.00498338 0.0125794 -0.0303476 0.0127714 0.02121 -0.0101989 0.0225322 -0.045667 -0.0173005 0.0129903 -0.0180433 -0.0464851 0.0118809 0.0320124 0.0214193 0.0290206 -0.0228271 -0.0304988 -0.0148133 0.0196993 -0.00185884 0.0348121 5.37915e-05 0.00802267 0.0185077 0.0242014 0.0236101 0.0196803 0.00638967 -0.00510653 0.0201198 0.000942179 0.0287728 -7.58793e-05 0.034811 0.0548671 0.021712 0.00195047 0.00546125 0.000911335 0.00375513 0.0154703 0.0236531 0.00191798 -0.00656222 0.0142413 -0.020725 -0.0158206 0.0392855 0.0237391 -0.0568028 0.0391252 0.0518126 -0.0384001 0.0324404 0.00882876 0.00301917 0.0111691 -0.0368397 0.0200737
internal_weight=8848.16 3897.29 2767.78 4950.87 1139.67 1628.11 3590.46 1360.41 1277.76 1129.52 318.416 2468.11 1173.74 824.562 315.104 1019.07 675.993 622.424 350.35 695.239 258.692 100.781 204.782 579.977 478.503 197.38 296.05 262.571 1313.39 1137.4 462.034 359.035 172.704 180.217 675.362 116.891 558.471 220.641 337.83 165.427 158.054 1154.72 1064.87 498.653 434.106 237.489 566.213 229.34 336.874 128.619 1122.34 310.292 811.103 186.671 283.927 571.793 111.587 387.912 336.265 272.382 157.911 110.263
internal_count=43894 20241 13882 23653 5892 7990 16912 6741 6281 6359 1538 11841 5881 4470 1422 4946 3297 3002 1709 3621 1335 499 976 2818 2260 888 1465 1189 6285 5423 2121 1672 790 893 3302 523 2779 1106 1673 814 699 5556 5110 2387 2073 1133 2723 1104 1619 637 5071 1395 4821 860 1353 3059 481 1810 1577 1274 836 497
is_linear=0
shrinkage=0.05


Tree=19
num_leaves=63
num_cat=0
split_feature=29 22 11 4 41 41 0 29 0 1 21 1 11 0 22 21 21 11 34 14 41 29 21 17 21 21 1 37 21 0 21 21 18 21 34 21 11 4 34 41 22 34 6 21 4 26 21 20 17 11 21 9 39 1 21 34 2 25 18 31 18 34
split_gain=699.673 506.65 433.313 349.046 241.467 185.879 156.376 155 143.424 125.687 111.168 157.199 105.379 98.096 134.142 156.397 135.325 110.842 97.758 92.7918 94.2149 85.2053 82.7549 81.9865 74.9329 71.1694 92.4719 123.26 66.6694 64.4762 62.5072 76.8108 94.1879 62.2494 58.1897 55.5646 75.8461 51.4501 50.8319 50.7661 97.249 148.148 89.4608 123.828 50.0182 105.794 49.7246 49.1235 43.6448 43.3355 43.1899 52.0442 42.3216 40.5848 110.043 39.8127 39.77 39.6999 38.9158 91.4853 38.2349 37.8659
threshold=0.3436508672603088 1.0000000180025095e-35 1.5000000000000002 408.72500000000008 0.086881954587912077 0.078681036414704766 0.016987024487677999 0.14123754683996606 0.046977254632575377 43.500000000000007 0.00098503399877528076 51.500000000000007 1.5000000000000002 0.016313439526315723 1.0000000180025095e-35 0.001131353557237292 0.0010195018299908834 2.5000000000000004 0.373054070971159 0.27399061761407906 0.040296601849379929 0.15190654191521105 0.00044515280506386918 0.045270561699853766 0.00032329625814624146 0.0007773214026626751 20.500000000000004 -10.29819811822844 0.00080286336505340581 0.018497686281621437 0.00047064002705104042 0.00032577087150599109 -0.0014046891592411901 0.001117208216489238 -0.021711685265982491 0.00038529835608652952 2.5000000000000004 195.57500000000002 0.34618630127180655 0.034688447926804658 1.0000000180025095e-35 -0.14525910009473217 0.42035639818576559 0.00058987034686164915 573.20000000000016 -0.013119187227608716 0.0016072420169554234 51.544960414590086 0.0030255857341689577 1.0000000180025095e-35 0.00038993681660104965 0.048368357291883289 0.045899556124747103 45.500000000000007 0.0005514621365597434 0.15638566511579657 0.13350331486023054 667.50000000000011 -0.010365815655684283 0.060931021901845191 -0.0091042627995783203 0.064106371119302633
decision_type=2 2 2 2 8 10 2 2 2 2 8 2 2 2 2 10 8 2 10 2 10 2 10 10 8 10 2 8 8 2 10 8 10 10 10 10 2 2 8 8 2 10 8 10 2 2 8 10 10 2 10 10 10 2 8 10 10 2 8 8 8 8
left_child=3 2 4 5 30 7 35 29 60 28 19 38 23 50 15 17 48 -15 -13 20 22 -5 -8 24 -9 26 34 -28 49 -1 31 -2 56 -32 -19 36 -4 -35 -12 -26 42 -42 43 -41 45 -23 -31 -38 -16 -10 51 -14 -30 54 -7 -47 -33 -45 -6 -60 -3 -24
right_child=1 8 6 21 58 53 10 12 9 -11 11 18 13 14 16 -17 -18 25 -20 -21 -22 44 61 -25 39 -27 27 -29 52 46 33 32 -34 37 -36 -37 47 -39 -40 40 41 -43 -44 57 -46 55 -48 -49 -50 -51 -52 -53 -54 -55 -56 -57 -58 -59 59 -61 -62 -63
leaf_value=0.0093121399296416281 -0.059571360322268022 -0.018784126485266416 0.06028057980426528 0.0019457202292300264 0.055245497243819643 0.057946446804969791 0.046218221145954141 -0.044285858931261794 0.0031982250643690711 -0.05650820522371991 0.0023839027413105145 -0.03444560146816826 -0.0078252873088608104 0.063722827861489112 -0.013320009514709345 -0.050679490686368012 0.04148577520697385 0.0093474929548683205 0.056985868846809541 -0.043256858149703099 0.045618706562509347 0.050998985928580425 -0.019168988477333084 -0.047738341825728545 0.021046660284548362 0.055454469521992428 -0.022515513702607726 0.054965280401256478 0.006163521880882923 0.03883653502560791 -0.057324688285667405 -0.0047408946418379012 0.03090966253860121 0.026759860619204996 -0.072422502921100501 -0.029917933615333809 0.01368948023781238 -0.047427450738932155 -0.064986145518894367 0.011961740430473065 -0.036101450484866196 0.051910696983727314 0.035526610959241693 -0.0067228074043977045 -0.056019895052155433 -0.04578875792726364 -0.013176163512497478 -0.050207425124839847 -0.064095577124863273 -0.064562539198590396 -0.024646773105214011 0.059548658645788337 0.065810398538837411 0.061364634747468651 -0.032010876252969715 0.0020428662114088682 -0.056600352785734942 -0.062120058647681879 0.034675226468171338 -0.043316631107289838 -0.059499224121826934 0.024157493324370682
leaf_weight=301.78629750013351 100.87818765640259 62.740816339850426 48.447480067610741 276.05118019878864 55.179389953613281 106.75155395269394 119.18746633827686 86.704748943448067 54.596459716558456 131.29074215888977 39.578314036130905 41.369700759649277 92.580346465110779 298.56037601828575 140.77581281960011 50.60757651925087 104.76848384737968 42.660566136240959 99.666524082422256 42.087017253041267 549.08853228390217 43.325160667300224 155.4504236727953 98.1548982411623 304.04405117034912 129.92527198791504 78.3449667096138 148.86115978658199 76.798608437180519 849.84656637907028 468.55177679657936 68.729913800954819 95.922090590000153 43.921376466751099 44.402083411812782 241.88430671393871 70.469532325863838 49.947154313325882 95.701395705342293 118.14771817624569 71.227449208498001 145.45297329127789 63.812492832541466 39.724141389131546 157.97820803523064 177.08299387991428 48.577319100499153 52.480284869670868 60.514261364936829 41.554256558418274 175.66670078039169 41.517569720745087 48.532395035028458 266.67806984484196 49.881586655974388 57.672712936997414 80.000709921121597 174.00714485347271 104.75399234890938 58.653502687811852 712.30444450676441 74.644325479865074
leaf_count=1377 588 324 234 1274 253 549 593 438 244 730 195 205 465 1496 662 257 468 203 477 207 2720 191 761 478 1429 638 381 752 338 3848 2717 327 438 198 225 1253 327 248 500 529 356 639 279 187 916 986 212 295 292 225 892 194 206 1310 230 276 394 878 495 277 4451 345
internal_value=-0.000132747 -0.0159427 -0.0043924 0.0125398 -0.0282382 0.0181092 0.0120876 0.0145282 -0.0441738 -0.017745 0.0211131 -0.00676883 0.00746237 0.0165183 0.0235207 0.0343684 -0.00459856 0.0401631 0.0301666 0.0293051 0.0327045 -0.0197917 0.0124027 -0.00412556 0.000141928 0.0243277 0.0114592 0.0282484 0.00523316 0.0293076 -0.0395964 -0.0228589 -0.00772111 -0.0498793 -0.0323553 -0.0144851 0.00729436 -0.012715 -0.0452759 0.00434537 -0.00394686 0.0229792 -0.0186916 -0.0291165 -0.0335527 -0.0207891 0.0360242 -0.0135845 -0.0285848 -0.0260865 -0.00833462 0.0130341 0.0292608 0.0494996 0.0292985 -0.0340379 -0.0326356 -0.0518239 0.0189403 0.00668082 -0.0562033 -0.00511358
internal_weight=8730.5 3884.41 2756.59 4846.09 1126.54 4133.98 1630.06 3710.67 1127.82 352.772 1216.77 276.316 2510.46 1409.19 1099.42 793.362 306.059 742.754 141.036 940.458 898.371 712.11 349.282 1101.28 1003.12 444.194 314.269 227.206 221.482 1200.21 907.951 345.531 244.653 562.42 87.0626 413.282 171.397 93.8685 135.28 916.416 612.372 216.68 395.691 331.879 436.059 278.081 898.424 122.95 201.29 96.1507 309.765 134.098 125.331 423.311 156.633 234.756 148.731 213.731 218.587 163.407 775.045 230.095
internal_count=43872 20565 14047 23307 5935 19664 8112 17575 6518 1743 6003 1377 12138 6925 5374 3952 1422 3695 682 4626 4419 3643 1699 5213 4735 2199 1561 1133 1013 5437 4910 1747 1159 3163 428 2109 856 446 695 4297 2868 995 1873 1594 2369 1453 4060 622 954 469 1551 659 544 2089 779 1262 721 1065 1025 772 4775 1106
is_linear=0
shrinkage=0.05


Tree=20
num_leaves=63
num_cat=0
split_feature=29 22 0 10 29 12 4 41 0 4 4 12 12 21 1 10 10 12 21 12 10 10 21 29 1 34 17 26 0 12 14 21 12 18 20 21 34 10 37 21 1 17 12 12 32 41 6 12 18 18 21 12 22 4 18 1 26 1 36 32 10 40
split_gain=643.269 426.835 360.072 228.384 166.442 156.391 177.22 135.362 109.115 103.632 100.447 103.644 82.3918 80.2511 83.4414 122.089 76.0423 94.4655 121.93 90.906 88.9068 85.8278 65.2566 64.466 63.5755 76.3815 64.566 58.176 77.3489 57.2881 55.8527 96.3038 54.779 53.8986 53.634 52.5676 51.9655 50.5711 117.657 67.8166 82.7698 62.1246 50.4712 81.8159 72.2413 67.2094 50.171 49.3333 48.0576 47.2365 45.358 45.0909 44.8037 71.1975 43.2185 42.3983 40.2936 49.2813 39.0224 38.6743 38.5758 70.292
threshold=0.37911381268305572 1.0000000180025095e-35 0.017632086434868906 0.2526175846701853 0.17818424647431 24.500000000000004 168.02500000000003 0.082354788539150139 0.068308928558516932 282.12500000000006 98.375000000000014 21.500000000000004 19.500000000000004 0.00074357879551946026 51.500000000000007 0.35229838248163448 0.39823391812865505 20.500000000000004 0.00048905701451156739 23.000000000000004 0.64006072471970277 0.098225142009680036 0.00047064002705104042 0.14973575029664948 18.500000000000004 0.373054070971159 0.016656302251588224 0.013523264410791049 0.041028787022579165 31.500000000000004 -0.099299308958691879 0.00078991296740992011 21.500000000000004 -0.0013515255898661758 58.307400082836345 0.00084991904341544765 0.64518699177283978 0.43509548099339496 0.28932530965580633 0.00055761214106419459 41.500000000000007 0.041331818730310832 13.500000000000002 14.500000000000002 -0.19020791202280443 0.05524653390031372 0.18850207484117371 14.500000000000002 -0.0097998006758941974 0.0024177909891639486 0.00053526076131943021 19.500000000000004 1.0000000180025095e-35 130.87500000000003 -0.00023808912385619993 41.500000000000007 -0.0064585743180087746 30.500000000000004 76.006730978680608 0.052529651767709303 0.33408248100997312 0.043169034529745527
decision_type=2 2 2 10 2 2 2 8 2 2 2 2 2 10 2 8 8 2 8 2 10 10 10 2 2 10 10 2 2 2 2 10 2 8 8 10 10 10 8 10 2 8 2 2 8 10 10 2 8 10 8 2 2 2 10 2 2 2 8 10 10 10
left_child=2 5 3 10 24 6 16 9 48 12 11 -1 27 51 -15 -16 17 18 -2 -19 46 34 32 -12 25 26 35 28 -6 54 31 -24 33 -14 -20 50 -7 38 47 -40 -41 -42 -30 44 -44 -45 58 -26 -3 59 -4 -8 -29 55 -13 -54 57 -11 -18 -23 -58 -62
right_child=1 8 4 -5 7 36 13 -9 -10 56 23 29 22 14 15 -17 20 19 21 -21 -22 49 30 -25 37 -27 -28 52 42 -31 -32 -33 -34 -35 -36 -37 -38 -39 39 40 41 -43 43 45 -46 -47 -48 -49 -50 -51 -52 -53 53 -55 -56 -57 60 -59 -60 -61 61 -63
leaf_value=0.050049566170111894 0.066362427519471565 -0.0070817398403499703 0.033419243214759586 0.038839470703934308 0.058039798694992262 -0.032677930662248035 0.01149360681445304 0.041347522450448787 0.0014556544637539469 0.050226057438285843 -0.010221053298066659 0.0060209089953863404 -0.0039654051275930819 -0.060062492051623929 -0.058607633247869377 0.029562416344502476 0.052375668022540151 -0.040804766809166865 -0.011166613229287978 0.045960644091396517 -0.039596230705899203 0.021882105054042741 -0.034900566964293264 -0.040107785197298157 0.059066137624682692 -0.038129636406815715 0.060529382841634061 0.038439658879628205 0.034740732934531664 0.036282143433377656 -0.03686868760367866 0.044521005637603112 -0.01238463870878065 0.068526602703106995 0.054206670398581208 0.054207619550362435 0.026148072676385192 0.058672862486057437 0.061087523068732164 -0.047554198793010427 0.042152298516888335 -0.02142144528641023 0.035542537639691361 0.057613865399944397 -0.041362490383614038 -0.01480495268729758 -0.002119906221620586 0.031256304990093804 -0.055080700572772326 -0.046126524984228416 -0.015008498831014974 -0.031961613490455273 0.037171103212460435 -0.043774924880367036 -0.032962429128861125 -0.021244344645999363 -0.033417614879150202 -0.024436577783096759 0.0072180523129326407 -0.028298227390413763 0.045235483537988695 -0.038105593175834812
leaf_weight=84.152159616351128 92.719067767262459 55.834796324372292 70.837028324604034 199.52559457719326 159.81902150809765 543.51633629202843 209.92442402243614 295.89555609226227 108.01579444110394 45.949397534132004 278.93426498770714 108.28713358938694 40.770190000534058 178.60757122933865 71.552297785878181 87.002589881420135 275.05251659452915 171.11098535358906 46.35146552324295 36.655274197459221 42.495969131588936 89.692871436476707 77.516023099422455 510.9405479580164 290.14498795568943 59.331791564822197 87.394132226705551 61.163329035043716 257.11276941001415 53.727514550089836 180.68358957767487 75.193798750638962 81.969811901450157 69.098532736301422 97.101150035858154 56.88614247739315 40.327442035079002 219.90560834109783 45.27266138792038 78.781640917062759 90.727382645010948 66.663771331310272 41.825232177972794 90.907862469553947 113.13575245440006 49.473885953426361 69.731838703155518 354.08829136192799 789.78162610530853 83.648248866200447 152.31827472150326 83.417145058512688 77.957634314894676 91.166481584310532 207.01468478143215 51.637107267975807 262.3454806804657 42.583291813731194 57.912891641259193 67.138214975595474 49.827981039881706 51.39808401465416
leaf_count=388 496 280 321 938 813 2849 1026 1478 498 201 1316 518 197 1019 371 402 1356 1000 227 181 220 453 378 2924 1305 284 407 308 1274 234 941 370 404 345 480 274 186 1114 203 352 419 294 185 457 583 253 333 1615 4899 466 666 396 346 459 1034 244 1389 212 259 384 240 263
internal_value=-0.000336572 -0.0176642 0.0104805 -0.0108173 0.0184819 -0.00619016 0.00124823 0.00981315 -0.0458666 0.00508035 -0.0187878 -2.33713e-05 0.0113334 -0.0199879 -0.0366266 -0.0102268 0.0131014 0.00263864 0.0149027 -0.0254971 0.0291864 0.00247522 -0.00468548 -0.0295537 0.0309828 0.0145103 0.0230104 0.0197961 0.0274055 -0.0114418 -0.0180544 0.00420635 0.0185482 0.0416262 0.0330837 0.0113016 -0.0286147 0.0371193 0.031999 0.0050295 -0.00571643 0.0152253 0.0185434 0.00444261 -0.0206052 0.0320917 0.0364449 0.0437811 -0.0519114 -0.0157836 0.000364102 -0.000863695 0.00057131 -0.00992036 -0.019574 0.0138954 -0.0159349 0.0143141 0.0445214 0.00040028 -0.0233008 0.0029186
internal_weight=8579.95 3297.59 5282.36 1442.58 3839.78 2343.96 1760.11 2267.43 953.632 1971.54 1243.06 453.181 1519.43 630.504 337.162 158.555 1129.61 684.417 476.651 207.766 445.193 383.932 525.232 789.875 1572.35 426.767 367.436 994.199 712.275 369.029 333.393 152.71 191.839 109.869 143.453 280.041 583.844 1145.58 925.679 281.445 236.173 157.391 552.456 295.343 154.961 140.382 402.697 644.233 845.616 240.479 223.155 293.342 281.925 220.761 315.302 129.595 452.104 88.5327 332.965 156.831 363.572 101.226
internal_count=43727 17781 25946 7352 18594 12104 9069 11340 5677 9862 6414 2174 7557 3214 1792 773 5855 3687 2506 1181 2168 2010 2635 4240 7254 1952 1668 4922 3565 1786 1689 748 946 542 707 1261 3035 5302 4188 1268 1065 713 2752 1478 768 710 1948 2920 5179 1303 987 1422 1357 1049 1552 590 2305 413 1615 837 1892 503
is_linear=0
shrinkage=0.05


Tree=21
num_leaves=63
num_cat=0
split_feature=29 22 11 12 4 12 11 22 10 10 6 10 1 34 21 29 1 0 1 4 1 12 11 34 39 29 21 29 18 1 21 16 12 11 12 7 20 1 11 21 29 10 34 12 20 12 14 4 10 21 11 12 12 0 1 1 10 1 10 1 40 10
split_gain=598.553 403.202 370.729 406.731 331.604 275.9 261.774 359.332 313.711 226.38 200.687 188.916 140.733 299.526 116.017 118.234 118.069 111.907 108.767 102.147 99.9491 99.5069 91.6871 82.4211 80.7688 79.4783 79.2 85.04 73.5967 117.733 73.4436 69.9468 68.2727 67.269 89.3196 75.1435 117.132 112.257 81.6788 65.2711 64.065 63.6782 58.3304 55.668 54.4792 53.2379 50.3768 47.7202 47.4366 45.9142 44.3289 248.561 53.8245 41.4653 39.8235 37.9609 37.025 36.9219 33.6844 31.8795 30.372 40.8912
threshold=0.36820597185429321 1.0000000180025095e-35 1.5000000000000002 24.500000000000004 431.05000000000007 24.500000000000004 1.5000000000000002 1.0000000180025095e-35 0.4843393248729182 0.49214702972309948 0.24734982332155472 0.5674835806952826 19.500000000000004 0.33333333333333343 0.00098503399877528076 0.17612206711656761 30.500000000000004 0.067527627772599588 28.500000000000004 476.47500000000008 69.500000000000014 14.500000000000002 1.0000000180025095e-35 -0.12710215952770101 0.10287131070665111 0.095936122428622095 0.0017370826834338484 0.15654981248095956 -0.0091042627995783203 51.500000000000007 0.00094577323757834752 0.023182944752519887 19.500000000000004 3.5000000000000004 31.500000000000004 0.34795932596334994 45.538177027792251 23.500000000000004 2.5000000000000004 0.001131353557237292 0.18449740625081368 0.26902097436083577 0.30683946021325598 18.500000000000004 40.648855488347344 13.500000000000002 -0.058508660123803791 623.07500000000016 0.33408248100997312 0.00045643157867146912 2.5000000000000004 26.500000000000004 31.500000000000004 0.006115019342574044 9.5000000000000018 32.500000000000007 0.024390243902439074 18.500000000000004 0.037576222346160988 28.500000000000004 0.040303116622332588 0.2468784977614327
decision_type=2 2 2 2 2 2 2 2 10 8 10 10 2 8 8 2 2 2 2 2 2 2 2 10 10 2 8 2 8 2 8 10 2 2 2 10 8 2 2 8 2 8 8 2 8 2 2 2 10 10 2 2 2 2 2 2 10 2 10 2 10 10
left_child=4 2 9 11 5 6 8 12 10 24 26 19 13 -8 15 16 -9 28 -16 20 39 30 -23 -24 53 -6 27 42 29 -3 40 -18 -11 35 -35 36 37 49 -37 -4 -12 -39 58 47 59 48 -38 60 -29 -7 51 -46 -52 -2 -47 -19 -17 -34 -1 -5 61 -27
right_child=1 17 3 44 25 33 7 14 -10 32 21 -13 -14 -15 18 56 31 55 -20 -21 -22 22 23 -25 -26 43 -28 45 -30 -31 -32 -33 57 34 -36 38 46 41 -40 -41 -42 -43 -44 -45 50 54 -48 -49 -50 -51 52 -53 -54 -55 -56 -57 -58 -59 -60 -61 -62 -63
leaf_value=-0.024455134763563553 0.0039835576650596449 0.055487594751303861 0.052084550517305095 -0.023324191620975879 0.015556492877658782 0.01907886433694856 0.058916246795557105 -0.047681527884538791 0.057371370946384143 0.038680075015071119 0.052379390481088396 -0.037701235518284866 0.06297298654426757 -0.042893764454839688 0.06254271704321622 -0.0072226635111873501 0.075212234746104098 0.029447447952345482 -0.026243045597710891 -0.040265748799207898 -0.012974282520147498 -0.063585397880834213 0.062581457231064189 -0.022502682050494147 0.024451787296349489 -0.012505219505127741 0.040630826957543616 0.039513327559994475 -0.054678768611182149 -0.062869171797804352 0.061841950677291507 -0.0024757630259232867 -0.049943045103631956 -0.054541587555200916 0.010991426894138699 0.05686658476503427 -0.00091620560260141735 -0.0062426569314324512 -0.013160121907655692 0.0020726084729910427 -0.021783740035039495 0.06543647703811542 -0.046692923879262938 -0.052053625867099544 0.080016691120831304 0.00015250908199399883 -0.049884506867222123 -0.049594301697400596 -0.030785614712703982 -0.043538438950063228 -0.060114950127770322 -0.06534172588856052 -0.011436705158714729 -0.050574704816776041 -0.038219043833500901 -0.028107965937053961 -0.054137660802640403 0.0039035010283052364 0.019350286929086569 0.037017644383330273 -0.036441627779385845 0.038089226408787293
leaf_weight=52.871063813567162 36.818391591310501 40.828077256679535 657.40752220153809 40.55695466697216 113.60012316703796 45.117370739579201 210.30351082980633 49.589597776532173 282.90808050334454 117.90153855085373 53.445090293884277 92.526674062013626 827.69569185376167 110.04484622180462 119.4100494235754 60.849805697798729 72.064532086253166 61.596105635166168 48.506719887256622 40.17396779358387 76.434050902724266 47.158890500664711 55.979134187102318 57.905630603432655 41.226207196712494 132.68286937475204 67.029437899589539 52.955062717199326 770.15866352617741 43.288730084896088 198.84029732644558 48.454443320631981 45.080300346016884 151.34905540943146 79.206995084881783 100.49310198426247 75.287138536572456 45.285419523715973 71.104389056563377 72.427466884255409 63.978028401732445 98.116605326533318 49.18435263633728 192.16792392730713 47.748524233698845 79.222029894590378 173.69562385976315 91.200220674276352 43.882602632045746 83.372648879885674 190.09147535264492 76.57448935508728 80.978362232446671 643.56431183218956 461.62665458023548 53.559412121772766 136.15017576515675 108.35336577892303 258.19260784983635 47.55196987092495 66.966032981872559 57.13207620382309
leaf_count=238 184 170 3288 205 507 200 1076 217 1484 569 229 488 4326 566 544 305 299 265 218 197 336 215 244 264 187 676 297 247 4949 256 908 200 204 793 350 436 364 209 338 381 297 434 221 1194 202 395 908 520 209 406 1098 453 377 3779 2400 265 704 479 1117 219 339 261
internal_value=-6.05973e-05 -0.0163521 -0.00541943 0.0109466 0.0107838 0.0156881 0.0220876 0.0363105 0.008972 -0.0288651 9.38112e-05 0.0301322 0.0520821 0.0239429 0.00246826 -0.0132786 0.0172576 -0.0435916 0.0368949 0.0375472 0.0414244 0.027035 -0.00495762 0.0193197 -0.0435047 -0.0224586 -0.011981 -0.0155148 -0.0498287 -0.00542192 0.0433259 0.0439779 0.0100685 -0.00863504 -0.0320279 -0.000846482 -0.0103002 0.0123894 0.0278498 0.0471215 0.0119716 0.0428007 0.00390445 -0.0304536 -0.0263122 -0.0264854 -0.0350775 -0.0185254 0.00765692 -0.0215513 -0.0342351 -0.00951417 -0.045573 -0.0476223 -0.0325985 0.00267813 -0.0396464 -0.0119171 0.0119047 0.00924201 -0.00749068 0.00272312
internal_weight=8469.87 3384.85 2415.42 1422.47 5085.03 4431.28 3508.25 1683.07 1825.18 992.944 1542.27 938.97 1148.04 320.348 535.025 367.109 170.109 969.431 167.917 846.443 806.269 477.307 161.044 113.885 721.609 653.749 1064.96 997.934 854.275 84.1168 316.263 120.519 271.335 923.028 230.556 692.472 520.875 271.892 171.597 729.835 117.423 143.402 360.248 540.149 483.502 637.686 248.983 347.981 96.8377 128.49 395.393 124.323 271.07 680.383 540.849 115.156 197 153.434 311.064 88.1089 256.781 189.815
internal_count=43706 18551 12646 7244 25155 21658 17220 8455 8765 5402 7281 4690 5968 1642 2487 1725 716 5905 762 4202 4005 2157 723 508 4150 3497 5124 4827 5375 426 1434 499 1252 4438 1143 3295 2521 1249 774 3669 526 643 1576 2990 2554 3251 1272 1796 456 606 2130 655 1475 3963 2795 530 1009 683 1355 424 1276 937
is_linear=0
shrinkage=0.05


Tree=22
num_leaves=63
num_cat=0
split_feature=29 22 11 12 10 10 0 14 0 1 1 4 1 10 17 29 12 29 29 11 4 41 0 29 14 1 7 1 34 10 17 17 11 4 2 12 41 0 12 11 7 34 11 22 12 1 10 29 4 6 37 10 32 39 0 29 4 12 40 12 29 6
split_gain=568.067 493.217 432.131 664.058 391.543 273.434 238.097 190.019 177.293 171.45 123.948 104.181 95.776 95.0394 92.8233 91.5323 83.9097 74.5327 74.4521 70.6835 69.4805 74.8642 66.6873 63.1143 58.9004 72.9729 58.2901 58.2593 117.362 85.8444 101.749 73.325 63.2382 57.1994 55.2401 54.6005 52.4623 51.9164 96.0221 78.0857 112.813 47.3203 45.7619 85.5485 120.904 45.1485 43.1056 40.5379 39.4894 33.2666 32.4127 31.5658 53.8702 31.3993 30.4228 31.2881 30.0065 29.9572 32.5198 29.4957 29.426 51.377
threshold=0.23500150782096366 1.0000000180025095e-35 1.5000000000000002 24.500000000000004 0.46241767641417902 0.53920819784182716 0.046251235730143211 -0.21650059149844011 0.015861012532016886 43.500000000000007 32.500000000000007 497.5750000000001 72.500000000000014 0.21851197274868492 -0.076147094886945904 0.52166327337360341 21.500000000000004 0.43208689527565713 0.091616440246289163 1.0000000180025095e-35 25.525000000000002 0.087904361996094485 0.0045977679477840058 0.44509433139251858 -0.22082408177225435 33.500000000000007 0.37381301103016262 20.500000000000004 0.373054070971159 0.4272268750862887 -0.022156949500494731 0.017318583362338973 3.5000000000000004 109.22500000000001 0.93356881054023499 27.500000000000004 0.029927964464043045 0.0045977679477840058 31.500000000000004 3.5000000000000004 0.32161658409355326 -0.25564928798861231 1.5000000000000002 1.0000000180025095e-35 24.500000000000004 1.5000000000000002 0.071042943647362841 0.49341712206090466 202.42500000000004 0.079980220560681783 -0.93712440082496296 0.21583836257812336 0.032638195862287785 0.079543622709242548 0.0011772244991274169 0.10935726490855696 116.97500000000001 14.500000000000002 0.052090615916521192 26.500000000000004 0.38325543429581982 0.28496303382529414
decision_type=2 2 2 2 8 10 2 2 2 2 2 2 2 10 8 2 2 2 2 2 2 10 2 2 2 2 10 2 10 10 10 10 2 2 10 2 10 2 2 2 10 10 2 2 2 2 8 2 2 10 10 10 10 10 2 2 2 2 10 2 2 10
left_child=8 2 4 5 7 11 24 23 13 17 -7 12 14 33 -4 16 34 19 -10 -8 -5 36 -9 -2 25 -3 -19 28 31 30 57 32 -20 -1 -6 45 37 -22 39 40 59 -21 48 44 -44 -24 -45 -16 49 -32 -50 -26 -53 -47 -35 -56 -17 -29 -59 -39 61 -11
right_child=1 6 3 20 15 10 9 22 18 60 -12 -13 -14 -15 47 56 -18 26 27 41 21 -23 35 -25 51 -27 -28 29 -30 -31 42 -33 -34 54 -36 -37 -38 38 -40 -41 -42 -43 43 46 -46 53 -48 -49 50 -51 -52 52 -54 -55 55 -57 -58 58 -60 -61 -62 -63
leaf_value=0.0079043930108099007 0.046576094922276136 0.03371292792707227 -0.023001939914194348 0.035340704774054495 0.049587651853320334 -0.044839525699218979 0.077665542727755915 0.022663342205007639 0.040399387645257773 -0.057754940786911284 0.054249114029322656 -0.031057460955150964 -0.021234403711156521 0.038147172406825511 0.057694323169798049 0.0081690895828396021 -0.030053543765827848 -0.058472687248448743 -0.0062697521362724594 0.042464957647177226 -0.054983043278180203 0.038328458683364985 -0.0063825889028112787 -0.025481115263057453 -0.055016821243049963 -0.045763089245114685 0.01193833753654017 0.052824930737165321 -0.05540031189468192 0.05132376416896435 0.033330719788538736 0.050320900284826088 0.055035931459445887 -0.053670223936192231 -0.012870576994517919 -0.010290268584100079 -0.047537160074157869 -0.0060523536523183763 0.043647586867210666 -0.06240154545965635 0.069982720119146649 -0.02872642931892419 0.06612258301356301 0.01708591870536608 -0.028463512991098328 -0.054698445125353837 -0.043008716049729313 0.03698427542018156 0.0019004544518322905 -0.011565088122019063 -0.049315682271161163 0.016272823463302132 -0.055176416384878607 -0.0091678561383923395 0.0041521685220235038 -0.027543007357070593 -0.046888149558486011 0.035251538457207326 -0.013013938257564648 -0.063348525362293309 -0.059733830595811777 0.020001154722213435
leaf_weight=247.35740293562412 84.736710995435715 47.531439304351807 43.775856152176857 46.154491826891899 261.67402999103069 142.53535959124565 71.958843171596527 37.220459595322609 529.61842782795429 44.236928388476372 40.534505560994148 46.278700366616249 51.603158786892891 115.20771183073521 758.08655193448067 44.099487900733948 47.948274746537209 41.998979702591896 284.64616274833679 54.591353550553322 79.152295634150505 40.105190277099609 56.777186870574951 47.380662366747856 819.96480949223042 73.611815854907036 97.934796690940857 182.6832496970892 69.888124942779541 245.70999856293201 71.313011720776558 107.17765371501446 49.358906477689743 65.873504400253296 40.939555928111076 98.790631249547005 298.54955816268921 50.653986215591431 65.950845167040825 85.546981275081635 39.216289266943932 40.776622205972672 129.51285995543003 58.758927404880524 45.709182783961296 779.84801305830479 60.631439507007599 343.28412544727325 50.696687206625938 97.910263299942017 79.076387509703636 44.105013206601143 65.648115247488022 39.798822015523911 119.02864246070385 225.13997428119183 56.393500104546547 167.20184406638145 44.104971408843994 40.358575135469437 107.90995207428932 40.872813671827316
leaf_count=1157 380 224 224 208 1292 771 313 176 2456 232 196 231 226 539 4012 201 238 223 1327 247 428 188 270 218 5509 429 439 854 352 1307 308 521 250 372 182 491 1672 268 281 529 173 206 705 252 212 4714 267 1701 236 455 376 232 390 200 547 1200 247 785 208 246 650 194
internal_value=-0.000265978 -0.0101275 -0.00035745 0.0141574 -0.0201136 0.0341499 -0.033857 -0.0356623 0.0169496 -0.00546556 -0.0228998 0.0425521 0.0453986 -0.00374342 0.0484012 0.0193412 0.0314006 0.017734 0.0239802 0.040254 -0.0240776 -0.0279979 -0.0430218 0.0207345 -0.0473732 -0.0145801 -0.00919445 0.0189951 0.00480032 0.0248772 0.0182974 0.0143368 0.00278994 -0.0110846 0.0411379 -0.0455288 -0.0320318 -0.0192044 -0.00915227 -0.0252903 -0.000912006 0.0120256 0.00522257 0.0192081 0.0414484 -0.0495008 -0.0134327 0.0512392 -0.00855792 0.00735462 -0.0293078 -0.0516462 -0.0264641 -0.0524877 -0.0225398 -0.0165814 -0.0227273 0.0379968 0.0251773 -0.0314597 -0.042396 -0.0204136
internal_weight=8365.14 5318.54 3767.39 2171.79 1595.61 1426.1 1551.14 1144.55 3046.61 500.28 183.07 1243.03 1196.75 772.607 1145.15 451.055 350.562 307.261 2274 167.327 745.688 699.534 1012.44 132.117 1050.86 121.143 139.934 1744.38 511.071 1233.31 987.599 441.183 334.005 657.4 302.614 975.215 659.429 360.879 281.727 215.776 130.229 95.368 593.609 294.612 175.222 876.424 119.39 1101.37 298.996 169.223 129.773 929.718 109.753 819.647 410.042 344.169 100.493 393.99 211.307 91.0126 193.02 85.1097
internal_count=43937 29251 19963 11354 8609 7361 9288 6449 14686 2504 967 6394 6163 3815 5937 2160 1712 1428 10871 766 3993 3785 5851 598 6784 653 662 8415 2450 5965 4658 2098 1577 3276 1474 5675 3597 1925 1497 1216 687 453 2811 1436 917 5184 519 5713 1375 763 612 6131 622 4914 2119 1747 448 1847 993 514 1076 426
is_linear=0
shrinkage=0.05


Tree=23
num_leaves=63
num_cat=0
split_feature=4 12 11 22 10 10 21 40 25 6 40 5 22 21 12 4 12 25 11 11 7 10 12 18 20 25 37 12 22 11 21 4 32 25 31 14 25 2 4 7 7 21 4 41 19 25 21 41 10 4 37 40 10 12 10 18 10 25 6 20 11 18
split_gain=515.926 310.259 563.378 627.061 397.867 220.552 214.099 150.877 150.812 130.924 101.194 114.606 88.4784 128.092 91.3336 88.0842 119.52 86.7452 72.8409 108.952 360.444 162.766 147.673 109.881 82.3919 66.3661 63.8802 69.0075 133.558 105.208 68.0398 63.5994 58.4891 56.4 52.5187 51.5984 51.1598 50.9384 51.4168 48.6483 47.3338 46.6856 119.064 44.5703 44.5438 43.5283 38.8812 38.1908 36.7689 35.6133 32.951 32.7948 61.7568 29.5386 39.0785 29.0903 28.6113 29.0717 28.4715 28.2712 26.6255 24.5599
threshold=397.52500000000003 24.500000000000004 1.5000000000000002 1.0000000180025095e-35 0.47655595686767177 0.60067260293796176 0.0010195018299908834 0.07438953748416717 777.50000000000011 0.49356632357405 0.0056489929804275684 0.12427255023707383 1.0000000180025095e-35 0.00053526076131943021 14.500000000000002 151.47500000000002 32.500000000000007 822.50000000000011 1.0000000180025095e-35 2.5000000000000004 0.29710482911529307 0.40177328062530893 27.500000000000004 0.0027795347149961462 32.224849462269297 782.50000000000011 21.130115934926476 14.500000000000002 1.0000000180025095e-35 1.0000000180025095e-35 0.0007233381849221502 623.07500000000016 0.096883534411511776 702.50000000000011 -0.24275287798743614 -0.15015860128908978 562.50000000000011 1.1232723310853681 115.72500000000001 0.18698043404975723 0.070962912883909643 0.001131353557237292 132.27500000000003 0.023754522353257732 -0.0050261828337804784 807.50000000000011 0.00057021603289711116 0.041199227338351484 0.33028025027343738 154.57500000000002 41.294420248090525 0.041349291553785431 0.32332063588653687 19.500000000000004 0.53527072577861667 0.0070909209737639598 0.13867347999564375 732.50000000000011 0.069826511307937045 36.306211444083225 2.5000000000000004 0.0015662271537487673
decision_type=2 2 2 2 10 10 10 10 2 10 8 8 2 10 2 2 2 2 2 2 10 10 2 10 10 2 10 2 2 2 10 2 10 2 10 2 2 10 2 8 8 10 2 10 10 2 8 8 8 2 10 10 10 2 10 10 8 2 10 8 2 10
left_child=1 2 4 5 7 9 43 10 -8 36 -1 26 13 47 32 16 18 49 -3 20 22 23 -20 48 -24 -25 27 28 33 30 -30 46 -14 -12 -15 -11 -4 38 -6 -29 -17 50 -43 -5 -45 56 -2 -13 -21 -7 -38 52 59 -40 -55 58 57 60 -9 -48 -46 -10
right_child=31 15 3 6 37 17 8 55 61 35 11 12 14 34 -16 40 -18 -19 19 21 -22 -23 24 25 -26 -27 -28 39 29 -31 -32 -33 -34 -35 -36 -37 41 -39 53 -41 -42 42 -44 44 45 -47 51 -49 -50 -51 -52 -53 -54 54 -56 -57 -58 -59 -60 -61 -62 -63
leaf_value=0.061776589015480624 -0.046440205623543895 -0.058039211469868415 -0.0010375467107837566 0.0052921777113819988 0.060631348188490732 0.05523688939157833 -0.048960189423656424 0.045028843928789253 0.060104542418278534 0.027175291511544349 0.011554776527397689 0.042320805380663573 0.049480497733192116 0.020008797132785475 -0.035043126980386419 0.0013363072302471719 0.050919445352580542 -0.045278489891046103 -0.049031545503112145 -0.051017258089669608 0.071606783277419636 0.047695917500141502 -0.022566752609901045 -0.021238909045901918 0.071330401356089798 0.060331263799625071 -0.059324572444101033 -0.0035470365992613037 0.076578906461460566 -0.036346097606558818 0.012325361470833246 -0.051166657570855305 -0.0074968617864313893 -0.05152263529160344 -0.040312563120312402 -0.052509358891044258 0.055851529788430256 -0.017962659533297572 0.044634372925739955 -0.043121073088296401 -0.052529588715753653 0.063465928653876125 -0.053821476747400149 0.014493932413282519 -0.014181717458952414 -0.068054832275018559 0.0094450653606243939 -0.014210712990046627 -0.020707148122389274 -0.0066599386569125537 0.011265233555995992 -0.0372625877531969 0.028017634913867436 0.027962559225261703 -0.026052934323645471 0.049544832108376624 -0.063907665388681353 0.0085645493747191232 -0.0017305606279027612 -0.024946050646829573 -0.047987028685043183 0.017644862867492644
leaf_weight=38.591178551316261 160.51313325762749 85.545088484883308 45.938414931297302 91.00023378431797 177.74996212124825 45.743201911449432 48.367861121892929 45.806762531399727 143.51415242254734 39.315034121274948 43.612551718950272 90.899527624249458 154.66347385942936 40.752527758479118 63.991681531071663 50.879495397210121 76.419723689556122 88.940661534667015 191.63505864143372 334.49687860906124 151.23139786720276 72.185041949152946 43.801257520914078 55.334512487053871 50.067029803991318 45.390487387776375 155.30361965298653 92.295197904109955 58.232997313141823 81.420639485120773 140.86885918676853 285.60495954751968 63.547607958316803 189.07318663597107 314.96466831862926 42.037908613681793 1460.6751766055822 42.100131571292877 126.36386594176292 489.68000291287899 205.52960300445557 55.44449919462204 35.487754583358765 44.975220754742622 115.3477538228035 93.238718792796135 69.977169081568718 44.50206284224987 142.75966393947601 47.236324578523636 42.648622632026672 189.88248290121555 78.128536060452461 116.58897222578526 46.975714936852455 75.318930581212044 51.355471283197403 57.072699457406998 112.52718146145344 409.17593243718147 117.66059476137161 44.654463529586792
leaf_count=166 1052 457 208 506 954 212 258 202 650 207 227 414 732 190 345 239 314 510 1062 1872 663 347 214 272 213 194 860 478 270 454 691 1877 313 1088 1718 210 7909 191 675 2815 1154 316 198 208 633 527 358 201 712 213 206 1055 361 570 211 371 284 274 548 2367 635 205
internal_value=-0.000192867 0.00497257 0.0104627 0.0267194 -0.00524251 0.0423798 -0.0102101 -0.0141142 0.0297868 0.0479125 -0.0184283 -0.0199577 -0.00482741 -0.0176476 0.0174837 -0.0151476 -0.00966713 -0.00997678 -0.0136161 -0.0101198 0.00919524 -0.0230942 -0.0238642 -0.0319353 0.0275157 0.0155197 -0.0293146 -0.025059 -0.0116936 0.0115369 0.0311181 -0.0305884 0.0328875 -0.0397 -0.0334019 -0.0140006 0.0509833 0.0347159 0.039458 -0.036845 -0.0418409 0.0524823 0.0176927 -0.0267889 -0.0328754 -0.0377766 -0.0241134 0.0237407 -0.0419507 0.0237915 0.0545866 -0.0193169 -0.0132023 0.026477 0.0124493 0.0239653 -0.0295083 -0.0234183 0.0117972 -0.0199235 -0.0312521 0.0500284
internal_weight=8215.04 7021.76 5516.49 2710.65 2805.83 1903.47 807.187 2296.05 236.536 1721.55 2062.4 2023.81 773.322 491.119 282.203 1505.28 1248.87 181.92 1172.45 1086.9 436.735 650.167 285.503 577.982 93.8683 100.725 1250.49 1095.18 513.208 280.522 199.102 1193.28 218.211 232.686 355.717 81.3529 1640.19 509.779 467.679 581.975 256.409 1594.26 90.9323 570.651 479.65 434.675 907.677 135.402 477.257 92.9795 1503.32 747.164 557.282 289.929 163.565 233.653 341.437 290.081 158.334 479.153 233.008 188.169
internal_count=43836 36766 29053 14369 14684 10189 4180 12083 1113 9254 10962 10796 3913 2523 1390 7713 6320 935 6006 5549 2152 3397 1489 3050 427 466 6883 6023 2730 1415 961 7070 1045 1315 1908 417 8837 2601 2410 3293 1393 8629 514 3067 2561 2353 5193 615 2584 425 8115 4141 3086 1456 781 1121 1826 1542 750 2725 1268 855
is_linear=0
shrinkage=0.05


Tree=24
num_leaves=63
num_cat=0
split_feature=29 4 41 11 26 10 29 22 41 10 16 0 4 11 10 21 21 26 29 1 4 32 21 22 4 0 22 11 21 10 11 0 10 1 34 17 40 16 29 1 4 41 4 10 37 11 4 0 34 29 4 2 21 21 34 1 14 26 1 21 10 11
split_gain=525.267 473.741 216.124 244.677 150.441 137.028 111.873 111.629 111.007 142.939 114.112 108.836 97.9959 97.3559 126.733 119.466 97.2541 84.0735 83.6902 102.381 106.475 77.8153 87.8003 77.497 70.2924 66.1106 63.952 161.761 134.415 60.421 60.0374 71.2559 58.9034 58.1498 63.3208 58.2611 54.453 50.4269 50.3974 49.606 44.0001 90.2319 52.0457 43.8837 75.1437 100.868 55.0466 42.1455 58.0578 41.9339 41.8162 41.492 41.0564 41.0928 34.5837 34.0615 52.3263 32.9026 35.6494 40.0716 43.2181 63.1246
threshold=0.18449740625081368 282.12500000000006 0.089118621510165863 1.5000000000000002 0.01130306010759107 0.4843393248729182 0.44304260361860009 1.0000000180025095e-35 0.040296601849379929 0.64006072471970277 -0.24800135775782395 0.019172508921893143 82.425000000000026 1.5000000000000002 0.48788499850143691 0.001131353557237292 0.00036269713125871179 -0.0020181657116088141 0.3436508672603088 46.500000000000007 485.02500000000003 0.28164355357154186 0.00093917623343520325 1.0000000180025095e-35 20.575000000000006 0.024982877940570969 1.0000000180025095e-35 1.0000000180025095e-35 0.00057860872499656093 0.40512918086082139 3.5000000000000004 0.015610652419001258 0.22598761465899006 19.500000000000004 0.38406066367092989 0.0203724287069879 0.010093838191150329 0.004278589266068865 0.44916796409453724 56.500000000000007 122.77500000000002 0.035180338741912918 225.02500000000003 0.47655595686767177 -0.62335137448721833 2.5000000000000004 79.575000000000003 0.073689008066831138 1.200055279159757 0.40197380103993369 114.37500000000001 -0.19463633651091442 0.00084991904341544765 0.00053526076131943021 -0.069369052160050113 42.500000000000007 0.091408713970518904 -0.019779800137208654 45.500000000000007 0.0007773214026626751 0.15036924263244794 2.5000000000000004
decision_type=2 2 10 2 2 10 2 2 10 8 10 2 2 2 10 8 8 2 2 2 2 10 8 2 2 2 2 2 8 10 2 2 10 2 10 10 10 10 2 2 2 10 2 10 8 2 2 2 10 2 2 8 10 8 10 2 2 2 2 10 8 2
left_child=11 2 3 5 8 6 16 13 24 10 -10 32 23 29 15 49 -2 18 19 20 -9 22 26 -6 -5 -12 28 54 37 -3 40 -32 50 34 35 52 -8 -18 -7 -33 41 -14 -42 44 -35 46 -46 48 -4 -15 -1 -52 53 -13 -28 -48 -57 -26 59 60 61 -59
right_child=1 7 47 4 12 38 36 17 9 -11 25 33 30 14 -16 -17 21 -19 -20 -21 -22 -23 -24 -25 57 -27 27 -29 -30 -31 31 39 -34 43 -36 -37 -38 -39 -40 -41 42 -43 -44 -45 45 -47 55 -49 -50 -51 51 -53 -54 -55 -56 56 -58 58 -60 -61 -62 -63
leaf_value=0.014464931586189989 -0.050711379788117128 -0.048294882439210429 0.053722486776629289 0.056329739123491707 0.058983561420455258 0.046875335375938326 0.020435789354587897 0.070190779993925964 -0.043060420916020498 -0.026961567085566591 0.0022898320032781892 0.032812723039185136 0.054745809107354361 0.066760889902320666 -0.051284132962899923 -0.049400816479979182 0.030392711407411666 -0.056831682317456868 -0.046102798540336921 -0.056384005669132264 -0.021532503954844125 -0.049580981808167286 0.025880217592272076 -0.013805185810021792 -0.042426468046150606 0.04610204931189759 0.01834084417575247 -0.065643250909676112 -0.048991912430109599 0.0058142674817690575 -0.032796184660171319 0.043033827723331253 0.039941818902469763 0.040337994679038564 -0.036446837198081478 0.057007817294535391 -0.046060901754580719 -0.024919265115135539 -0.0076700641197101687 -0.02077943712391709 -0.049010906164841508 -0.037708905900568836 0.0026926647289167616 0.058169296112221984 0.044231827428521636 0.056114858513002686 -0.04295616936504567 0.0033815758957056359 -0.0082469869979310204 0.018388063532235294 0.0090045463351133316 -0.026187670091452731 0.047325369445185096 -0.013662364606459008 0.079745248565859184 0.032322907145516805 -0.035647815531769253 0.017521541989229637 -0.01942808891305832 0.047521385852922787 0.020080712262495391 -0.044354176829839442
leaf_weight=236.7375086992979 143.97490921616554 222.06004969775677 260.37245871126652 52.700020775198936 82.426066160202026 101.93271026015282 32.930682212114334 62.762535408139229 43.63521820306778 103.8181379288435 99.606343939900398 67.238236397504807 42.552241995930672 87.621269777417183 75.009027063846588 44.621558263897896 111.75998139381409 498.60027117282152 237.95187442749739 57.756636157631874 63.803597688674927 92.002023264765739 217.46780815720558 65.726579576730728 50.726015716791153 635.15519115328789 39.687433242797852 40.566491365432739 212.44490639865398 67.207173272967339 90.538530573248863 100.90340881049633 98.603265017271042 612.42692382633686 57.349181339144707 82.656915009021759 472.84305186569691 65.272526994347572 72.445153176784515 43.619812369346619 253.72773805260658 69.481181979179382 60.225563406944275 162.45002849400043 43.731403678655624 88.605719819664955 79.646971136331558 77.273684978485107 44.214096218347549 91.680833965539932 135.93371230363846 218.19514481723309 57.057325109839439 162.53654690086842 54.308840706944466 58.999724268913269 54.443236038088799 75.282081216573715 169.36262202262878 55.237674847245216 159.28224986791611 91.097432613372803
leaf_count=1102 832 1394 1414 298 447 544 164 279 230 549 555 315 185 413 400 257 519 3540 1580 342 385 514 1021 320 260 3499 207 238 1223 312 541 548 475 2896 289 411 2892 333 325 229 1506 372 327 897 191 493 364 393 220 403 653 1131 296 728 246 267 253 426 926 251 823 544
internal_value=-9.30015e-05 -0.00789658 0.000419863 -0.00300884 0.00738442 -0.0177125 -0.0226416 -0.0320599 0.0165766 0.0281473 0.0354974 0.0206557 -0.0100628 -0.0150446 0.00496564 0.023808 -0.0127641 -0.0429283 -0.0265119 -0.00122096 0.0239519 -0.0062093 -0.000827996 0.0266915 0.000960763 0.0401627 -0.0119115 0.0178048 -0.0221783 -0.0357234 -0.0183 0.00198478 0.00416666 0.0281001 0.0124351 0.0200222 -0.0417313 0.00999899 0.0242145 0.0237738 -0.0294933 -0.002593 -0.0390926 0.0341769 0.0300211 0.0106056 -0.0064215 0.0363602 0.0447269 0.0420269 -0.00180347 -0.012679 0.009364 -6.25131e-05 0.0538189 -0.0178936 -0.000297417 -0.00389449 -0.000342407 0.00814383 0.00146473 -0.0163571
internal_weight=8110.29 5893.68 4384.6 4002.74 2345.1 1657.64 1483.26 1509.07 1535.9 882.215 778.397 2216.61 809.201 588.2 298.933 223.924 977.485 920.875 422.275 184.323 126.566 833.51 741.508 148.153 653.688 734.762 524.04 134.563 389.477 289.267 661.048 235.062 689.47 1527.14 426.838 369.489 505.774 177.033 174.378 144.523 425.987 112.033 313.953 1100.3 937.854 325.427 236.821 381.86 304.587 179.302 590.866 354.129 286.832 229.775 93.9963 193.09 113.443 600.988 550.262 380.899 325.662 166.38
internal_count=43987 33226 23921 21894 12836 9058 8189 9305 8361 4833 4284 10761 4475 3179 1473 1073 5133 6126 2586 1006 664 4301 3787 767 3528 4054 2766 691 2075 1706 3708 1318 3361 7400 2039 1750 3056 852 869 777 2390 557 1833 5361 4464 1568 1075 2027 1634 816 2886 1784 1339 1043 453 884 520 3230 2970 2044 1793 970
is_linear=0
shrinkage=0.05


Tree=25
num_leaves=63
num_cat=0
split_feature=4 10 1 34 11 11 11 0 0 0 22 11 7 20 11 1 11 10 40 1 41 34 1 4 1 4 1 34 10 22 6 40 40 17 7 34 34 10 10 5 13 20 10 10 40 7 11 20 1 4 4 1 16 20 37 7 37 10 34 1 27 1
split_gain=419.464 270.075 221.611 239.912 196.666 187.106 229.13 156.451 140.954 132.925 212.819 227.969 141.259 127.812 122.04 205.717 113.596 141.385 151.11 101.677 95.3086 81.7539 78.2918 74.0329 66.8565 66.8119 66.044 60.2505 57.7271 57.6548 53.2747 61.7323 54.7474 60.417 52.7737 50.1698 48.9981 48.7577 46.0031 45.6921 44.3973 42.4502 70.9043 40.9545 66.7536 41.6783 39.9562 39.2413 35.8391 35.7731 34.559 30.5348 91.6633 52.09 30.0594 51.2634 35.8064 27.4263 27.0728 28.5642 26.1137 25.4605
threshold=397.52500000000003 0.39059569480670325 22.500000000000004 0.373054070971159 1.5000000000000002 2.5000000000000004 1.0000000180025095e-35 0.058953026307910848 0.071724360922351571 0.010793726608825343 1.0000000180025095e-35 2.5000000000000004 0.27236603117944086 41.094321718346414 2.5000000000000004 38.500000000000007 3.5000000000000004 0.071042943647362841 0.051399043624113058 71.500000000000014 0.061220983177688017 0.40644845897155329 33.500000000000007 25.525000000000002 20.500000000000004 590.60000000000002 63.500000000000007 -0.15846120277622514 0.19801601719805012 1.0000000180025095e-35 0.012022273612463505 0.015891229497628296 0.044449071772937082 -0.036085397970117263 0.5707072335130029 -0.24697984400590248 -0.27212610538411569 0.25720831743982486 0.1818181818181818 0.018958107433082787 0.025160806499501986 53.782910267246102 0.20210279382504601 0.2442723113793788 0.039713493117141306 0.63177121386076618 1.5000000000000002 40.712777149510664 55.500000000000007 169.67500000000004 68.325000000000003 9.5000000000000018 -0.03197629444582057 42.061370430735941 -4.3741503841520784 0.12062335371005414 -65.623327648555644 0.055882352941176515 0.32145192631067604 39.500000000000007 1.2861003861003864 67.500000000000014
decision_type=2 10 2 10 2 2 2 2 2 2 2 2 10 10 2 2 2 8 10 2 10 8 2 2 2 2 2 10 10 2 8 8 10 8 10 8 10 10 8 10 2 8 10 10 10 10 2 8 2 2 2 2 8 10 8 10 10 10 10 2 10 2
left_child=1 4 3 39 8 6 7 49 30 23 11 12 13 -11 22 27 21 18 -18 -14 26 -13 -12 -6 -23 43 -19 50 -10 36 41 -32 33 48 37 -17 -30 51 -15 -3 -39 42 -1 45 46 -2 -45 -25 -33 -4 -16 52 -35 -53 55 56 -49 -54 59 -34 -61 -55
right_child=25 2 5 -5 9 -7 -8 -9 28 10 14 16 19 38 15 35 17 20 -20 -21 -22 24 -24 47 -26 -27 -28 -29 29 -31 31 32 58 34 -36 -37 -38 40 -40 -41 -42 -43 -44 44 -46 -47 -48 54 -50 -51 -52 53 57 61 -56 -57 -58 -59 -60 60 -62 -63
leaf_value=0.055473926304128889 -0.031204563966161294 -0.012689814242000106 0.056321537859438553 -0.045995397477209626 0.046246526547167266 0.055069168687957887 -0.067484719173275406 -0.04402823301918956 0.042076836540345032 0.06239245596023088 -0.066849151032550333 -0.036724631850451731 0.060115774386687221 0.0048882497754770063 -9.2544581096233469e-05 -0.047335346833311781 -0.046681291500453276 0.052450900890403218 0.055869329667555971 -0.018900130985889264 -0.035051294141089838 -0.026070137182377454 -0.011451166856291207 0.011190815731660107 0.061506398593562217 -0.047450008588847466 -0.016750945333356485 -0.018415272762986792 0.013787705444481567 0.032710956297585116 -0.05225927797413954 -0.00099641078577001165 -0.03983614333589984 0.044934128174439897 -0.052882751010724476 0.012569985602156816 -0.046268856478765795 0.042124422212108978 -0.049223495024622879 0.0416761807824211 -0.019308359729662994 -0.038499909404880538 -0.0084054849158690121 -0.012022180433348758 -0.034305874841801358 0.025904265810996027 0.042876772703981388 -0.02641052852808385 0.041849967530369937 0.023586256769297237 0.048322482330867896 0.0023139216524722442 0.0016433134847057417 -0.036910142980462433 -0.047462335924401168 -0.0412202523575734 0.03483325814129426 -0.050714496750092923 -0.059483846094141424 -0.0078035984383529036 -0.05128083977639504 0.0048419298373609558
leaf_weight=72.06254818290472 545.22005917131901 50.102586358785629 181.52831688523293 205.0861994177103 42.35280904173851 569.01840336620808 75.235064134001732 63.993106991052628 141.63827548921108 76.771680623292923 120.44783507287502 216.7250412106514 546.11257837712765 104.02517065405846 44.449457719922066 160.24610491096973 131.11948888003826 293.0255419164896 49.476474806666374 43.99259115755558 42.697051763534546 40.955421775579453 135.55401479452848 69.576962411403656 46.575642228126526 327.79974893480539 39.075312465429306 53.036954797804356 62.229914307594299 88.934047386050224 132.66883827000856 156.67577452212572 202.69008836150169 70.103038027882576 89.551682241261005 44.699458062648773 74.766901507973671 71.354284428060055 63.10414707660675 169.04576189815998 50.031673207879066 42.593053236603737 109.3687199652195 57.42622397094965 99.114573009312153 33.936569906771183 78.38005793094635 41.688700959086418 70.887506119906902 154.47887685149908 215.83612421900034 145.48872276395559 42.529356859624386 357.47919795662165 143.91562859714031 109.27768778800964 55.823605313897133 60.723856888711452 68.518026888370514 216.38059850037098 41.09652853757143 40.667133182287216
leaf_count=318 3409 235 1033 1144 218 3184 375 337 684 406 698 1164 3074 533 205 878 754 1602 276 207 207 207 760 350 219 2242 193 299 311 406 802 800 1158 336 520 245 411 344 370 881 270 236 544 305 551 163 360 221 345 802 1000 767 234 2095 791 661 282 350 424 1129 223 202
internal_value=-0.000346671 0.00435733 0.0233468 -0.00712726 -0.000865722 0.0357271 0.0125681 0.0276251 -0.0114512 0.00783383 0.0124444 0.0223719 0.0409958 0.00898835 -0.00927143 0.00468001 0.00430355 0.0177562 -0.0185863 0.0542251 0.0352679 -0.0202532 -0.0375157 -0.016761 0.0205297 -0.0283903 0.0443085 0.0301572 0.017051 0.00136213 -0.0165846 -0.0194213 -0.0168345 -0.0107367 -0.0163986 -0.0342698 -0.0189886 -0.0125015 -0.0155431 0.0292468 0.0168037 0.00642103 0.0169667 -0.0207157 -0.00310707 -0.0278582 0.0196625 -0.0231104 0.0123505 0.0412715 0.0400546 -0.0174629 0.000809478 -0.0232896 -0.0299155 -0.0177037 0.00865016 -0.0291486 -0.0301618 -0.0257958 -0.0147431 -0.0326455
internal_weight=7949.37 6807.49 1468.49 424.235 5339 1044.25 475.235 400 2408.44 2930.56 2467.93 1693.66 834.006 243.901 774.27 518.268 859.65 555.394 180.596 590.105 374.798 304.256 256.002 462.635 87.5311 1141.88 332.101 313.323 367.569 225.931 2040.87 1816.85 1684.18 1155.49 927.929 204.946 136.997 838.377 167.129 219.148 121.386 224.024 181.431 814.077 234.921 579.157 135.806 420.283 227.563 336.007 260.286 716.991 173.356 543.635 350.706 206.79 97.5123 103.253 528.685 460.167 257.477 398.146
internal_count=43750 36720 7991 2260 28729 5731 2547 2172 12909 15820 13297 9212 4590 1309 4085 2627 4622 3032 1030 3281 2002 1590 1458 2523 426 7030 1795 1504 1812 1128 11097 9999 9197 6263 5118 1123 722 4598 903 1116 614 1098 862 4788 1216 3572 665 2305 1145 1835 1205 3984 920 3064 1955 1164 503 584 2934 2510 1352 2297
is_linear=0
shrinkage=0.05


Tree=26
num_leaves=63
num_cat=0
split_feature=29 4 10 11 12 1 34 26 29 0 0 21 41 39 10 21 10 18 21 11 4 41 18 11 21 1 34 10 20 1 26 39 12 20 18 10 37 11 4 37 11 18 9 29 12 11 1 4 13 20 1 11 4 18 36 11 12 21 37 12 18 29
split_gain=514.073 403.823 221.361 253.469 421.287 220.496 187.931 141.726 124.682 96.1047 93.1565 85.8383 78.8445 75.3202 69.1537 67.3323 66.1325 64.3853 62.4669 116.989 61.9891 68.3923 60.1906 68.0676 86.328 54.491 60.6587 52.1433 51.9161 50.7387 48.1928 45.9628 45.5268 49.6714 44.9049 44.7824 67.7612 82.5879 46.9642 43.3933 59.56 46.8453 51.3803 42.2471 41.9613 177.579 41.6854 38.1507 41.3535 39.3835 37.8702 109.849 36.1133 39.3671 35.9028 35.7725 35.321 34.7959 40.4934 37.7289 34.72 33.1738
threshold=0.18642260477297054 331.12500000000006 0.42004222115096873 1.5000000000000002 24.500000000000004 22.500000000000004 0.36062131965202765 1.0000000180025095e-35 0.43871178836706365 0.063352682986067929 0.019172508921893143 0.00044515280506386918 0.040296601849379929 0.054988616041777051 0.22598761465899006 0.00074357879551946026 0.19801601719805012 0.00071743849078109722 0.0017370826834338484 2.5000000000000004 25.525000000000002 0.032641966555090572 0.0023926134548620808 3.5000000000000004 0.00038993681660104965 19.500000000000004 0.373054070971159 0.21851197274868492 47.82492294262169 66.500000000000014 0.017963673017191012 1.0000000180025095e-35 27.500000000000004 53.782910267246102 -0.0082220610274075217 0.47655595686767177 1.0000000180025095e-35 2.5000000000000004 80.325000000000003 4.8092409984158389 2.5000000000000004 -0.00065322519853955308 0.064399381518222332 0.38518307889363673 14.500000000000002 1.0000000180025095e-35 35.500000000000007 98.375000000000014 -0.0082177634817378591 46.599791002645311 35.500000000000007 2.5000000000000004 110.27500000000002 -0.0046749780428207424 50.778165892552451 2.5000000000000004 19.500000000000004 0.00068256481223107914 -2.6498059708084836 14.500000000000002 -0.0091042627995783203 0.45968303832328578
decision_type=2 2 10 2 2 2 10 2 2 2 2 8 8 10 10 10 10 10 10 2 2 10 8 2 10 2 10 10 8 2 2 10 2 8 8 10 10 2 2 10 2 8 10 2 2 2 2 2 2 10 2 2 2 8 10 2 2 10 10 2 8 2
left_child=10 2 3 8 7 6 56 29 9 17 27 -9 34 -7 60 43 -11 32 19 -15 -6 22 23 24 -22 26 39 47 30 52 46 -10 33 57 -13 36 44 38 -38 40 41 -12 -43 -16 55 -46 -14 49 -49 -1 -17 -52 -5 -54 -30 -27 -4 -2 59 -59 -3 -36
right_child=1 14 5 4 20 13 -8 11 31 16 25 12 28 18 15 50 -18 -19 -20 -21 21 -23 -24 -25 -26 35 -28 -29 54 -31 -32 -33 -34 -35 61 -37 37 -39 -40 -41 -42 42 -44 -45 45 -47 -48 48 -50 -51 51 -53 53 -55 -56 -57 -58 58 -60 -61 -62 -63
leaf_value=0.04478934668531457 -0.035814821646696325 -0.0031844218222765366 0.047428696606058619 0.057196837060506905 0.027068913189318474 0.049733026311141265 -0.058987401142090723 0.045086989295617032 0.012954112296594237 0.049339671189486817 -0.051214177473578031 0.036956918975867739 0.052640679607881574 -0.073203372188829399 0.045641437794020939 -0.054882634742531404 -0.0047531062772032985 -0.040430621376353192 0.04639149046461892 0.02401929041031425 0.039584224752949218 -0.0512310291138399 0.022020244774683125 -0.053802684242383048 -0.02932142568832475 0.061052214094541771 -0.036156506002921994 0.037316180397128189 0.048352284210851922 -0.0043872537394869853 -0.04385953357023728 -0.044899154003236741 0.030287916145992827 0.02153923090337051 -0.008810908833225729 0.057927377388574425 0.041151020800056441 0.053293211948480995 -0.01653941561809243 0.049705422762391344 0.043983036709066413 0.041724666953648626 -0.018607392861299508 -0.01425896209162552 -0.065357728884917518 0.041044192017952709 -0.015279781267263912 0.011321562800454781 -0.022751016175898895 -0.00011337840189907603 -0.044209903927179356 0.054400374748187458 0.060579500720010761 -0.002042641301542338 -0.0061640006803227558 0.014926654160785119 -0.004125440125421642 0.043436234472049501 -0.034848324156723363 -0.017728029249718179 -0.046448899583667193 -0.042645563328849057
leaf_weight=77.691192358732224 219.03949469327927 49.619566053152084 74.707255229353905 322.58679114282131 51.548848450183868 402.86243009567261 135.07358982414007 138.60870209336281 36.75871804356575 92.012155249714851 44.124223381280899 38.987080782651901 44.597670674324036 45.038093626499176 55.633211739361286 103.9293249770999 146.41631995141506 260.78290748596191 91.717083051800728 98.862157762050629 64.106054395437241 240.47522635757923 77.217435732483864 140.57693383097649 156.23523806035519 233.33488263189793 56.44371198117733 107.23414470255375 148.06429041922092 49.82686111330986 47.757042467594147 519.8866186439991 61.72008477896452 76.138287596404552 223.48274846374989 157.47279226779938 43.645423546433449 81.057996153831482 184.00287994742393 89.854045361280441 86.539141833782196 62.563922062516212 80.947358176112175 62.510794579982758 45.358136385679245 289.44777025282383 45.779102727770805 142.18986435234547 238.28975428640842 131.46343767642975 94.405868545174599 40.296608865261078 42.192742094397545 61.938405647873878 37.939019307494164 51.270814582705498 59.831672519445419 53.336471676826477 70.460006363689899 47.815465681254864 708.53892362117767 107.19454547017813
leaf_count=347 1234 286 401 1921 240 2301 793 823 180 440 208 179 231 230 278 607 743 1529 496 501 282 1430 384 900 908 1136 296 521 830 249 260 3298 291 374 1242 913 192 479 857 454 444 280 372 318 208 1415 248 678 1261 639 601 184 210 335 190 224 281 255 430 256 5083 644
internal_value=-0.000125562 -0.00811789 -0.00148542 -0.00701761 0.00463911 0.0205892 -0.0173256 0.0216131 -0.0220201 -0.0116973 0.0203602 0.00916469 0.00198808 0.0365996 -0.0350751 -0.0169227 0.0161219 -0.0201009 0.0141439 -0.00640959 -0.0257902 -0.0298055 -0.0180458 -0.0266179 -0.00927403 0.0273543 0.0120725 0.00524472 0.0199883 0.0433576 -0.00323197 -0.0410787 -0.0100696 -0.0154058 -0.0137953 0.0332733 0.0290902 0.00995313 -0.00547883 0.0195505 0.00966795 -0.00615846 0.00769444 0.0139477 0.0386279 0.0266293 0.0182365 -0.000587975 -0.0100177 0.0165659 -0.0322063 -0.0147104 0.0489327 0.0233311 0.0372326 0.0527428 0.0245017 -0.0226064 -0.00574757 0.0145233 -0.0436173 -0.019779
internal_weight=7849.44 5646.51 4531.57 3623.48 2039.11 908.092 269.613 1308.96 1584.37 1027.72 2202.93 832.41 693.802 638.48 1114.93 356.776 238.428 789.293 235.617 143.9 730.16 678.611 438.136 360.918 220.341 1506.06 420.472 696.868 324.137 476.545 138.134 556.645 528.51 466.79 369.664 1085.59 928.118 308.706 227.648 364.029 274.175 187.636 143.511 118.144 619.412 334.806 90.3768 589.634 380.48 209.155 238.632 134.702 426.718 104.131 186.003 284.606 134.539 390.651 171.612 101.152 758.158 330.677
internal_count=43820 32896 25539 20536 11506 5003 1475 7362 9030 5552 10924 4647 3824 3528 7357 1988 1183 4369 1227 731 4144 3904 2474 2090 1190 7478 2054 3446 1759 2715 739 3478 2840 2549 2065 5424 4511 1528 1049 1758 1304 860 652 596 2983 1623 479 2925 1939 986 1392 785 2466 545 1020 1360 682 2175 941 511 5369 1886
is_linear=0
shrinkage=0.05


Tree=27
num_leaves=63
num_cat=0
split_feature=29 22 11 4 10 10 0 11 1 34 10 0 29 0 20 1 21 1 29 7 37 32 29 1 32 34 20 7 19 18 34 1 1 7 11 10 10 20 21 19 0 10 21 11 29 20 29 7 37 0 21 37 0 32 11 22 11 22 11 4 26 21
split_gain=520.742 283.331 243.32 236.376 153.794 152.421 122.409 129.122 119.886 169.49 116.51 95.3927 76.739 76.1064 75.1452 101.834 101.824 73.6891 71.8167 65.0846 64.4842 59.7319 59.6702 58.4755 48.0308 46.9954 64.4741 64.7346 60.7604 49.8491 70.0037 53.6375 52.4604 46.8916 77.2851 69.58 67.6721 45.4754 41.353 41.2423 44.4121 38.8453 41.2783 38.114 37.2249 37.156 36.7128 36.2217 34.4027 33.7255 32.5605 52.8233 32.431 31.1471 30.8716 124.898 90.7354 30.5101 33.6473 30.1606 33.071 29.7546
threshold=0.37911381268305572 1.0000000180025095e-35 1.5000000000000002 431.05000000000007 0.41654975650548481 0.50971578488502545 0.02809611517293949 1.0000000180025095e-35 19.500000000000004 0.36062131965202765 0.5674835806952826 0.015415392131879735 0.17818424647431 0.04796157887159979 42.254081081229096 70.500000000000014 0.001131353557237292 43.500000000000007 0.15654981248095956 0.42158894428144283 38.466761729090194 -0.42599498116811729 0.11562655076329355 15.500000000000002 0.069077822487337084 0.090977422873397065 47.991039913458955 0.19990910991683367 4.2923503583036655e-05 -0.0073964915476310558 -0.11874945639362704 27.500000000000004 51.500000000000007 0.31861875620122337 2.5000000000000004 0.072661733587943839 0.10366680234218449 51.410843649225761 0.00081430014256566165 -0.0009258872963515129 0.040705162245696862 0.21851197274868492 0.0010256050219386965 2.5000000000000004 0.5481127322933802 50.094457467091331 0.48710164592414479 0.33676635147246786 -41.535233645863023 0.0039990106498227467 0.00044006716317366494 -9.1158896250263606 0.021886680657153722 0.058108158641285941 1.5000000000000002 1.0000000180025095e-35 1.0000000180025095e-35 1.0000000180025095e-35 2.5000000000000004 590.60000000000002 -0.0064585743180087746 0.00080286336505340581
decision_type=2 2 2 2 10 8 2 2 2 10 8 2 2 2 8 2 10 2 2 8 10 10 2 2 8 10 8 8 8 10 8 2 2 8 2 8 8 10 10 10 2 10 8 2 2 10 2 10 10 2 8 8 2 8 2 2 2 2 2 2 2 8
left_child=3 2 5 4 6 21 7 19 9 -6 11 43 50 -3 -13 16 39 24 59 45 -12 -2 -8 -7 46 26 29 -28 -27 32 -31 -32 -24 -14 36 -36 -35 47 54 -16 -41 52 -43 -4 -25 -1 -15 -10 -23 -37 -9 -52 -20 -40 55 56 -29 58 -56 60 -5 -30
right_child=1 13 10 18 8 23 22 12 37 -11 20 14 33 17 15 -17 -18 -19 41 -21 -22 48 25 44 -26 28 27 38 61 30 31 -33 -34 34 35 49 -38 -39 53 40 -42 42 -44 -45 -46 -47 -48 -49 -50 -51 51 -53 -54 -55 57 -57 -58 -59 -60 -61 -62 -63
leaf_value=0.037961887833961941 0.024802742611584584 -0.053014474154603121 0.011288238090783241 0.05155424520294808 0.050241139063106635 -0.03637022363642433 0.034526149386823725 0.037917262096195718 0.054397579404283851 -0.04371197230769279 -0.004627917376931241 0.044775427516383075 -0.020324280100044275 0.041540517140759917 -0.0074992078485670438 -0.067618595306492141 -0.062987922553723333 -0.05531495076442549 -0.050883818568048869 -0.050157593583053051 -0.055760938353993997 -0.0092246405144742836 0.06582143428483242 0.037043106953452552 -0.047847180045038074 0.019348165959250284 -0.019907791543855465 -0.056760604791579773 -0.0025477921091917833 -0.024165066385827536 -0.018486831354954793 0.047187453804504731 -0.0002545015636521708 0.057720784103729474 -0.047031173043594651 -0.031401063218654678 -0.010438242457649847 -0.0082971708003621598 0.055978331447089129 0.017089197696041683 0.052185799394390713 0.016915668303107829 -0.04533869510873588 -0.038947349253603721 -0.016201158252958866 -0.024036465310867044 -0.011624285155456812 0.0013094696735928037 -0.048085532432094021 0.022118147205524675 0.030133209320079114 -0.0093682647223308196 -0.0041574648276364303 0.0064479170654430061 0.060914640335309356 0.065360440557396135 0.019887668667322517 0.00021195238486630664 0.012565489701344679 -0.023213817114768179 0.00094601074679486689 -0.043705150672876121
leaf_weight=39.527998745441437 33.368321731686592 537.40028289705515 61.023710504174232 43.69176559150219 91.67511273920536 56.023964732885361 424.34288884699345 177.34046721458435 472.35052724182606 100.76294054090977 189.40944500267506 256.42351450026035 288.03917872160673 63.195422291755676 83.682806015014648 37.498826324939728 36.105051726102829 96.464725278317928 220.29866955429316 176.50323870778084 91.416878491640091 63.757491916418076 56.956091985106468 121.67450274527073 40.997416377067566 156.57327564805746 66.935200795531273 71.460168279707432 86.323969446122646 212.31394707411528 50.167551524937153 81.754760079085827 63.56170991063118 101.63168603181839 88.229539230465889 39.429215878248215 56.752634294331074 34.80378583073616 203.64169085025787 222.10421272367239 151.70785063505173 67.070763930678368 44.157501079142094 99.031462468206882 44.955272659659386 62.182861030101776 66.792307153344154 34.475369930267334 533.54077740758657 116.14247616380453 179.26385515928268 160.32415980100632 44.662917733192444 37.601149395108223 116.26153579354286 69.31073784828186 83.994908392429352 46.538685262203217 52.114250272512436 79.677422717213631 123.60179127752781 89.38403045386076
leaf_count=184 151 4132 356 187 507 263 2042 858 2850 572 1007 1448 1652 305 447 169 237 629 1616 971 512 360 277 622 203 839 341 395 458 1105 280 406 305 549 536 205 319 178 1099 1284 878 338 263 625 210 348 317 185 3535 611 826 769 249 188 727 325 394 228 286 430 596 491
internal_value=-0.000185074 -0.0169748 -0.00723456 0.00988696 0.0141614 -0.0277444 0.00974496 -0.00109206 0.0349456 0.00104613 0.00701274 0.0153956 0.00598513 -0.0421678 0.0225475 0.0118155 0.0178502 -0.0203731 -0.0188443 -0.0317995 -0.0212732 -0.0403004 0.0179192 0.00782053 -0.000660017 0.0133577 0.0179227 0.0270114 -0.00330164 0.00329752 -0.0063916 0.0222128 0.0309726 -0.00492467 0.0061043 -0.0115619 0.0332979 0.0469898 0.0316236 0.0242298 0.0313328 -0.0325974 -0.00779925 -0.0197942 0.0226783 5.80201e-05 0.0142226 0.0507864 -0.0439374 0.00855385 0.0205524 0.011484 -0.0430074 0.0482583 0.0224965 0.00954113 -0.0153463 0.0360457 0.04595 0.00210473 0.0141633 -0.0234849
internal_weight=7698.41 2886.57 2081.72 4811.83 4188.67 853.32 3454.6 1485.37 734.068 192.438 1228.4 947.577 1207.15 804.85 787.522 531.099 493.6 267.45 623.161 278.214 280.826 630.667 1969.24 222.654 170.985 1544.89 1212.61 747.858 332.281 464.754 344.236 131.922 120.518 690.225 402.186 243.801 158.384 541.63 680.923 457.495 373.812 376.19 111.228 160.055 166.63 101.711 129.988 506.826 597.298 155.572 516.928 339.588 264.962 241.243 439.68 224.766 155.455 214.914 168.376 246.971 167.294 175.708
internal_count=43675 17690 12104 25985 22306 5141 18014 7828 4292 1079 6963 5444 6325 5586 4463 3015 2846 1454 3679 1503 1519 4046 10186 1095 825 8144 6356 3983 1788 2373 1791 686 582 3872 2220 1352 868 3213 3642 2609 2162 2466 601 981 832 532 622 3035 3895 816 2453 1595 1865 1287 2355 1114 789 1241 1013 1213 783 949
is_linear=0
shrinkage=0.05


Tree=28
num_leaves=63
num_cat=0
split_feature=29 23 23 12 22 11 21 21 12 16 11 12 1 21 11 10 22 18 12 10 10 29 11 12 12 11 18 7 1 11 21 1 34 20 29 11 12 22 1 12 29 1 34 1 7 23 26 11 39 7 16 10 29 34 23 20 34 12 42 21 21 1
split_gain=463.863 251.239 242.653 221.382 154.32 232.047 300.593 474.494 186.187 136.505 128.208 129.928 124.586 152.183 94.8863 93.1828 89.4867 102.656 89.5256 88.6078 87.9033 81.2855 79.4629 89.94 137.876 173.141 82.5502 78.611 77.416 68.1797 175.306 67.2945 67.1034 79.8326 89.985 64.7362 85.1874 83.6846 63.3104 55.5205 54.6391 53.7611 47.5086 47.0546 43.1921 40.91 90.626 40.6516 40.5662 37.993 37.9539 53.1925 41.3633 37.792 37.6284 52.1764 37.1264 36.9363 36.3129 36.3155 35.3216 33.4781
threshold=0.41480574381557073 6.0662240859284191 4.5887866744466388 21.500000000000004 1.0000000180025095e-35 1.5000000000000002 0.0005991664867753127 0.0014253560323163519 18.500000000000004 -0.23623568255483376 1.0000000180025095e-35 24.500000000000004 62.500000000000007 0.00068086818434892539 1.5000000000000002 0.61077281368638958 1.0000000180025095e-35 -0.0091042627995783203 25.500000000000004 0.5674835806952826 0.38226353100940247 0.19505649001705619 3.5000000000000004 27.500000000000004 26.500000000000004 2.5000000000000004 0.0027795347149961462 0.09375565644986121 23.500000000000004 1.0000000180025095e-35 0.00098503399877528076 17.500000000000004 -0.3727243134469696 61.245211612419958 0.20131815378899312 1.5000000000000002 24.500000000000004 1.0000000180025095e-35 21.500000000000004 16.500000000000004 0.14767548259458663 21.500000000000004 0.47080746286827363 51.500000000000007 0.22904126869706262 6.5759819243403106 -0.015339391530808695 2.5000000000000004 0.035716786571920171 0.049480568824376764 -0.028412048822864234 0.45762827527190536 0.19702246030311138 0.56683821516893251 6.1047374257292875 42.254081081229096 -0.11441025224570876 31.500000000000004 0.043782580210038176 0.00067550332515618403 0.00096506326410940259 43.500000000000007
decision_type=2 2 2 2 2 2 10 10 2 10 2 2 2 8 2 8 2 8 2 10 10 2 2 2 2 2 8 10 2 2 10 2 10 10 2 2 2 2 2 2 2 2 8 2 10 2 2 2 10 10 10 8 2 10 2 8 8 2 10 10 10 2
left_child=1 3 20 4 5 6 50 32 12 -7 31 -12 13 39 53 -11 18 -18 19 54 35 45 23 24 25 -13 -24 41 -25 43 48 -5 -8 49 -35 60 37 -37 -17 -6 -14 -27 -30 -15 -26 46 -3 -38 -31 -34 -1 52 -52 -4 55 -16 -57 -49 59 -58 -2 -10
right_child=2 21 14 10 8 9 7 -9 61 15 11 22 40 29 16 38 17 -19 -20 -21 -22 -23 26 28 44 27 -28 -29 42 30 -32 -33 33 34 -36 36 47 -39 -40 -41 -42 -43 -44 -45 -46 -47 -48 57 -50 -51 51 -53 -54 -55 -56 56 58 -59 -60 -61 -62 -63
leaf_value=0.058699373302305846 -0.03254078038174571 0.067162326192732172 -0.049130586712803972 0.0037610655215203413 -0.032218851741658332 -0.028962589631565235 0.030906662792576142 0.056527833935167797 -0.049730777051154376 0.055750743234398714 0.043178282487811748 0.079629839186825813 0.01666601326191609 0.066233423766523927 0.044678785371801179 -0.034074220517124838 0.036027298569261561 -0.052001829377872046 -0.049875072235902193 -0.055850377520884432 0.030370812934249022 -0.037427048082846054 -0.044142807575072676 -0.0037304297436486205 -0.056633885330627236 -0.018064594893092714 0.026791018698661892 -0.02976563545384724 0.092649316082297095 0.0082985178021308444 0.060489033525215646 -0.059738277819915031 -0.0017295477592828856 0.052738685405043888 -0.045035906271843291 0.039581973309440903 0.016314373495812124 -0.035321933486866949 0.04181481736434866 0.031255891162442748 -0.05002376038776362 0.05718983895531398 0.02446226157110927 0.013206412529701875 0.0029013345688195893 -0.044203557214258421 -0.0081570026174391762 -0.052265338139940921 -0.040344862781599433 -0.054502856384891399 0.04044125843905743 0.055439435567615047 -0.019874489201370388 -0.0092648467783562876 -0.034291334133589028 0.035010419891281154 0.042295867689244593 0.0037820923557711651 -0.041764931996739897 -0.024828474584823429 0.015630756299664754 -0.011685522465857948
leaf_weight=226.54962366819382 241.48067358881235 48.339437484741211 587.3037087470293 58.63757710903883 138.75104591995478 58.341707229614258 37.125615328550339 203.51370391994715 144.31128366291523 813.47723647207022 161.80104352533817 72.901082292199135 45.527193933725357 200.06416554003954 117.66689752042294 50.979226842522621 37.848633967339993 264.99688217788935 96.954826109111309 54.473035357892513 208.23024030774832 340.36853922903538 198.34618064016104 78.902708888053894 135.79338556528091 39.491631649434566 51.708623364567757 156.64064124971628 56.924859121441841 94.690678350627422 147.39177685976028 144.64678145945072 37.916968114674091 45.575285241007805 48.65305383503437 196.3577433526516 56.496394604444504 46.029754810035229 59.62701578438282 45.828889362514019 94.389413595199585 59.472641475498676 46.340588733553886 52.897143229842186 39.276046395301819 49.968308582901955 229.77238681912422 91.295235641300678 78.303604207932949 339.21619487553835 50.0954220443964 104.3442107886076 65.707600302994251 66.143711008131504 38.166618965566158 61.688025996088982 41.985171608626842 43.355342149734497 58.064157605171204 38.744375042617321 45.172448053956032 96.481018178164959
leaf_count=1189 1529 213 4077 302 745 323 171 1120 854 5108 902 331 192 938 641 311 180 2053 608 322 1176 2422 1111 373 780 200 232 860 238 475 729 825 194 197 265 1156 306 244 279 229 508 308 212 256 207 307 1161 580 401 1920 212 608 329 327 200 353 218 195 295 203 231 512
internal_value=9.60738e-06 0.00832637 -0.0182375 0.0125051 0.0194278 0.027337 0.0121804 -0.00799124 0.00455516 0.0452131 -0.00494831 0.00180688 0.0150258 0.0230283 -0.0309181 0.0498961 -0.0194892 -0.0410002 -0.00665893 0.00354101 0.00175858 -0.0203089 -0.0053463 0.00345198 -0.00743907 0.0116601 -0.0294745 -0.00772551 0.0335586 0.0357405 0.0204198 -0.0414218 -0.0338139 -0.0389115 0.00225459 -0.00651417 0.00567537 0.0253576 0.006837 -0.0164589 -0.0283237 0.0271596 0.0620502 0.0551449 -0.0432774 -0.0025495 0.00493447 -0.0192831 -0.0137193 -0.049197 0.0443324 0.0295475 0.0062176 -0.0450953 0.0126207 0.0182485 0.00273598 -0.034219 -0.0116087 0.010081 -0.0249496 -0.0344867
internal_weight=7641.55 5249.09 2392.45 4580.64 3279.76 2141.12 1158.7 712.001 1138.64 982.425 1300.88 1097.6 897.844 757.927 1464.04 924.083 810.589 302.846 507.743 410.788 928.418 668.449 935.798 685.744 503.575 328.506 250.055 255.605 182.168 573.347 320.386 203.284 508.487 471.362 94.2283 720.188 433.534 242.387 110.606 184.58 139.917 98.9643 103.265 252.961 175.069 328.08 278.112 191.147 172.994 377.133 446.697 220.147 115.803 653.447 356.315 318.149 200.482 134.651 138.794 80.7295 286.653 240.792
internal_count=43943 29049 14894 24946 18065 12226 6205 3867 5839 6021 6881 5754 4473 3773 9477 5698 5073 2233 2840 2232 5417 4103 4852 3509 2686 1699 1343 1368 823 2799 1605 1127 2747 2576 462 4241 2481 1400 590 974 700 508 450 1194 987 1681 1374 1081 876 2114 2338 1149 541 4404 1910 1710 1069 775 716 421 1760 1366
is_linear=0
shrinkage=0.05


Tree=29
num_leaves=63
num_cat=0
split_feature=29 23 23 12 22 11 21 21 12 1 34 11 12 1 21 10 22 11 12 10 11 12 22 12 12 11 10 29 32 11 21 11 29 20 26 23 1 1 21 21 18 1 1 1 29 39 23 21 18 10 21 42 11 12 18 21 22 11 11 20 29 29
split_gain=432.83 226.871 208.004 198.714 137.016 215.139 253.429 420.444 150.33 120.945 212.997 120.526 124.288 109.953 113.532 104.474 83.9663 87.3876 98.3058 96.7851 75.067 111.422 94.5679 75.0159 71.1595 206.313 101.159 70.3793 66.4957 65.9198 160.574 65.3267 63.9367 87.8374 60.5026 110.35 53.7067 52.529 51.1363 50.242 48.9113 48.4438 48.1311 45.0371 43.6438 43.4193 41.6689 41.401 40.1677 39.8113 46.5931 39.1274 38.6647 43.6344 38.2485 37.3363 35.6661 34.5856 34.5333 53.0617 60.6175 33.9319
threshold=0.39336141134848229 4.8103533911938365 6.0662240859284191 21.500000000000004 1.0000000180025095e-35 1.5000000000000002 0.0005991664867753127 0.0014253560323163519 18.500000000000004 21.500000000000004 0.33333333333333343 1.0000000180025095e-35 24.500000000000004 62.500000000000007 0.00068256481223107914 0.40864038519620732 1.0000000180025095e-35 1.5000000000000002 25.500000000000004 0.5674835806952826 1.5000000000000002 24.500000000000004 1.0000000180025095e-35 27.500000000000004 26.500000000000004 2.5000000000000004 0.24983649512323494 0.095936122428622095 0.33869349424357093 1.0000000180025095e-35 0.00098503399877528076 2.5000000000000004 0.21046336914226302 59.463505121136727 -0.013119187227608716 6.4740449310348582 41.500000000000007 20.500000000000004 0.001117208216489238 0.00037889197119452114 -0.0091042627995783203 20.500000000000004 20.500000000000004 64.500000000000014 0.14123754683996606 1.0000000180025095e-35 5.0204205812113356 0.0010041741476673096 0.0022119441635224395 0.2468784977614327 0.0010195018299908834 0.042595271856059408 2.5000000000000004 31.500000000000004 -0.0028417982954862526 0.00063383740381645905 1.0000000180025095e-35 3.5000000000000004 1.0000000180025095e-35 53.782910267246102 0.20590122573565306 0.095936122428622095
decision_type=2 2 2 2 2 2 10 10 2 2 8 2 2 2 8 10 2 2 2 10 2 2 2 2 2 2 8 2 8 2 10 2 2 10 2 2 2 2 8 8 8 2 2 2 2 10 2 8 10 10 10 10 2 2 8 10 2 2 2 10 2 2
left_child=2 15 3 4 5 6 58 32 13 10 -7 42 -13 14 31 20 17 39 19 51 38 22 43 24 25 -14 -27 -4 46 47 48 55 33 36 35 -29 -8 -28 45 -3 -18 -17 -5 -22 -15 -2 57 -16 -31 -36 -51 -19 -23 -54 -53 -6 -47 -25 -1 60 -60 -10
right_child=1 16 27 11 8 9 7 -9 61 -11 -12 12 23 44 29 41 40 18 -20 -21 21 52 -24 28 -26 26 37 34 -30 30 -32 -33 -34 -35 49 -37 -38 -39 -40 -41 -42 -43 -44 -45 -46 56 -48 -49 -50 50 -52 54 53 -55 -56 -57 -58 -59 59 -61 -62 -63
leaf_value=0.058170356054447758 0.015407327672918691 0.0096193857454486865 0.018433776552512913 -0.0060383004067998533 -0.058777131473859705 0.05381498783065676 -0.051832157262127143 0.056823566953652586 0.0097895484271919506 0.057726491216723422 -0.037439779993205934 0.044024328902315057 0.076530492993958976 0.015604204058524649 0.066467221800109985 -0.0099489142471955519 -0.001389946138357055 0.028290315270342627 -0.056567050473326608 -0.05933939416284037 0.043271779549923811 0.0091402406194241205 -0.031637631963735618 0.06463965811997581 -0.043183914741202374 -0.038641439509354787 -0.01871335650460117 0.038586893791690557 -0.023622374458931387 0.00015717768660497144 0.059744871713846973 0.023458168305658347 -0.050951232915789228 0.037178822822357703 -0.046797097472676449 -0.048948369230223311 0.001788962658648004 0.047846131777669824 0.013719118629461999 -0.046197927589871651 -0.049666386581114746 0.040113280183401483 -0.060027323009559444 -0.018258999190795759 -0.047221241190218741 -0.048173549357643862 -0.012334572041482627 0.017395040882878295 -0.056837647350513137 0.02336719949378149 -0.044699299111013335 0.02547121946359044 -0.052749897094135995 0.001082743206079815 -0.03133321064889897 0.0029564711746539814 0.0016355369921044729 0.018679881545209432 0.046374384019205545 0.075585824856819597 -0.016786021976447636 -0.039333335448513189
leaf_weight=203.95551301538944 39.432588532567024 46.541327781975269 108.49524998664856 62.546386688947678 67.997310891747475 160.61230846494436 119.34422622621059 188.42924757301807 43.117312431335449 621.61784602701664 106.24238304048777 151.88608855754137 66.383057028055191 40.274391382932663 175.68586894869804 64.481725379824638 58.330131731927395 206.00504165142775 78.006487302482128 50.516450054943562 231.01864412426949 68.27688580006361 65.748372711241245 84.37975537776947 164.06170751899481 234.18710789829493 53.95300767570734 84.345695324242115 77.169134929776192 122.15008023381233 132.79166223108768 79.156555086374283 222.31970980018377 62.597645804286003 267.41091421246529 62.817639447748661 76.715606480836868 65.78797011077404 69.130335345864296 301.36216873675585 521.88877107948065 192.84225901961327 121.42092668265104 34.132890120148659 88.141758777201176 237.45264771580696 44.251604385674 56.902483865618706 41.387573212385178 51.44060106575489 49.177059136331081 51.097846567630768 116.3384762480855 55.647774696350098 70.547873012721539 38.280734337866306 42.349921397864819 79.499948270618916 75.436889126896858 46.542542308568954 76.523414932191372 190.35466030985117
leaf_count=1233 195 228 503 319 400 994 581 1066 186 4012 613 864 308 170 836 356 334 1101 519 307 1426 375 362 365 932 1342 282 418 374 608 668 371 1382 275 1885 473 357 340 342 1966 4164 1105 707 165 474 1678 219 270 216 250 288 284 770 253 358 188 224 374 322 208 373 1135
internal_value=-7.42904e-06 -0.016472 0.0087942 0.0127581 0.0195766 0.0274462 0.0123657 -0.00648569 0.0052424 0.0456395 0.0174839 -0.00441695 0.00229208 0.015078 0.0227352 -0.000722349 -0.0303167 -0.0198561 -0.00546115 0.00508073 -0.00830929 0.00322274 0.0220406 -0.00499634 -0.015257 -0.00435616 -0.0195273 -0.0181668 0.0160203 0.0345377 0.0188994 -0.0109292 -0.0312879 -0.0143871 -0.0258746 0.00122189 -0.0308509 0.0178557 -0.0252693 -0.0387309 -0.0448131 0.0275684 -0.0416718 0.0353509 -0.0275177 -0.0337122 0.0307186 0.0544618 -0.0142669 -0.0367097 -0.00990042 0.0150129 -0.022694 -0.0353318 -0.00747225 -0.036541 -0.0406346 0.042344 0.0437211 0.028875 0.0145684 -0.0302614
internal_weight=7466.94 2601.15 4865.79 4242.1 3036.58 1960.34 1071.86 669.406 1076.24 888.473 266.855 1205.53 1021.56 842.768 714.352 1216.85 1384.3 804.077 456.174 378.167 959.529 571.163 330.9 869.673 584.373 420.311 353.928 623.687 285.3 528.918 296.329 185.435 480.977 258.657 515.192 147.163 196.06 119.741 388.365 347.903 580.219 257.324 183.967 265.152 128.416 319.235 208.131 232.588 163.538 368.029 100.618 327.651 240.263 171.986 121.646 106.278 279.803 163.88 402.458 198.503 151.96 233.472
internal_count=43693 16512 27181 23364 16938 11416 5797 3661 5522 5619 1607 6426 5400 4201 3557 7251 9261 4763 2569 2050 5790 3351 1953 4536 3204 2272 1964 3817 1332 2598 1492 959 2595 1213 3314 891 938 622 2439 2194 4498 1461 1026 1591 644 2097 958 1106 824 2423 538 1743 1398 1023 642 588 1902 739 2136 903 695 1321
is_linear=0
shrinkage=0.05


Tree=30
num_leaves=63
num_cat=0
split_feature=29 4 0 10 11 12 10 1 10 29 26 11 1 10 20 4 12 1 11 40 41 29 17 11 10 7 11 10 12 26 11 7 40 42 4 20 4 10 21 34 19 0 2 1 0 17 7 37 20 20 37 18 34 11 40 1 1 11 11 6 41 17
split_gain=414.934 289.045 140.529 130.641 121.258 241.009 119.219 95.2977 82.3521 80.9663 76.3293 77.4495 62.4304 62.4204 61.0295 59.1293 60.8929 57.3054 88.6633 55.1707 53.8527 48.4083 47.1585 51.548 49.9142 45.1203 59.6254 53.2635 44.0497 55.3303 42.443 40.9172 40.7451 40.6948 40.1653 34.8278 33.0034 32.9601 80.6336 33.4017 56.0942 38.7593 30.5305 30.1564 29.9137 28.1238 27.367 52.5232 27.1879 26.1357 31.2495 26.881 35.8885 25.3241 31.8805 39.6745 27.8603 25.1408 24.7574 43.6265 26.5977 24.6604
threshold=0.31447009229023098 228.12500000000003 0.017632086434868906 0.40864038519620732 1.5000000000000002 24.500000000000004 0.65516405686089585 66.500000000000014 0.21851197274868492 0.13906642899770574 0.015743468713991033 3.5000000000000004 59.500000000000007 0.33408248100997312 52.993656562126837 98.375000000000014 21.500000000000004 35.500000000000007 2.5000000000000004 0.0056489929804275684 0.080441358379491762 0.10711843244923815 0.045270561699853766 1.5000000000000002 0.49214702972309948 0.31599256505576218 2.5000000000000004 0.15036924263244794 13.500000000000002 0.0024222428947911468 2.5000000000000004 0.91080054935831034 0.028549822375467517 0.044098764799985542 79.575000000000003 46.599791002645311 127.97500000000001 0.35933899885083043 0.0010937494334962137 0.14044184501642223 0.00033163797008906043 0.035891837243299821 -0.13452016118569235 19.500000000000004 0.00429823255969805 -0.032474977658186563 0.11529371870823611 -1.4822746356641796 56.7637998538818 47.991039913458955 -19.307004559727883 -0.0089508836848661826 -0.081429737791482201 1.5000000000000002 0.030010656235692514 41.500000000000007 10.500000000000002 1.5000000000000002 1.5000000000000002 0.2269192736425745 0.077186066791533253 0.04419528661902241
decision_type=2 2 2 10 2 2 10 2 10 2 2 2 2 10 8 2 2 2 2 10 8 2 10 2 8 8 2 8 2 2 2 10 10 10 2 10 2 10 8 10 8 2 8 2 2 10 8 10 10 10 10 8 10 2 8 2 2 2 2 10 10 10
left_child=2 3 8 4 12 7 14 10 15 43 34 -12 19 31 33 16 -1 30 -19 -2 22 42 37 -24 -25 -7 -27 -28 29 -21 -15 53 -10 -5 -6 -18 57 39 -39 41 -41 -11 -17 48 -23 -14 -22 -48 -4 51 -51 -43 -53 -3 -55 56 -56 -35 59 60 61 -45
right_child=1 13 9 6 5 25 -8 -9 32 20 11 -13 45 17 -16 21 35 18 -20 28 46 44 23 24 -26 26 27 -29 -30 -31 -32 -33 -34 36 -36 -37 -38 38 -40 40 -42 49 -44 58 -46 -47 47 -49 -50 50 -52 52 -54 54 55 -57 -58 -59 -60 -61 -62 -63
leaf_value=0.052778941559586082 0.023145367629151772 -0.051511487623917163 0.0054676256707931505 0.045025020118169806 0.053283194086229668 -0.051342151255502823 -0.046429282647252976 -0.033852039526895521 0.045962290379148257 0.00040896208128884671 -0.024719246362339683 0.056239708924698623 0.021785286951460914 -0.0060141383697541705 -0.035928088030867431 0.030832066647356705 0.022821275856849156 -0.03097611261552027 0.049743319528279067 -0.045378307171649826 0.054034897946727334 -0.05011454325336609 -0.045232243560774522 0.052501248917906342 -0.020875973162453699 0.02344955307829287 -0.054323031434997684 -0.0079815021779330066 -0.041663233369947171 0.026010503322933427 -0.062863563784976526 0.019668915302798091 -0.0071145835448980345 -0.00067291865969344006 0.023448948073661158 -0.015402583175929633 -0.018765122013224125 0.044341809152515566 -0.040492163992591861 0.017385079095733898 -0.045642098905362471 0.041660821183957301 -0.014607343956500308 0.014559694685716041 -0.020130693459621582 -0.020295679956779701 0.047082894416749572 -0.016551303176297615 0.041433953717918318 0.052401638490896497 0.01870500681774059 -0.015387552186032091 0.030977845299186943 -0.048573703940181415 -0.031811005436310651 -0.044053829990384749 0.018118096642875146 0.046028323784417853 0.043857710934745275 0.050727286395972376 0.047068085911140374 -0.027999115933598957
leaf_weight=59.47024442255497 43.809898130595684 390.36330903321505 196.48948332667351 265.20005399733782 212.00737303495407 129.57973980158567 61.373263895511627 71.702357485890388 111.04102119803429 467.17484401911497 112.57647979259491 40.051093533635139 93.086217381060123 62.094364687800407 35.010219484567642 63.723589509725571 88.004499673843384 66.715901345014572 69.415528118610382 49.787572607398033 97.307918205857277 115.75259844213724 82.427972197532654 38.755140587687492 57.654440127313137 72.700818002223969 108.86601669341326 144.04995549470186 472.2373014241457 59.673533417284489 69.668013155460358 27.455626480281353 53.617209792137146 46.41696709394455 241.11604286730289 184.59121914207935 53.466220259666443 164.90160124003887 33.741563439369202 68.934585444629192 72.357221677899361 46.289479121565819 88.038073942065239 130.92647802084684 295.63506703078747 69.236891381442547 73.642460688948631 57.940370045602322 71.724094092845917 100.29146711528301 219.1430047750473 132.28954327851534 60.971357144415379 190.99673949927092 45.320665165781975 98.043060466647148 72.850651569664478 76.006288096308708 362.30619145184755 109.50228981673717 43.667477734386921 45.995620563626289
leaf_count=307 213 3145 986 1565 1381 904 373 379 584 2605 713 234 473 314 188 294 415 409 357 324 662 840 463 223 311 395 754 749 3290 265 439 134 275 248 1396 986 287 1059 198 361 402 236 448 614 1814 444 384 306 362 581 1199 664 315 1609 294 672 438 456 1993 535 282 204
internal_value=0.000140869 -0.0121436 0.0116372 -0.00263114 -0.00872927 0.00174896 0.0191585 0.0206549 -0.00381866 0.0176279 0.0271069 -0.00347476 -0.0237936 -0.0335368 0.0276133 -0.009796 0.00693829 -0.0125672 0.010184 -0.0309637 0.0112964 -0.0196635 0.00794309 -0.0162007 0.00862052 -0.0263881 -0.0164576 -0.0279289 -0.0350389 -0.00646017 -0.0360727 -0.0403459 0.028679 0.0326567 0.0374078 -0.00306243 0.0140083 0.0111038 0.0299319 0.00790017 -0.0148919 0.0110384 0.00447233 0.0293194 -0.0285673 0.00383618 0.0339303 0.0190626 0.0150855 0.019922 0.0292846 0.00743729 -0.000759859 -0.0424118 -0.0336886 -0.0205396 -0.00103054 0.0283215 0.0348332 0.0249279 0.012121 0.0034954
internal_weight=7345.19 3550.88 3794.31 2457.95 1920.48 1132.65 537.473 677.453 1059.87 2734.43 605.751 152.628 787.831 1092.92 476.1 895.215 332.066 267.894 136.131 625.508 1773.82 563.149 1544.93 178.838 96.4096 455.197 325.617 252.916 581.698 109.461 131.762 825.03 164.658 441.09 453.123 272.596 175.889 1366.09 198.643 1167.45 141.292 1026.16 151.762 960.612 411.388 162.323 228.891 131.583 268.214 558.985 319.434 239.55 193.261 797.574 407.211 216.214 118.171 122.423 692.398 330.092 220.59 176.922
internal_count=43750 22842 20908 15031 11914 6905 3117 4103 5963 14945 3724 947 5009 7811 2744 5104 1708 1519 766 4092 9969 3396 8617 997 534 2802 1898 1503 3879 589 753 6292 859 2556 2777 1401 991 7620 1257 6363 763 5600 742 4976 2654 917 1352 690 1348 2995 1780 1215 979 6158 3013 1404 732 704 3628 1635 1100 818
is_linear=0
shrinkage=0.05


Tree=31
num_leaves=63
num_cat=0
split_feature=29 4 12 11 11 11 0 7 18 18 12 10 41 29 4 16 29 10 41 0 1 34 17 4 10 20 41 17 11 29 10 39 7 14 11 12 7 41 18 12 29 18 11 34 9 10 1 1 16 29 11 8 12 11 32 11 1 39 18 14 41 12
split_gain=407.372 301.941 164.085 120.833 193.159 119.301 116.423 107.128 106.277 91.7907 88.458 81.0285 79.0703 77.1395 66.1999 64.2672 63.3549 56.5689 64.96 62.94 50.3661 96.88 77.6299 49.1755 47.242 56.9039 46.6916 74.7643 52.9324 46.1076 43.3808 64.0343 54.5658 40.9016 40.168 55.7711 68.3574 84.831 53.9788 46.6188 40.1268 38.2743 34.3959 34.3245 33.7559 30.3687 51.3989 30.7056 28.9838 28.8025 27.1783 27.0316 25.6153 44.9132 25.3854 51.7828 24.3577 24.3079 22.7351 74.7056 22.6638 29.2015
threshold=0.27068875869799652 188.77500000000003 21.500000000000004 1.5000000000000002 1.0000000180025095e-35 1.0000000180025095e-35 0.025227016690228882 0.72337963895658686 0.0036028559410987708 0.0068460829270444732 24.500000000000004 0.31999328164153384 0.025820634586968091 0.45548163711066764 534.97500000000014 -0.24800135775782395 0.087163797743180685 0.65516405686089585 0.047066295147669822 0.03450591981355431 20.500000000000004 0.373054070971159 0.019186222778992276 717.65000000000009 0.17045863211351109 50.422199370149997 0.057775149549549397 0.037600586343101712 1.5000000000000002 0.5171911242944206 0.24128592634743662 0.048670360799135511 0.89583109948317652 -0.19378186592255967 3.5000000000000004 25.500000000000004 0.35057769682470641 0.032641966555090572 0.0027795347149961462 27.500000000000004 0.11989116774605729 0.0019395837429903031 1.5000000000000002 -0.3727243134469696 0.16569480310784782 0.28656500549970704 39.500000000000007 38.500000000000007 -0.064864166929585187 0.49985472273587955 1.5000000000000002 0.088485183724873961 32.500000000000007 2.5000000000000004 0.052529651767709303 1.5000000000000002 7.5000000000000009 0.019174567557555967 0.0023093248869168197 -0.040830593306375791 0.047858445754373598 31.500000000000004
decision_type=2 2 2 2 2 2 2 10 10 10 2 10 10 2 2 10 2 10 10 2 2 10 10 2 10 8 10 10 2 2 10 10 10 2 2 2 8 8 8 2 2 8 2 8 10 10 2 2 10 2 2 8 2 2 10 2 2 10 10 2 10 2
left_child=6 2 3 4 7 -4 11 8 29 -9 -7 23 -6 14 30 -5 -8 18 19 -17 21 22 24 40 25 48 27 43 -29 -2 32 41 50 -14 35 -12 39 -38 -36 -37 -1 54 -15 -22 -13 47 -47 57 -18 -21 56 -52 53 -39 -32 -56 -3 -44 -45 -60 61 -42
right_child=1 13 5 15 12 10 16 9 -10 -11 34 44 33 42 -16 17 20 -19 -20 49 26 -23 -24 -25 -26 -27 -28 28 -30 -31 31 -33 -34 -35 38 36 37 52 -40 -41 60 -43 45 58 -46 46 -48 -49 -50 -51 51 -53 -54 -55 55 -57 -58 -59 59 -61 -62 -63
leaf_value=0.012700593732967764 0.053344323194905147 -0.0074712530683134718 -0.059597507417081676 -0.046402431218815515 0.04077515286431288 0.030343992526246422 0.041112282151969853 -0.053163840141097235 -0.03307225182248464 0.040353840641330636 0.031655851886690928 0.051767974880953277 0.0037293098484625512 -0.054151329683535865 -0.051687901818775167 0.041542255536981085 -0.041618839007972072 -0.028637456283316227 0.045479912853183008 0.01172333334310924 -0.016571320880603212 -0.052359416930920902 0.053590739396793576 -0.047599390080398776 -0.026741636306188643 0.040945948687544122 0.038787353927235708 -0.050936041949203148 0.02325249435081933 0.0087224500271963299 0.048772595859975641 -0.033177901348212316 0.039017505089761456 -0.050706414978292896 -0.049442947358171244 -0.052313948185729001 0.044776751665975341 0.00044137366670746279 0.016106546867413314 0.0038541263297698978 -0.0080325918490928485 -0.030144326939547668 -0.053326029457508708 0.031312289409413906 0.0016487937231327459 -0.036636079049663817 0.03475775510687603 -0.060967312736740713 0.017633342222361428 -0.025191481492173418 -0.027936034709207892 0.0087589668901623032 0.015577823220863672 -0.060259635825756691 -0.022213560702034861 0.050224244674668878 -0.051810023525106219 -0.008129639466048012 0.035762595869109653 -0.035284693001357573 -0.040898055077050417 0.030121065919009989
leaf_weight=388.09219397604465 220.63224163651466 39.536577731370926 137.33707543462515 31.752704352140427 31.309828191995621 120.38932211697102 333.45098720490932 85.20774519443512 56.613817110657692 37.914934918284416 73.152154266834259 105.95665138214827 40.228572882711887 292.72899391502142 129.65581684559584 146.48326029628515 46.001220710575581 44.385428965091705 340.16786304116249 168.05884607881308 52.357759959995747 67.366956613957882 88.86268212646246 57.685605838894844 104.2919192686677 99.56496374309063 323.12665577232838 64.961817145347595 38.170000210404396 78.485719248652458 74.113161876797676 91.705259300768375 33.022429339587688 242.63848565518856 149.86186304688454 142.66352356225252 78.7498884126544 60.875440679490566 39.733990803360939 49.850832492113113 613.35419977456331 35.833572246134281 46.62395341694355 452.88033881783485 49.19309076666832 63.9753797352314 41.604627095162868 104.45652525126934 37.43399915099144 77.074223741889 160.41751597076654 73.038516856729984 41.396561324596405 61.018658630549908 55.229353070259094 44.590453080832958 143.03649992495775 82.197752892971039 99.335779599845409 58.960900858044624 46.822148732841015 54.6157506108284
leaf_count=1851 1208 260 1012 179 158 683 1747 575 341 187 399 650 205 2259 1126 1009 232 280 2254 1000 260 397 495 414 551 517 1956 347 201 384 413 563 171 1694 1024 1008 390 337 187 250 3488 207 418 2468 259 388 212 813 204 432 1148 425 173 409 347 257 1098 523 553 297 243 268
internal_value=-6.79057e-05 -0.0105512 -7.46244e-05 0.00971001 -0.00415479 -0.016477 0.0133314 0.0158331 0.0297463 -0.0243656 -0.00923461 0.00194023 -0.0346195 -0.0282641 -0.0186966 0.0233193 0.0213601 0.0261715 0.0294959 0.0156118 0.0170646 0.00285969 0.0127491 -0.00259655 0.000116308 0.0154227 0.0228457 0.0161267 -0.0234782 0.041636 -0.0129973 0.00167381 -0.0228467 -0.0429647 -0.0160679 -0.00873442 -0.0155336 0.00215228 -0.0357056 -0.0377694 -0.000242703 0.0169102 -0.0415973 0.0222824 0.0358768 -0.0307523 -0.00850278 -0.0408222 -0.0150348 0.000116655 -0.0277572 -0.0164557 -0.0184041 -0.0299448 0.0266043 0.0101451 -0.0422084 -0.0244874 0.0256109 0.00929955 -0.00727019 -0.004913
internal_weight=7250.23 4067.75 2555.98 1600.95 793.031 955.029 3182.49 478.854 355.732 123.123 817.692 1315.72 314.177 1511.77 880.179 807.922 1866.77 776.17 731.784 391.616 1533.31 443.522 376.155 1160.57 287.292 183 1089.79 766.667 103.132 299.118 750.523 301.472 449.052 282.867 697.303 507.707 434.555 242.041 189.596 192.514 1102.88 209.767 631.587 663.535 155.15 338.858 105.58 233.278 83.4352 245.133 416.029 233.456 163.291 121.894 173.933 99.8198 182.573 128.822 611.177 158.297 714.792 667.97
internal_count=43804 26406 15778 9906 4752 5872 17398 2695 1933 762 4860 7173 2057 10628 6015 5154 10225 4975 4695 2441 8478 2396 1999 6264 1504 953 6082 4126 548 1592 4889 1787 3102 1899 4177 2966 2567 1309 1211 1258 5850 1224 4613 3578 909 2354 600 1754 436 1432 2931 1573 919 746 1017 604 1358 941 3318 850 3999 3756
is_linear=0
shrinkage=0.05


Tree=32
num_leaves=63
num_cat=0
split_feature=29 4 12 4 4 29 12 12 21 10 12 12 1 26 10 40 26 4 1 34 10 20 12 0 4 41 21 1 7 1 7 12 26 4 29 41 34 29 21 21 12 12 12 12 29 26 1 20 17 7 21 10 26 12 10 9 12 40 41 40 18 7
split_gain=365.601 187.423 174.148 173.371 120.609 82.0824 67.005 60.192 59.3191 57.5187 68.1977 105.725 57.6842 52.4534 50.5415 107.092 59.655 49.0933 45.8929 88.2563 44.5231 78.9838 55.694 66.0229 44.4837 42.8345 45.8554 43.7094 40.9438 64.8151 49.6059 98.638 48.5659 41.0017 37.5314 36.5437 34.8908 33.1825 33.0876 38.3141 32.9359 37.9113 32.539 46.3569 34.2052 31.705 40.7831 39.0131 41.8795 33.2672 39.606 31.7561 31.008 30.9169 30.4824 29.0784 28.392 48.0191 43.5526 39.4119 25.0037 35.6439
threshold=0.42995341377395019 550.05000000000007 24.500000000000004 98.375000000000014 178.97500000000002 0.18867819977777298 21.500000000000004 32.500000000000007 0.00038529835608652952 0.44360107666789167 21.500000000000004 23.000000000000004 19.500000000000004 0.017963673017191012 0.2526175846701853 0.040583171734180391 -0.0064585743180087746 249.02500000000003 19.500000000000004 0.48934751773049651 0.16227762670287385 51.805605553244895 19.500000000000004 0.040431020096100063 313.37500000000006 0.034688447926804658 0.00074357879551946026 53.500000000000007 0.070962912883909643 21.500000000000004 0.34795932596334994 25.500000000000004 0.004642447197991127 37.425000000000004 0.19702246030311138 0.089118621510165863 0.060419106167056931 0.16758728058643599 0.0015783519193362629 0.0010438115251357614 23.000000000000004 24.500000000000004 13.500000000000002 14.500000000000002 0.23029582001638266 -0.0086787786212087544 38.500000000000007 40.648855488347344 0.033282543677409439 0.4424910205212168 0.00053526076131943021 0.39823391812865505 0.004642447197991127 13.500000000000002 0.25720831743982486 0.079295937211449743 27.500000000000004 0.023999855948304793 0.057775149549549397 0.077424311328309695 0.0024686143998911008 0.91080054935831034
decision_type=2 2 2 2 2 2 2 2 8 8 2 2 2 2 10 10 2 2 2 8 10 10 2 2 2 10 8 2 8 2 10 2 2 2 2 10 8 2 10 10 2 2 2 2 2 2 2 10 8 8 8 8 2 2 10 10 2 10 8 8 8 10
left_child=1 2 4 6 9 45 8 28 -2 10 20 12 -12 -10 16 -16 -7 35 19 -11 21 25 23 -22 -18 -1 -27 -28 29 -4 56 -32 33 -33 -24 53 -20 -3 39 -17 -8 -42 60 44 -44 -6 49 51 -49 50 -47 -48 -43 -5 55 -52 59 -58 -59 -30 61 -25
right_child=3 37 7 17 5 14 40 -9 13 18 11 -13 -14 -15 15 38 24 -19 36 -21 22 -23 34 42 -26 26 27 -29 30 -31 31 32 -34 -35 -36 -37 -38 -39 -40 -41 41 52 43 -45 -46 46 47 48 -50 -51 54 -53 -54 -55 -56 -57 57 58 -60 -61 -62 -63
leaf_value=0.04270549736090206 0.050181152513576605 -0.011798052012465169 -0.033755094837684331 -0.0031189612214603973 0.0528700215625506 0.02902056803463339 -0.059731209267113873 0.04082039377008069 0.01201676022201259 0.050854541200527181 0.0084673374537192984 0.049370101738625022 -0.061584669080552115 -0.037444184487079583 0.038133079757741675 -0.0014882524493257015 -0.0066019634954074874 -0.040697667109064362 0.0010089467343291916 -0.037141853690449117 0.058506338604866419 0.049499752238077309 0.013807815223393489 0.062710338699720203 -0.035111391622273051 -0.018666844254986239 0.045151144650707846 -0.01039720971939744 -0.039583388021472064 0.044660842338764682 -0.045132527498522972 0.032466291339773135 0.046954682662864754 -0.03307335764209348 -0.034101981052376155 0.015134319941213992 0.051441501761995183 -0.045637896241282103 0.0298866203586458 -0.048112809264249767 0.036216112702292524 -0.030355567017038333 0.0072513712178248263 0.038315018365303946 -0.036421246743624562 0.050096374621345544 -0.014876349916867052 0.052638047697471227 -0.0016399593270996354 -0.021670252030669534 0.016822446288106602 0.037686403328155968 0.011488520503612348 -0.030293534132892593 0.03048210651571125 -0.032178279625510342 -0.032248250959758397 0.044668099387808136 -0.021698285421588914 0.0029523266463574779 0.0092848730138480936 0.0013295963199266003
leaf_weight=101.96150631457567 84.12020218372345 124.20799042284489 41.350178822875023 133.27272170782089 58.145974054932594 73.738541148602962 40.932452656328678 57.292912214994431 326.28272280842066 61.29689909517765 46.440565153956413 51.081099785864353 80.027504496276379 64.140129402279854 178.7625450566411 94.658049918711185 319.05336913466454 560.41452206671238 38.278760522603989 53.245650142431259 94.696379415690899 307.05979720503092 74.208323672413826 75.326735198497772 239.5579734146595 117.95819578319788 89.307492427527905 58.684473596513271 309.23039437830448 72.650085166096687 78.439484305679798 43.486487224698067 94.434823520481586 52.883841164410114 91.011065542697906 64.308754123747349 329.51561354845762 173.82079540938139 35.196561418473721 82.435423336923122 35.912745550274849 164.61434085667133 98.576903790235519 59.352918893098831 82.238231025636196 54.156285651028156 76.925614252686501 158.03534346073866 45.848105311393738 101.56691992282867 50.566497094929218 45.869069173932076 60.562187567353249 487.64139231294394 61.250439934432507 75.454390779137611 107.88662875443697 56.786661870777607 43.778081372380257 66.098233222961426 104.68381018936634 34.476896725594997
leaf_count=571 553 683 215 800 276 400 340 245 2032 373 248 325 518 368 1020 547 1900 4329 201 337 631 2015 343 478 1730 627 471 312 1923 366 483 215 468 295 551 343 2269 1443 202 543 210 994 477 375 527 293 363 803 208 511 251 274 355 3242 320 365 609 265 213 343 537 189
internal_value=-0.00016028 0.00694558 0.00932243 -0.0181621 0.0142538 0.00461828 0.000379773 -0.00897516 0.0120968 0.0224873 0.0178402 -0.0113397 -0.0358607 0.00389113 -0.0045105 0.00961916 -0.0132485 -0.0297216 0.0375857 0.009949 0.0215687 0.0307776 0.0128701 0.0205253 -0.0188281 0.015152 0.00458835 0.0231241 -0.0119254 0.0162178 -0.0156865 0.00206795 0.0214719 -0.00349902 -0.0125833 -0.0207448 0.0461927 -0.0315346 -0.0143915 -0.0231916 -0.0180302 -0.0114925 0.0126146 -2.62025e-05 -0.0126118 0.0174545 0.0143794 0.0270228 0.0404323 0.00233752 0.0124374 0.00475809 -0.0191014 -0.0244608 0.00154696 -0.0125165 -0.023875 -0.00907891 0.0157773 -0.0320925 0.0267688 0.0434376
internal_weight=7145.2 5123 4824.97 2022.2 3800.65 1751.22 776.565 1024.32 474.543 2049.43 1567.09 177.549 126.468 390.423 1023.4 391.053 632.35 1245.64 482.337 114.543 1389.54 674.971 714.571 549.352 558.611 367.912 265.95 147.992 967.025 114 853.025 269.245 190.805 96.3703 165.219 685.223 367.794 298.029 212.29 177.093 302.022 261.089 454.655 240.168 180.815 727.819 669.673 326.678 203.883 342.995 241.428 122.795 225.177 620.914 187.271 126.021 583.78 208.451 100.565 375.329 214.487 109.804
internal_count=43713 30147 28021 13566 22381 10006 4852 5640 2953 12375 9195 1091 766 2400 6342 2312 4030 8714 3180 710 8104 3996 4108 3214 3630 1981 1410 783 5395 581 4814 1461 978 510 894 4385 2470 2126 1292 1090 1899 1559 2583 1379 1004 3664 3388 1648 1011 1740 1229 637 1349 4042 936 616 3353 1087 478 2266 1204 667
is_linear=0
shrinkage=0.05


Tree=33
num_leaves=63
num_cat=0
split_feature=23 12 23 11 12 11 22 21 11 7 10 11 1 10 42 11 7 11 12 12 1 12 1 0 1 40 1 1 11 26 11 10 26 2 23 26 0 37 34 21 37 12 1 14 32 34 1 12 10 17 23 41 41 34 21 17 17 13 7 1 14 42
split_gain=242.957 176.463 224.905 160.019 128.695 122.949 187.602 173.747 121.122 238.698 176.353 107.486 159.316 100.85 95.8299 78.805 104.645 160.857 92.493 151.922 108.902 87.6342 150.164 78.2644 117.944 70.6293 65.0069 63.337 62.3808 88.3016 72.9516 67.2554 55.0427 54.8735 52.0651 87.2434 44.5683 43.8003 42.4907 51.623 42.3413 66.4238 41.4239 40.1123 37.5089 48.9478 36.9669 36.9366 57.7961 36.4119 28.8544 27.9792 27.6086 27.5246 25.3385 24.5894 23.219 21.748 21.416 20.3775 29.7023 19.5229
threshold=6.0130425563908476 21.500000000000004 4.4872308485602606 1.0000000180025095e-35 24.500000000000004 1.5000000000000002 1.0000000180025095e-35 0.001131353557237292 1.0000000180025095e-35 0.48552721573097762 0.092121058949895737 2.5000000000000004 39.500000000000007 0.61077281368638958 0.026316025514752275 3.5000000000000004 0.35057769682470641 2.5000000000000004 27.500000000000004 25.500000000000004 22.500000000000004 31.500000000000004 19.500000000000004 0.0014620981604545138 14.500000000000002 0.032921783577906087 43.500000000000007 33.500000000000007 1.5000000000000002 0.017963673017191012 1.0000000180025095e-35 0.70781228486502701 0.015743468713991033 0.61004804349076569 6.3681871826728225 -0.015339391530808695 0.054861999113095007 21.130115934926476 0.14044184501642223 0.0010717374769591886 -40.926079294511887 20.500000000000004 69.500000000000014 -0.066992449853948352 -0.079616431303324506 0.017364765573035127 18.500000000000004 14.500000000000002 0.28978436841041016 -0.047539836787084712 5.4043651396665675 0.026038707905967035 0.071775388419086997 -0.25847617283792923 0.00050092691370590516 0.010807839375066181 -0.022156949500494731 0.00099583325068796692 0.073196092506745997 47.500000000000007 0.19358253592162453 0.035945279240368673
decision_type=2 2 2 2 2 2 2 8 2 8 10 2 2 10 10 2 10 2 2 2 2 2 2 2 2 10 2 2 2 2 2 8 2 10 2 2 2 8 10 10 8 2 2 2 10 8 2 2 10 10 2 10 10 8 8 10 8 2 8 2 2 10
left_child=1 2 25 46 37 8 7 13 9 33 -10 27 32 -7 -11 16 18 -18 19 20 -6 -17 -23 -20 -25 40 56 -8 30 31 47 42 -13 44 35 -2 -9 50 -37 -40 -1 -42 -30 -21 45 -4 -3 48 -27 -32 61 -24 -35 -14 -51 -12 -16 -43 -26 -46 -61 -5
right_child=34 3 5 4 15 6 11 36 10 14 55 12 53 -15 26 21 17 -19 23 43 -22 22 51 24 58 28 -28 -29 29 -31 49 -33 -34 52 -36 38 -38 -39 39 -41 41 57 -44 -45 59 -47 -48 -49 -50 54 -52 -53 -54 -55 -56 -57 -58 -59 -60 60 -62 -63
leaf_value=0.081796680005812139 0.034306173267791194 -0.016528014232771528 -0.048409915867186099 0.059914248916453763 -0.025753246126435154 0.046711118504200975 -0.065538074682871539 0.015747713532488231 0.020678473793873844 -0.06016395818030832 -0.032458417406321813 0.049227122691586661 -0.040859063189544263 -0.00897150364155626 -0.011566520270731386 -0.05021371160874908 0.065714197946527095 -0.022336180882098641 -0.041151222263360716 -0.0089955486352595853 0.061405516644968294 0.076176054821325959 -0.0059695502424780694 -0.03216586302889559 0.029783642884307862 0.029218753925965887 0.012702148896199004 -0.012104088871677994 0.051341110616772462 -0.015695904716423442 0.016810242902629852 -0.030305993790477066 -0.0076890884618383698 -0.02322509229831602 -0.040955898029291928 -0.030631502780141279 -0.055190003448456995 -0.021566069781036049 0.019456430523273692 -0.0421634839259898 0.053466472259151326 0.024636623425006235 0.0042378763300217146 -0.051258147680089156 0.041729927113939858 0.029185757757703303 -0.057739336425201605 0.051444726287351944 -0.032880676356492874 -0.00029348077340199332 -0.001756023823950971 -0.063380656202742844 0.024208355387020722 0.010181710059184577 -0.0432897371476577 -0.056895057803257425 -0.056381856188375726 -0.025899755853656576 0.0694508915164153 -0.0037782658127006119 0.045988137865536238 0.023905558621334366
leaf_weight=65.728028930723667 77.273652009665966 77.203647665679455 33.69760275632143 112.38798588514328 69.561814486980438 561.15110795944929 98.303765572607517 32.92990143597126 148.04432189464569 145.40604138374329 244.69310858100653 169.98002839833498 126.38194410502911 95.096123144030571 50.52846010774374 209.24739346653223 123.58148658275604 89.388857960700989 51.666720308363438 71.239481307566166 73.925817608833313 44.794871032238007 39.440107554197311 57.700886525213718 58.622203081846237 129.7881993278861 145.92469915002584 127.239502646029 365.35703174769878 84.458088919520378 62.54695551097393 31.614428699016571 56.630381837487221 89.574215389788151 292.78492917865515 416.94295106828213 67.58576487749815 34.62018895894289 107.07451946288347 49.796298801898956 192.14251407235861 44.481376253068447 53.51181299239397 264.96266753226519 303.49909600615501 51.207395724952221 184.34921003878117 83.476133413612843 52.674769334495068 52.201481565833092 35.460249431431293 45.942528836429119 46.655654363334179 33.392549529671669 99.729233875870705 177.70893973857164 67.528326950967312 40.830134958028793 81.098365269601345 69.915265426039696 52.491959914565086 56.597863338887691
leaf_count=342 416 463 220 685 401 3518 646 203 819 1029 1550 838 764 526 308 1404 588 532 266 410 413 188 210 289 272 693 797 778 2632 459 311 209 333 505 2405 3014 423 186 577 330 1379 238 300 1765 1703 276 1257 512 288 296 213 236 257 196 618 1230 470 232 355 398 339 340
internal_value=0.000171997 0.0038048 0.00922902 -0.00945018 -0.00323503 0.00157628 0.01262 0.0292659 -0.00771484 0.00231033 -0.0262808 -0.00796567 0.00804467 0.0386422 -0.0275691 -0.00951923 -0.00207453 0.0287573 -0.0110845 -0.0239203 0.0191515 -0.0301749 0.0020356 0.0136345 0.0279723 0.0261032 -0.00961527 -0.0353935 0.0194753 0.03122 0.00639764 0.0400159 0.0350037 0.0212153 -0.0234441 -0.0155692 -0.0319501 0.0304424 -0.0222858 -0.000103891 0.045713 0.0371649 0.0453235 -0.0423029 0.0287348 -0.00161088 -0.0455748 0.0238952 0.0112914 -0.0152983 0.0392493 -0.0368612 -0.00698021 -0.0301916 -0.0285168 -0.0427392 -0.0372008 0.000449885 0.0528078 0.0347843 0.0175631 0.047854
internal_weight=7079.77 6135.9 4354.11 1781.79 1520.24 2995.57 1368.69 756.763 1626.88 1056.43 570.446 611.928 386.385 656.247 409.388 1281.17 941.748 212.97 728.778 479.69 143.488 339.425 130.178 249.088 197.421 1358.54 263.981 225.543 1015.36 534.941 480.417 450.483 226.61 647.041 943.872 651.087 100.516 239.066 573.814 156.871 343.182 277.454 418.869 336.202 510.811 84.905 261.553 265.939 182.463 214.478 204.446 85.3826 136.23 159.774 151.931 422.402 118.057 85.3115 139.721 425.906 122.407 168.986
internal_count=43850 37108 26635 10473 8753 18126 8225 4670 9901 6302 3599 3555 2131 4044 2604 7329 5291 1120 4171 2989 814 2038 634 1182 916 8509 1575 1424 6318 3600 2718 3141 1171 3698 6742 4337 626 1424 3921 907 2191 1849 2932 2175 2936 496 1720 1493 981 1225 1238 446 762 960 914 2780 778 470 627 2440 737 1025
is_linear=0
shrinkage=0.05


Tree=34
num_leaves=63
num_cat=0
split_feature=29 4 29 4 10 10 29 41 7 10 21 4 40 25 10 17 21 18 14 7 32 21 21 21 25 18 20 18 32 37 16 25 7 18 16 41 10 10 21 18 32 18 4 20 4 20 18 18 36 37 37 25 7 18 5 10 21 37 9 10 32 4
split_gain=361.954 233.831 90.1495 79.0487 71.8144 84.4735 70.2067 57.6093 56.3327 54.5627 49.4291 45.7309 42.658 40.0078 56.5209 70.7372 61.8731 56.5853 50.5311 48.3444 39.3815 57.844 39.9872 52.4279 39.4184 56.4225 38.2435 37.8665 71.0712 92.8568 49.3359 36.0146 46.7791 40.0409 34.8614 34.0595 37.3925 33.8098 32.7163 47.2354 33.1587 30.5553 30.515 29.692 28.3075 27.5662 25.8603 29.1996 29.3121 25.5894 59.1117 25.3815 31.1599 29.7226 27.3541 25.3385 25.2493 43.9527 55.6124 53.5052 24.038 23.4273
threshold=0.26837429885785297 282.12500000000006 0.51070929065946868 648.10000000000014 0.42004222115096873 0.62537472111166037 0.078062083359420789 0.089118621510165863 0.32161658409355326 0.28656500549970704 0.00029657002292457306 87.675000000000026 0.044449071772937082 827.50000000000011 0.45282589906429677 -0.019113280563259828 0.0015783519193362629 0.0025913993103574566 -0.027932033182305676 0.4424910205212168 0.17166042727139433 0.00080286336505340581 0.00044515280506386918 0.00029657002292457306 712.50000000000011 -0.00087455043592693505 61.567571868006432 0.0024686143998911008 -0.022284123585778578 -15.271699564545502 -0.082420050909954065 832.50000000000011 0.24981128450921508 0.00081139931971008228 -0.0095182902827188644 0.039998549509328581 0.2442723113793788 0.49214702972309948 0.0010937494334962137 -0.00060835812384518728 0.25946112861524301 -0.0097998006758941974 96.075000000000003 50.566618290126584 156.32500000000002 22.600401815378508 -0.0021997634354906088 0.0045982983252996776 27.938904145221773 -20.477935882567316 1.0000000180025095e-35 612.50000000000011 0.41205607312972836 -0.000534647237687924 0.26315789473684209 0.33775961345570354 0.00047588003352801845 -9.6996188696669687 0.16714641717707038 0.44803947887433321 0.44152375109188463 151.47500000000002
decision_type=2 2 2 2 10 10 2 10 10 10 8 2 10 2 10 8 10 10 2 10 10 8 10 10 2 8 10 10 8 10 8 2 8 10 10 8 8 10 10 10 10 8 2 8 2 10 10 10 10 10 10 2 8 10 10 10 10 8 10 8 10 2
left_child=3 2 4 6 20 8 -1 10 45 41 -8 -4 37 14 15 16 51 19 -19 38 21 22 23 -2 26 -26 44 30 29 -29 43 32 -25 -33 -27 36 -24 55 39 -17 -40 -3 -34 -15 -23 -6 -37 48 -48 -21 -51 54 53 -53 -12 -11 61 -58 -59 -60 -22 -32
right_child=1 9 11 -5 5 -7 7 -9 -10 12 13 -13 -14 27 -16 17 -18 18 -20 49 60 24 35 31 25 34 -28 28 -30 -31 56 33 42 -35 -36 46 -38 -39 40 -41 -42 -43 -44 -45 -46 -47 47 -49 -50 50 -52 52 -54 -55 -56 -57 57 58 59 -61 -62 -63
leaf_value=0.033341672987258347 -0.030028234878017469 0.0064015813842269054 -0.0043259928575815924 -0.031605760279828678 -0.0059908283904033756 -0.028861494990913117 -0.028318126686830536 0.042559137811531957 -0.026722443772150429 -0.014016134481686433 -0.0028860220793646453 -0.028625291028776308 -0.039180157513676227 -0.064002491866992126 0.047465809233470366 0.035716037347996325 -0.031916751671948448 0.020840139505545058 -0.04072654986569086 -0.031457524299012045 -0.036792442762199749 0.0057281846566444696 -0.033339488807106403 -0.014680270802467693 0.064439882194874468 0.030101162762456168 0.045089982500178288 0.052338022313822785 0.059765050563117678 -0.048439630843075752 0.027172794499243036 0.015859819647940358 0.05283540817990047 -0.050837765166260485 -0.016012379844926882 -0.037355801522146063 0.022660149465346863 -0.033861646510057609 0.017777328724446942 0.0060551702241989445 -0.042994351625432262 -0.041841631039019465 0.0025207562034750474 -0.011106878144635993 -0.030673672622563875 0.042708600873125953 -0.03147955299896929 -0.045348746554835034 0.012783918152404403 0.031781062170584261 -0.047517537981732465 0.055321907401883696 0.055830441405733615 0.0035922099104033533 0.045511847671145349 0.032652380735116282 0.019658491065156207 -0.046286852611692179 0.046859435386436277 -0.037679336023136722 0.0072143897180173434 -0.0067396969038530088
leaf_weight=415.31822457164526 79.846276395022869 34.592692516744137 351.00350592285395 96.939171925187111 32.418100588023663 71.784282356500626 83.941345117986202 138.30043864995241 38.114097379148006 45.709839709103107 77.246098883450031 431.84722938388586 97.988897487521172 48.803046658635139 125.77983368188143 282.5994486361742 38.456988759338856 47.515369921922684 111.61783480644226 88.350870475172997 123.06434531509876 148.92259483039379 259.7109205275774 51.197519764304161 74.555662266910076 106.92490066587925 40.93377910554409 39.359387256205082 72.315168015658855 54.517387412488461 139.89991607517004 57.612805008888245 120.14080341905355 36.923552095890045 66.460006594657898 50.521191366016865 33.674625992774963 47.439007356762886 47.512614585459232 255.65749951452017 42.544519729912281 640.92006000131369 40.223776765167713 58.13124080747366 83.268193073570728 280.36689982563257 44.12442272156477 30.558977194130421 245.50070416927338 69.703140504658222 35.454448647797108 43.995438106358051 174.51312183588743 75.284755147993565 46.933625765144825 79.9706164970994 94.679903157055378 103.55655907839537 42.936456255614758 33.179967649281025 41.494125761091709 80.07558349519968
leaf_count=2159 634 215 2221 693 174 427 527 995 238 281 425 2804 698 285 827 1517 205 254 595 480 817 868 1875 345 355 662 238 227 360 303 730 364 753 288 420 311 187 244 241 1477 244 5559 274 318 533 1894 262 220 1639 398 198 225 967 380 251 424 521 590 277 189 263 477
internal_value=-2.26321e-05 -0.010152 -0.00319546 0.0128255 0.00207646 0.0205581 0.0142767 0.011175 0.030668 -0.0317664 0.0093774 -0.0177303 -0.0128179 0.0107351 0.0153253 0.0125128 0.0287737 0.00494671 -0.0223434 0.010231 -0.00242435 1.31355e-05 -0.00674522 0.00605388 0.0136324 0.0280662 0.000529495 0.0013857 0.0225108 -0.00618694 -0.00445338 0.015466 0.0269306 -0.0101906 0.0124254 -0.0141836 -0.0269119 0.00210371 0.016961 0.0216279 -0.0109322 -0.0393711 0.0402151 -0.0352476 -0.00732624 0.0376612 -0.00411008 0.0011357 0.00604037 -0.011621 0.00504511 0.0343577 0.0423682 0.0226722 0.0154059 0.0156791 0.00220809 -0.00791048 -0.0224381 0.0100081 -0.0256959 0.014828
internal_weight=6952.93 3887.81 2941.19 3065.12 2158.34 422.683 2968.18 2552.86 350.899 946.621 2414.56 782.851 271.108 2330.62 1563.17 1437.39 456.43 980.956 159.133 821.823 1735.66 1571.1 1050.04 385.945 521.065 247.941 273.125 767.455 166.192 93.8768 601.263 306.098 211.562 94.5364 173.385 664.091 293.386 173.119 628.314 538.257 90.0571 675.513 160.365 106.934 232.191 312.785 370.705 320.184 289.625 193.508 105.158 417.973 293.793 119.28 124.18 125.68 494.328 274.353 179.673 76.1164 164.558 219.975
internal_count=43822 26487 19066 17335 14041 2733 16642 14483 2306 7421 13488 5025 1647 12961 8684 7857 2453 5404 849 4555 11308 10228 7152 2658 3076 1437 1639 4277 890 530 3387 2024 1372 652 1082 4494 2062 949 3479 2994 485 5774 1027 603 1401 2068 2432 2121 1901 1076 596 2248 1572 605 676 705 2784 1577 1056 466 1080 1207
is_linear=0
shrinkage=0.05


Tree=35
num_leaves=63
num_cat=0
split_feature=4 12 11 22 10 10 16 21 17 1 0 1 1 4 12 21 11 11 7 12 10 1 10 18 21 1 4 26 40 34 7 11 22 1 7 1 21 21 7 18 36 4 18 7 14 9 34 21 17 1 1 34 26 1 36 1 18 17 7 20 7 12
split_gain=217.004 169.362 289.922 375.16 149.091 132.821 127.589 121.248 101.414 93.8186 91.5313 84.6556 77.1792 57.5717 79.8146 52.6196 52.4886 65.0607 213.671 122.923 97.5064 72.3017 64.3923 58.2446 50.0888 47.1865 46.4171 85.8844 43.7086 60.0212 61.0614 62.045 100.391 108.289 75.6188 73.8533 54.7687 53.4474 42.6094 42.52 40.4307 39.4131 38.7535 34.5679 32.8553 32.8508 29.2986 36.7893 28.6457 46.7814 40.3883 46.3998 31.9485 27.273 25.2414 24.5956 24.4064 23.521 21.0777 20.4804 19.8977 18.6892
threshold=431.05000000000007 24.500000000000004 1.5000000000000002 1.0000000180025095e-35 0.48046238802931601 0.56295647030091911 -0.12123011498535129 0.0010438115251357614 -0.036085397970117263 9.5000000000000018 0.0033831700650156474 67.500000000000014 21.500000000000004 151.47500000000002 32.500000000000007 0.0016450752130667907 1.0000000180025095e-35 2.5000000000000004 0.29710482911529307 27.500000000000004 0.37034334885210302 25.500000000000004 0.57929704888054767 0.0027795347149961462 0.00094577323757834752 22.500000000000004 648.10000000000014 -0.015339391530808695 0.098370267299376438 0.32145192631067604 0.54728761713002394 1.0000000180025095e-35 1.0000000180025095e-35 59.500000000000007 0.24475522921464807 59.500000000000007 0.00057860872499656093 0.00091355273663605032 0.16322953106743635 -0.0077077119105765637 82.088153430220103 116.97500000000001 0.00072331057962082845 0.078008037676047692 -0.0078814656769351111 0.0024261717289924089 0.12324722005432855 0.0010937494334962137 0.036775891141845159 20.500000000000004 39.500000000000007 -0.23191747397426574 0.020183877320390991 28.500000000000004 43.145011628955139 37.500000000000007 0.0015662271537487673 -0.015775500800710728 0.2120947265334728 53.696439335007987 0.10960502197134148 13.500000000000002
decision_type=2 2 2 2 10 10 10 10 8 2 2 2 2 2 2 10 2 2 10 2 8 2 8 8 8 2 2 2 10 10 8 2 2 2 10 2 8 10 8 10 10 2 10 8 2 8 10 10 8 2 2 10 2 2 10 2 10 10 10 10 10 2
left_child=1 2 4 5 8 6 9 38 15 -4 -10 44 -7 14 16 24 -3 18 19 -18 23 -21 -22 -19 42 56 27 -2 29 30 31 32 34 58 -12 36 57 -32 -5 -14 41 -6 -1 -15 -11 -24 -29 55 49 -40 52 -52 -51 -47 61 -48 -9 -33 -34 -53 -43 -26
right_child=26 13 3 7 40 12 -8 25 10 11 28 -13 39 43 -16 -17 17 20 -20 21 22 -23 45 -25 54 -27 -28 46 -30 -31 37 35 33 -35 -36 -37 -38 -39 48 -41 -42 60 -44 -45 -46 53 47 -49 -50 50 51 59 -54 -55 -56 -57 -58 -59 -60 -61 -62 -63
leaf_value=0.028503037068483474 0.023854464118678042 -0.053662170423504678 -0.046945087274985607 -0.054135653681887087 0.050487216771822198 -0.041188500933226457 0.04743805463021613 0.057656291793807768 0.053949492065396225 0.055963477968963504 0.046064372527969896 -0.044110757132565487 -0.013781611097717993 0.0015016336276963992 0.044078581846834441 -0.045820238456329043 -0.044934050683849452 -0.046764228230842454 0.059354454666466439 -0.019290415231574858 0.059592416791569451 0.068758800269412765 0.02521802798030558 0.0024421073526231618 0.060730306829653614 -0.020206079633963397 -0.046468762082560372 -0.033754974995132664 0.02728812531167886 -0.055143266873119857 -0.048694364552349378 0.029088659473741091 0.0082731578636132865 -0.038196571869273166 -0.038874612591292074 0.049124710048807217 -0.044195175251574098 -0.0090175757718883587 -0.05233263380063749 0.04904705625400415 -0.02066633742789321 0.022434702369835913 -0.015024160056928932 -0.046136065331162185 0.0089299761543089311 -0.0051147011796620623 -0.01444851044426849 -0.051479386146974448 0.028630569694726812 0.030410470496844373 -0.042368050159216374 0.013156058334431045 -0.024103323908648257 -0.056578195819615977 -0.0011399784498607245 0.032554775947253527 0.010959954556383844 -0.016835421170132047 0.04431532096569929 -0.030883156613492859 -0.018291164922663548 0.027278847528200475
leaf_weight=72.869723245501518 102.61879585683346 68.897396482527256 59.005403310060501 77.776498191058636 131.71112994104624 82.052585832774639 1090.9764151796699 88.873927801847458 44.917596206068993 109.05820248275995 31.068553999066353 36.575573399662971 46.251849479973316 48.613548308610916 68.909214168787003 40.09954459965229 165.61529643088579 269.28050325810909 130.69495810568333 44.555210374295712 45.872863262891769 48.908008337020874 53.673080630600452 77.431399762630463 63.836397483944893 38.303729206323624 185.01456224173307 369.39308993518353 50.363959617912769 112.61578953266144 235.80838091671467 34.47033330053091 52.416598297655582 62.066567830741405 167.32850677520037 32.474854923784733 250.45732801407576 132.60957887023687 80.487237088382244 64.457331217825413 47.001969538629055 200.01353956758976 171.45486694574356 175.7711129039526 56.298014350235462 78.218377701938152 62.122222550213337 35.967451579868793 35.976599730551243 84.511019691824913 132.05977553129196 88.578409492969513 39.410329572856426 38.373763881623745 50.190720982849598 50.421360693871975 40.840701520442963 145.86181189864874 179.38948521763086 37.608421228826046 35.282277353107929 120.70560035854578
leaf_count=371 580 443 349 544 933 573 7567 465 229 746 153 177 227 256 296 240 1083 1836 643 230 266 216 267 403 357 233 1699 2868 252 800 1650 181 281 383 1195 167 1764 791 541 374 255 1222 1038 1189 365 419 361 260 196 433 814 526 223 217 272 259 205 887 941 241 188 636
internal_value=-0.000104463 0.003132 0.00752457 0.0203376 -0.00437409 0.0343896 0.0399259 -0.0088201 -0.00989878 0.00851786 -0.0163713 0.0247244 -0.00443867 -0.0127507 -0.00800456 0.00919947 -0.011518 -0.00846992 0.00723222 -0.0190614 -0.0193437 0.0267845 0.00701414 -0.0357749 0.0138049 0.0285551 -0.024488 -0.0179343 -0.0184956 -0.0201007 -0.01712 -0.0104525 0.00190738 0.02046 -0.0255733 -0.0235862 -0.0290675 -0.034413 -0.0197147 0.0227986 0.0229953 0.028587 -0.00204219 -0.0358152 0.0399502 -0.00715151 -0.0262144 -0.0074587 -0.0143457 -0.0176876 -0.0103911 -0.0216508 0.0130736 -0.0220528 0.0302996 0.00660973 0.0429539 -0.00805707 0.0361654 3.0716e-05 0.0163279 0.0388503
internal_weight=6874.47 6068.93 4754.12 2289.1 2465.02 1544.68 1351.91 744.427 2051.01 260.937 1531.85 201.932 192.762 1314.81 1090.43 519.157 1021.52 952.623 389.773 259.079 562.85 93.4632 216.138 346.712 479.057 168.018 805.537 620.523 1486.93 1436.57 1323.95 955.534 492.27 293.873 198.397 463.264 430.789 368.418 576.408 110.709 414.009 367.007 244.325 224.385 165.356 170.265 517.904 148.511 498.632 462.655 382.168 258.247 123.921 116.592 234.733 112.544 129.715 180.332 231.806 126.187 235.296 184.542
internal_count=43776 37749 29985 14799 15186 10378 9204 4421 12588 1637 9674 1288 1174 7764 6319 2914 6023 5580 2172 1529 3408 446 1169 2239 2674 903 6027 4328 9445 9193 8393 5952 2953 1605 1348 2999 2832 2441 3518 601 2598 2343 1409 1445 1111 903 3748 880 2974 2778 2237 1581 656 636 1265 620 670 1068 1222 767 1410 993
is_linear=0
shrinkage=0.05


Tree=36
num_leaves=63
num_cat=0
split_feature=29 22 29 4 12 22 10 7 1 21 1 21 10 4 12 12 10 21 16 10 6 7 12 18 12 21 28 0 12 12 21 1 10 31 21 4 26 26 7 10 2 7 7 34 21 1 18 7 14 29 2 34 1 26 12 6 12 4 10 12 21 1
split_gain=339.505 163.393 141.245 131.432 109.932 79.1112 127.152 152.38 134.473 100.17 141.927 90.0779 77.9961 66.2802 86.7579 57.3919 53.8606 74.3813 53.5171 50.5622 48.1703 47.7284 47.5989 47.1805 46.1035 49.8846 47.0377 45.5457 44.2452 43.1493 83.929 61.3065 71.2769 42.2504 40.5948 36.6822 80.0118 59.0996 52.1535 32.9735 32.6306 32.5286 30.9752 29.1232 50.7333 27.0494 25.9793 25.3222 27.9597 24.7719 24.4813 23.9479 23.8299 23.2112 22.392 27.9933 25.2025 21.515 20.9368 27.7484 21.9374 20.9185
threshold=0.41480574381557073 1.0000000180025095e-35 0.13906642899770574 356.62500000000006 21.500000000000004 1.0000000180025095e-35 0.10555058636453983 0.19217693759245222 41.500000000000007 0.00068086818434892539 48.500000000000007 0.00047064002705104042 0.65516405686089585 87.675000000000026 20.500000000000004 12.500000000000002 0.2526175846701853 0.0007773214026626751 -0.14837870705628067 0.41269425092183359 0.27592737941595047 0.20184091404226473 19.500000000000004 -0.0050550422192682789 25.500000000000004 0.0014253560323163519 0.30192612404059022 0.012660956574845103 19.500000000000004 19.500000000000004 0.00074357879551946026 52.500000000000007 0.36272497982243751 0.14464049380797409 0.00048905701451156739 623.07500000000016 -0.013119187227608716 0.017963673017191012 0.17537009081833901 0.17045863211351109 0.45963612263530657 0.69457431584941154 0.23904453425674282 -0.038133373815281583 0.00096506326410940259 18.500000000000004 0.0028163506595912939 0.35850071715915338 -0.066992449853948352 0.078062083359420789 0.010448762646243019 0.28040872546191326 19.500000000000004 -0.013119187227608716 20.500000000000004 0.034076828574708701 24.500000000000004 60.475000000000009 0.39478453450644552 26.500000000000004 0.00077259792038564658 22.500000000000004
decision_type=2 2 2 2 2 2 10 10 2 8 2 8 10 2 2 2 8 10 10 10 8 8 2 10 2 8 8 2 2 2 8 2 10 10 8 2 2 2 8 10 10 10 10 8 10 2 8 10 2 2 8 10 2 2 2 8 2 2 8 2 8 2
left_child=2 13 27 4 5 6 -4 12 11 61 21 -9 19 14 34 23 17 46 -10 28 -12 -11 35 -3 45 26 -26 -1 51 30 47 -32 -33 39 -2 36 -5 -38 -39 -13 -20 -22 -36 44 -23 -18 -6 -15 -49 -29 -47 -8 -51 57 -31 -56 -57 -44 60 -60 -16 -7
right_child=1 15 3 22 16 9 7 8 18 10 20 33 -14 29 58 -17 24 -19 40 -21 41 43 -24 -25 25 -27 -28 49 -30 54 31 32 -34 -35 42 -37 37 38 -40 -41 -42 -43 53 -45 -46 50 -48 48 -50 52 -52 -53 -54 -55 55 56 -58 -59 59 -61 -62 -63
leaf_value=0.0034751396493040345 0.054153834944728543 0.023912985712398485 0.049582814613462235 0.040621439075753829 -0.032322014975835846 -0.058741197326901834 0.064710573483596934 0.043439092668091032 -0.025521472910909084 -0.020194242494621945 -0.049179684446913334 -0.010641603126889186 -0.036665475405833696 0.024104648838093476 -0.028048894658460895 -0.050581018525629767 -0.0075585221427500434 0.039400372395290539 0.048706775665183583 0.050538174062408764 0.01849355690814963 0.0041762342033771754 -0.044662194202226467 -0.033600488691413938 0.016870867175812765 -0.059857823226286203 -0.037391500311697183 0.037572659638599688 -0.013454074650333226 -0.061611163278307214 -0.046501129137412965 -0.038410864297124953 0.035775838123983404 0.013249166602641175 0.040988951914611438 -0.045205721699187879 -0.032347530725816198 0.046793075756469904 -0.020808438999726099 -0.056717835402747378 0.0002236305673356841 -0.037872911793288111 0.0021330088995861422 0.063968170526246676 0.058478066699436948 0.0119065682920246 0.003356810569777709 0.020172478056240704 -0.050353068019083097 0.0063758004973026973 0.060652086571884936 0.0076036884460836569 0.026864521970450729 0.025114900204773624 -0.047236904271159674 0.0062160453015790056 -0.029524662380474399 -0.048658140952109054 0.023348634988327076 -0.023270570293404323 0.017406969875736079 -0.021104786268583971
leaf_weight=275.35963255912066 80.547970362007618 52.269282512366772 290.69708456844091 76.047682471573353 344.48794093728065 61.466197595000267 44.705349572002888 37.988505177199841 45.242437995970249 38.033975586295128 90.76534004509449 49.637522213160992 37.580876708030701 172.02606989443302 196.74686895310879 386.97427579015493 40.14494152367115 47.027018874883652 127.26328327506781 289.72382683306932 76.224229030311108 97.448187701404095 138.90436051785946 112.20691020041704 144.71248868107796 39.100572116672993 55.162033192813396 333.49954272061586 72.042631439864635 50.36540574580431 161.25235150009394 63.051783949136734 66.550776556134224 33.760771587491035 65.824644513428211 68.126837320625782 206.945118047297 56.187070198357105 57.962989665567875 178.31167057901621 47.716424897313118 38.535343483090401 59.003743298351765 84.079246029257774 77.001950100064278 43.744245775043964 59.890763752162457 28.547051072120667 27.679683677852154 198.93833431601524 62.643489144742489 31.149977624416351 495.11565306037664 55.833270817995071 100.46636309474707 83.067112468183041 121.4226750805974 32.243887357413769 73.968117289245129 56.148118011653423 30.681909419596195 92.447637185454369
leaf_count=1461 601 271 1918 386 2358 437 273 287 240 205 541 327 216 1015 1474 3704 238 293 871 2233 391 565 1253 674 744 234 300 1787 414 426 1181 367 401 213 444 613 1429 299 386 1213 273 209 392 421 426 256 328 169 236 1059 376 226 2779 369 575 452 872 219 398 307 172 570
internal_value=8.76775e-05 -0.0167399 0.00754608 0.00215873 0.00675423 0.0132832 0.0204917 0.0119936 -0.00671177 -0.000846133 0.00997159 -0.0285093 0.0324592 -0.00830771 0.0037715 -0.040065 -0.00839441 -0.0201163 0.0229523 0.0383953 -0.0219613 0.0321018 -0.0189771 -0.0153231 0.00533121 -0.00820856 0.00189536 0.0215339 0.014608 -0.0173005 -0.00811131 -0.0259214 -0.000316072 -0.0389529 0.0239194 -0.0113089 -0.00549412 -0.0164161 0.0124665 -0.0466844 0.0354856 -0.000433851 0.0124809 0.0397954 0.028145 0.0274128 -0.0270378 0.0145835 -0.0145463 0.0263732 0.040609 0.0412596 0.0209918 -0.000277569 -0.0307254 -0.0256245 -0.0150062 -0.0158149 -0.0127648 0.00323139 -0.0219165 -0.0361351
internal_weight=6762.7 2076.88 4685.82 3382.91 2778.74 1941.82 1285.82 995.123 519.921 656.002 502.088 299.698 475.203 1525.43 650.999 551.45 836.913 451.406 220.222 437.622 205.525 296.563 604.174 164.476 385.508 238.975 199.875 1302.91 147.898 874.429 519.108 290.855 129.603 261.71 293.454 465.27 397.143 321.095 114.15 227.949 174.98 114.76 212.906 258.529 174.45 146.533 404.379 228.253 56.2267 1027.55 106.388 75.8553 694.054 147.081 355.322 304.956 204.49 91.2476 357.545 130.116 227.429 153.914
internal_count=43767 14719 29048 21962 17596 12469 8704 6786 3424 3765 2758 2040 3362 10070 4376 4649 5127 2979 1384 3146 1141 1617 4366 945 2148 1278 1044 7086 913 5694 3369 1949 768 1753 2025 3113 2500 2114 685 1540 1144 600 1424 1412 991 870 2686 1420 405 5625 632 499 3838 980 2325 1899 1324 611 2351 705 1646 1007
is_linear=0
shrinkage=0.05


Tree=37
num_leaves=63
num_cat=0
split_feature=29 4 11 29 41 21 41 16 0 11 14 26 34 1 41 32 21 37 4 1 21 1 34 17 4 26 34 26 11 21 20 11 1 14 21 9 26 21 21 14 21 20 41 21 16 11 21 14 21 37 11 21 20 17 1 0 9 0 27 21 16 11
split_gain=311.472 213.382 113.036 93.8177 86.6917 79.234 67.4003 66.2714 61.5666 57.5515 53.9763 51.8077 60.927 57.876 57.3879 51.6173 53.3034 49.007 40.684 39.0332 40.3896 39.0127 43.2928 55.9552 38.9166 40.0334 48.6593 47.606 59.081 37.3677 36.5314 36.0031 118.708 70.9802 85.9927 43.302 34.3749 33.7894 38.4103 33.7 33.085 32.6167 31.2377 30.166 29.9832 30.8307 34.2327 39.7629 29.1906 39.4719 138.059 67.6482 39.7563 36.9575 53.9047 29.1315 28.577 27.9682 25.7257 24.6919 24.5234 40.1665
threshold=0.23271376215298531 331.12500000000006 1.5000000000000002 0.47292930095991015 0.039693314315908786 0.00044006716317366494 0.082354788539150139 -0.24800135775782395 0.026192781652016248 2.5000000000000004 1.0000000180025095e-35 0.015743468713991033 0.87187599428725904 27.500000000000004 0.080441358379491762 0.26983675661526113 0.00032577087150599109 -28.36815702613854 717.65000000000009 56.500000000000007 0.0007773214026626751 19.500000000000004 0.373054070971159 0.020940227757102425 550.05000000000007 -0.015339391530808695 0.12324722005432855 0.013523264410791049 1.5000000000000002 0.00085555793874741634 52.328695075581557 1.0000000180025095e-35 58.500000000000007 -0.037144004069357479 0.00079853981413416971 0.12575108181569677 -0.019779800137208654 0.0006312730582939451 0.00051463353138617217 0.063113018284394848 0.00030882497092427736 47.82492294262169 0.090993535599196221 0.00057860872499656093 0.01412716988932038 1.0000000180025095e-35 0.00040613872414829282 -0.025805981257839974 0.00052171852292526852 0.28932530965580633 2.5000000000000004 0.0015714098083562452 47.991039913458955 0.037600586343101712 40.500000000000007 0.018697362604830011 0.14418777831697396 0.081771169048006367 1.0012820512820515 0.00036573424498169855 0.0073202074905462664 2.5000000000000004
decision_type=2 2 2 2 10 10 10 8 2 2 2 2 10 2 10 10 8 8 2 2 10 2 10 8 2 2 10 2 2 10 10 2 2 2 10 8 2 10 8 2 8 10 8 8 8 2 8 2 10 10 2 8 10 8 2 2 10 2 8 8 10 2
left_child=8 2 3 6 5 9 15 -6 18 59 40 12 55 -14 41 16 -2 19 36 20 30 22 23 29 25 -3 -27 -28 -29 43 -7 33 37 34 -18 -35 -1 38 -33 44 -11 -13 -5 -10 -38 -46 -47 -48 -23 52 51 53 60 54 -51 -9 -41 -36 -57 -4 -50 -62
right_child=1 24 4 42 7 17 -8 11 21 10 -12 14 13 -15 -16 -17 31 -19 -20 -21 -22 48 -24 -25 -26 26 27 28 -30 -31 -32 32 -34 35 57 -37 39 -39 -40 56 -42 -43 -44 -45 45 46 47 -49 49 50 -52 -53 -54 -55 -56 58 -58 -59 -60 -61 61 -63
leaf_value=0.039703663233940971 -0.047608942927922233 0.023267595328862755 0.057318481139310595 -0.037056260977527004 -0.041897522958838002 -0.031961871235034078 0.02748199865849953 -0.0083489270397800706 0.025458844661642794 -0.049886359994793149 0.036560898020746413 -0.042129212095738056 -0.054403053941896207 0.026715732703783468 0.057747901820173121 -0.047228237257028252 -0.046428513578816964 -0.028597473218629807 -0.042224076137326483 -0.031961323998835216 0.041717600869034803 0.049763753852634998 -0.031473365096269981 0.048438249879301017 -0.052091963335357788 -0.039269776799700867 -0.043557684115502482 -0.03916909672392753 0.038056844798454538 0.04091611180325494 0.028827085246556885 -0.036479253446358322 0.046863857157748247 0.053361872052843255 -0.003643335728224598 0.004566497471191938 0.0099921746644967072 -0.045972435704537885 0.016186850159927556 0.054100361058767914 -0.00020694279942052229 0.0057145149257656546 -0.0029999931464640061 -0.019296773735324742 -0.035705526782316525 0.028651622289113238 0.013299824586755422 -0.026183287947961528 0.031763292848197004 -0.040564248366024028 0.052611962603682984 0.037042417568007267 0.043993342226030144 -0.049278254973391222 0.032312339145708024 0.035353005562050996 0.0077713776179662436 0.049338682113580133 -0.0081830949590538781 0.0032852621064215107 0.023530412256427356 -0.035377012989337646
leaf_weight=74.368643276393414 69.560714028775692 38.782205551862717 82.038933701813221 402.67706581950188 47.42386019974947 60.470129802823067 141.02088546007872 46.460015304386616 50.806155793368816 52.436608850955963 65.41087543964386 73.902471452951431 44.747788354754448 43.232272751629353 29.309389382600784 83.221347615122795 94.464729107916355 350.80642328411341 43.851081505417824 66.314636126160622 72.255646094679832 112.97338909655809 60.881580345332623 88.581573382019997 185.61011745035648 378.58982546627522 58.48894852399826 37.253507077693939 73.886103346943855 49.478361316025257 41.798102982342243 70.968567028641701 65.443592250347137 99.957250110805035 55.902870289981365 83.402851171791553 435.36566057056189 134.44288938492537 67.59317184984684 58.152716681361198 92.866362288594246 68.773578122258186 80.851991035044193 145.39321884512901 84.582384936511517 71.920661583542824 106.92925095558167 157.97488117963076 134.06338003277779 52.183049336075783 127.02184358239174 55.404945008456707 291.76944452524185 88.871637381613255 49.390209622681141 565.95270702242851 77.837716445326805 44.92612498998642 36.096119903028011 28.484412178397179 74.954442240297794 47.135165728628635
leaf_count=367 567 213 600 2912 297 446 922 333 259 424 407 478 321 277 220 601 725 2422 340 466 362 767 375 533 1979 3250 443 279 404 339 229 435 317 588 314 488 2377 1023 365 378 556 471 438 738 478 420 538 906 686 273 925 372 1737 455 263 3985 419 227 223 196 400 213
internal_value=2.31773e-05 -0.00844046 -0.00299706 -0.0132475 0.00520004 -0.00581987 -0.00458325 0.0157241 0.0138049 0.0141712 -0.00115611 0.018732 0.024502 -0.0145423 -0.00597661 -0.00978149 -0.00581999 -0.0166741 0.00497649 0.000693442 0.0131014 0.0206691 0.00730599 0.0143692 -0.0321359 -0.0258257 -0.0292987 -0.00704455 0.012171 0.00208529 -0.00711678 -0.00176636 -0.0136165 0.00882556 -0.0121506 0.0311669 0.00691608 -0.0281146 -0.0107877 0.00445994 -0.0181351 -0.0190673 -0.0313616 -0.00770723 0.000789793 -0.0087174 -0.00194023 -0.0102458 0.0257769 0.0228339 0.0102848 -0.0115841 0.0313738 -0.0257308 -0.00512786 0.0297989 0.0275827 0.0199637 0.0327428 0.0433929 0.0169996 0.000788008
internal_weight=6675.72 4135.83 3363.21 1494.43 1868.78 912.882 1010.9 955.898 2539.89 321.237 210.714 908.474 736.489 87.9801 171.985 869.884 786.663 591.645 1110.98 240.839 174.524 1428.91 395.141 334.259 772.611 587.001 548.218 169.629 111.14 245.678 102.268 717.102 338.448 378.654 195.294 183.36 1067.13 273.005 138.562 992.763 145.303 142.676 483.529 196.199 856.773 421.407 336.825 264.904 1033.77 920.794 372.872 245.85 547.922 190.445 101.573 648.509 135.99 100.829 602.049 110.523 256.153 122.09
internal_count=43761 29203 22635 9922 12713 6108 6572 6605 14558 2183 1387 6308 5139 598 1169 5650 5049 3925 6223 1503 1037 8335 2244 1869 6568 4589 4376 1126 683 1336 675 4482 2140 2342 1266 1076 5883 1823 800 5516 980 949 3350 997 4719 2342 1864 1444 6091 5324 2288 1363 3036 991 536 4541 797 541 4208 796 1299 613
is_linear=0
shrinkage=0.05


Tree=38
num_leaves=63
num_cat=0
split_feature=4 12 4 12 12 39 4 12 12 12 7 41 40 34 18 7 9 18 20 7 14 4 26 21 41 4 18 12 37 12 26 12 31 21 20 1 4 26 1 32 1 20 9 1 2 26 14 7 41 39 18 12 14 1 41 20 34 14 1 21 13 21
split_gain=172.193 139.888 104.937 73.987 138.173 62.3483 47.6888 62.7827 41.5097 75.0349 67.3877 61.1061 51.571 50.1494 59.4769 49.7044 61.7745 44.2478 54.556 50.0999 42.4154 40.5415 49.5518 49.9897 72.865 44.0842 45.6495 40.3208 40.1549 57.1704 41.9968 38.6633 38.4875 37.7641 37.5313 36.1013 35.4023 61.4842 34.3845 33.5474 31.5251 31.3928 31.2388 30.7565 29.9209 29.3631 32.9114 29.1059 28.009 27.5588 26.809 26.5782 26.1102 29.6048 26.0059 23.5189 23.2294 22.3003 22.187 21.8497 21.5903 19.0769
threshold=408.72500000000008 24.500000000000004 88.875000000000014 21.500000000000004 23.000000000000004 0.032114050976996843 151.47500000000002 32.500000000000007 19.500000000000004 20.500000000000004 0.41205607312972836 0.097565017801789541 0.052090615916521192 0.031236691039916335 0.0013603590692775616 0.32484774740274991 0.045929625673641776 -0.0082220610274075217 48.910893248588515 0.38257523826141876 0.006768400912335863 21.675000000000001 -0.0020181657116088141 0.0007773214026626751 0.042954416776443495 45.925000000000004 0.0027795347149961462 27.500000000000004 -40.926079294511887 20.500000000000004 -0.0086787786212087544 13.500000000000002 -0.090460742341198816 0.0016450752130667907 46.599791002645311 16.500000000000004 717.65000000000009 -0.015339391530808695 42.500000000000007 0.0092043965912544951 51.500000000000007 39.081585542327637 0.23710687513665751 24.500000000000004 -0.072097706982953175 0.017963673017191012 0.059419324901327168 0.078008037676047692 0.057775149549549397 0.085353795141130659 -0.007513740633879328 23.000000000000004 0.021648796818288862 27.500000000000004 0.035507909501927122 26.748786357741434 -0.24997885060064282 -0.10285675641888005 30.500000000000004 0.00048118012480803581 -0.040887502457664544 0.00052171852292526852
decision_type=2 2 2 2 2 10 2 2 2 2 8 10 10 8 10 8 10 8 8 8 2 2 2 10 8 2 10 2 8 2 2 2 10 10 10 2 2 2 2 10 2 8 8 2 10 2 2 8 8 10 8 2 2 2 10 8 8 2 2 10 2 10
left_child=1 2 3 5 35 28 7 21 11 10 -10 12 13 17 52 44 51 40 19 32 57 -3 27 25 -25 -24 34 41 -1 60 -31 -14 -19 42 -27 -5 37 38 -2 -34 -4 -23 48 -22 -11 -39 -47 -8 -7 -33 -48 -17 53 54 -15 -54 -36 -20 -50 -29 -30 -21
right_child=36 6 8 4 -6 33 47 -9 9 15 -12 -13 31 14 -16 16 -18 18 20 61 43 22 23 24 -26 26 -28 59 29 30 -32 49 39 -35 56 -37 -38 45 -40 -41 -42 -43 -44 -45 -46 46 50 -49 58 -51 -52 -53 55 -55 -56 -57 -58 -59 -60 -61 -62 -63
leaf_value=0.076660033014398249 0.031743694341127719 0.040823793578696123 0.05795530949884508 -0.00029487804860091956 0.042823093294151404 0.0097424362277554258 0.0012795643648332812 0.040161588472834013 -0.046128055701293587 0.040919464470852207 0.0097406060745498842 0.045591790644422002 0.0048714223807352188 0.018260941571282465 -0.011134856899324697 -0.054926988164044691 0.044128763842544105 -0.039489193687742542 0.035368162054141082 -0.054666733214215696 0.0093436663300542813 0.0026446173957492404 0.04728438379914799 0.06773889646016007 -0.021404728950506057 -0.001468594439695521 0.02454984462023653 -0.028239931532827237 0.013323141208476833 0.041277591376482854 -0.023313518530729001 -0.028183126516391512 0.043558803774190621 0.051439340847398818 0.007035882689344926 -0.053882887901350096 -0.048480297867080163 -0.03313093012631288 -0.026289354822869478 -0.0095598617759794433 -0.00051774701908644297 -0.046223106605387775 -0.0072339187816296072 -0.043105427949941488 0.005327417960207869 -0.023724715219493434 -0.022360667757731031 -0.042782949760111766 0.0058111604612313232 0.009639385994691399 0.032040819463658408 -0.0053428124234503951 0.0056740366722381509 0.030759326939975302 -0.047805828741685943 0.046868149176429869 -0.038205277275467936 0.0097896267811313237 0.041507149438566648 0.017734923830320888 0.05349320900915288 -0.020326725873593087
leaf_weight=61.122811242938042 88.807835035026073 37.550171859562397 57.617799565196037 45.661030471324921 85.450964704155922 413.31420224159956 48.391623459756374 66.165313810110092 185.39809919148684 89.12920218706131 76.140182390809059 89.923376187682152 263.1943903118372 30.650213479995728 113.26422470808029 70.641052536666393 30.497326582670212 32.243402913212776 113.30157740414143 48.273330122232437 53.240555457770824 39.170255906879902 31.893282040953636 54.19820324331522 39.725419819355011 168.00456558912992 67.975845731794834 44.337301142513752 40.520824924111366 41.480519525706768 63.984738349914551 256.4065657556057 72.828762590885162 67.236691132187843 32.754022553563118 100.83238854259253 101.49753174185753 346.92712573707104 35.818897008895874 50.220478393137455 38.422006249427795 204.14516453444958 161.24814889580011 58.844697169959545 174.95987347513437 187.47543516010046 35.761774323880672 166.18978223204613 59.742108948528767 59.299836285412312 61.75015776604414 43.772356115281582 41.632284708321095 98.89802110940218 28.977356441318989 206.55706731975079 212.14240419864655 343.70462120324373 160.42311663925648 61.955391801893711 191.68669769912958 249.34203384071589
leaf_count=350 507 208 321 279 578 2671 257 288 1315 555 436 696 1657 203 742 561 185 233 706 386 287 217 180 263 252 992 339 246 284 249 362 1707 446 506 193 770 1063 2743 266 342 219 1293 1035 404 1041 1518 218 1166 391 347 342 244 253 572 207 1465 1538 2121 1172 303 1549 1599
internal_value=0.000140589 0.00326118 0.00742752 0.018247 -0.00770586 0.0230216 -0.0113504 -0.00699901 0.0020032 -0.00894708 -0.0298633 0.00518615 0.00354721 0.00808078 0.0209094 0.00442799 -0.0191025 0.00211444 -0.000934776 -0.0138842 0.00937098 -0.0101387 -0.0121398 -0.00349991 0.0300352 -0.0096425 -0.0134181 -0.0271331 0.0393685 0.0326183 0.0020908 -0.00928068 0.00913737 0.0154586 -0.0196687 -0.0371799 -0.0207521 -0.0170321 0.0150644 0.0218793 0.0345624 -0.0383561 0.0124145 -0.0181921 0.0173396 -0.0233623 -0.0114704 -0.0328461 0.0174158 -0.0210788 0.0120895 -0.035957 0.0298332 0.0139817 -0.0138457 0.0399581 -0.0321544 0.0161311 0.031821 -0.00144232 0.0464834 -0.0258967
internal_weight=6602.72 5744.68 4470.08 1492.7 231.944 1260.76 1274.6 1060.02 2977.38 670.538 261.538 2306.84 2216.92 1638.02 519.979 409 144.911 1118.04 1022 452.908 569.091 993.852 956.302 606.694 93.9236 512.77 480.877 349.608 398.796 337.673 105.465 578.901 155.293 861.964 412.901 146.493 858.039 756.541 124.627 123.049 96.0398 243.315 794.728 112.085 264.089 631.914 284.987 214.581 633.479 315.706 97.5119 114.413 406.715 158.526 59.6276 248.189 244.896 457.006 220.165 106.293 232.208 297.615
internal_count=43838 37181 29446 10196 1627 8569 7735 6312 19250 4337 1751 14913 14217 10506 3442 2586 990 7064 6524 3006 3518 6024 5816 3757 515 3242 3062 2059 2794 2444 611 3711 1021 5775 2723 1049 6657 5594 773 788 540 1510 5269 691 1596 4821 2078 1423 4234 2054 560 805 2700 982 410 1718 1731 2827 1563 549 1833 1985
is_linear=0
shrinkage=0.05


Tree=39
num_leaves=63
num_cat=0
split_feature=29 4 29 4 12 11 22 10 16 6 21 10 11 12 22 12 1 10 21 7 11 10 7 1 22 41 20 12 11 40 20 12 19 21 7 11 22 11 21 41 4 40 7 12 7 1 21 12 11 11 1 20 12 11 7 21 6 21 21 6 1 40
split_gain=301.665 132.706 113.192 134.589 99.9541 107.841 224.692 132.643 108.484 76.6445 76.5591 72.5984 69.3568 65.9598 65.6566 59.4982 59.3189 58.6539 53.3703 52.143 88.1344 122.269 76.4996 56.2245 58.7309 47.9619 45.7246 44.5096 46.5385 45.6805 41.4048 40.8541 40.633 39.686 46.3977 39.4077 45.7801 41.968 35.0339 34.9175 34.8059 32.7076 30.8257 30.2449 29.831 34.2805 43.0444 36.6495 28.3585 49.2331 96.8515 53.9032 65.8838 102.056 78.4996 53.5585 28.0999 39.6531 27.5953 27.4664 27.0558 29.1316
threshold=0.41480574381557073 98.375000000000014 0.095936122428622095 431.05000000000007 24.500000000000004 1.5000000000000002 1.0000000180025095e-35 0.4843393248729182 -0.12123011498535129 0.31456743329846049 0.0010438115251357614 0.64006072471970277 1.5000000000000002 14.500000000000002 1.0000000180025095e-35 25.500000000000004 10.500000000000002 0.5674835806952826 0.0010041741476673096 0.59358229530796136 1.0000000180025095e-35 0.08768403639371386 0.42158894428144283 47.500000000000007 1.0000000180025095e-35 0.024035271169730747 51.410843649225761 21.500000000000004 1.0000000180025095e-35 0.025931705779483637 48.910893248588515 32.500000000000007 -0.0037932480663960817 0.00047064002705104042 0.049480568824376764 1.5000000000000002 1.0000000180025095e-35 1.0000000180025095e-35 0.00094577323757834752 0.089118621510165863 648.10000000000014 0.043828459070782928 0.12319738616755949 18.500000000000004 0.10526315789473688 65.500000000000014 0.00073929732346963495 23.000000000000004 1.0000000180025095e-35 1.5000000000000002 17.500000000000004 61.812878100955977 26.500000000000004 2.5000000000000004 0.13979664892961388 0.00053526076131943021 0.13913575529398534 0.00096829543842269332 0.00095066746622329715 0.16488982845365821 66.500000000000014 0.07438953748416717
decision_type=2 2 2 2 2 2 2 10 8 10 10 10 2 2 2 2 2 10 10 10 2 8 8 2 2 10 10 2 2 10 10 2 10 8 10 2 2 2 8 10 2 10 10 2 8 2 8 2 2 2 2 8 2 2 10 10 8 8 10 10 2 10
left_child=2 27 -1 4 5 7 8 9 16 19 25 -10 39 38 15 17 -7 44 -16 20 22 -22 23 24 30 -8 -25 29 -29 -2 -4 48 -27 -23 -35 37 60 -31 -11 -3 43 -15 -9 -5 -14 46 47 -46 -6 50 -50 52 53 -51 -55 -52 -48 -58 -21 -53 61 -37
right_child=1 12 3 40 31 6 10 42 11 13 -12 -13 14 41 18 -17 -18 -19 -20 58 21 33 -24 26 -26 32 -28 28 -30 35 -32 -33 -34 34 -36 36 -38 -39 -40 -41 -42 -43 -44 -45 45 -47 56 -49 49 51 55 59 -54 54 -56 -57 57 -59 -60 -61 -62 -63
leaf_value=0.026185473360478863 0.046589279630889539 -0.044727190842267166 0.042722135446783195 -0.0052602122589331338 -0.051676024231633325 -0.048467642100688171 0.024490107282950761 0.048673448489703938 0.051783322848547801 0.0044428812729407517 0.035539424653381134 -0.0058683291301977868 0.034376228270468927 0.019508008324143022 -0.053614574436662399 -0.043506165643516781 0.023871356343232356 -0.050154446541363341 -0.0023317286283317511 -0.050048904978600262 0.044919332894599193 0.0027571152817836104 -0.023073827016208043 0.028704411403672799 0.058931409840317334 0.016471342097027913 -0.047909747594311373 -0.058411706841034527 -0.006315514497116927 0.0051776826537108071 -0.030250436860740533 0.036341992034630781 -0.032980757273052171 0.0019558808229758885 -0.052006808606447297 0.046854752407248679 -0.031225447965761183 -0.043460600489454743 0.05100223011803217 -0.0037910088156054137 -0.047383973051778182 -0.040592351415183227 -0.010608666590685087 -0.037707002244246522 0.057813980889332088 -0.044716340941146952 -0.051936115062688151 -0.0043601112897744924 -0.048110700065164241 0.071875221193968705 0.0090336992001553828 -0.012283350405018358 -0.048073828729051207 0.017698891722908131 -0.042498076396519341 0.084544585876498657 0.04385310742725769 -0.035426756490752269 -0.0051359213793208715 0.038034471724632438 -0.014471838969683399 -0.0095881067253060347
leaf_weight=654.94947216659784 69.895711466670036 473.20369675010443 36.7868307903409 257.09517595916986 41.786127611994743 47.779196605086327 59.992014579474926 167.71481417119503 604.11689600348473 58.912331953644753 89.352213829755783 60.032749444246292 95.775310374796391 39.228949278593063 161.98216389119625 82.088192269206047 69.651687189936638 44.683582045137882 73.870099596679211 112.07628938555717 57.678776234388351 59.981910094618797 116.01547133922577 37.393734507262707 131.39199642837048 50.057876266539097 40.640397727489471 51.874704889953136 246.92372746765614 111.18252993375063 41.220779776573181 47.151550158858299 244.06741846352816 48.649656869471073 219.81241988390684 123.33959840983152 40.353133909404278 73.783039718866348 128.59804262965918 58.535526238381863 102.4869918897748 53.52598961442709 25.226655714213848 99.661491170525551 58.376270093023777 34.592599183320999 32.933873906731606 39.904477372765541 39.098195619881153 34.591029867529869 48.592375487089157 49.183249577879906 170.0178105905652 86.057676061987877 146.10109525173903 45.444154158234596 32.214875467121601 30.901098743081093 49.220114007592201 60.45835018157959 31.599748015403748 28.061629079282284
leaf_count=3559 491 4077 176 1608 283 331 342 1335 4774 310 533 357 560 195 1750 624 520 316 456 789 268 303 794 201 638 262 261 482 1586 653 301 212 1457 286 1525 929 229 554 702 308 1031 295 157 894 363 169 168 251 228 174 250 310 1097 503 1031 202 197 216 266 315 174 207
internal_value=-0.000173496 -0.016369 0.00695996 0.00371203 0.00712707 0.0117326 0.0226093 0.00237589 0.0387392 -0.00366507 -0.00581837 0.0465722 -0.0266616 0.0193141 -0.0161718 -0.00500225 -0.00556127 0.00355452 -0.0375525 -0.0104381 -0.00514604 -0.0222217 0.0111963 0.0250286 0.0385282 -0.0162539 -0.0111965 -0.000220716 -0.01536 0.0092386 0.00416197 -0.00874903 -0.0245644 -0.0340125 -0.0422279 0.00284495 0.0169804 -0.0142242 0.0363741 -0.0402208 -0.0217021 -0.015174 0.0409224 -0.0143244 0.0109457 0.00114301 0.00930639 0.0325697 -0.0116965 -0.00923812 0.0180267 -0.0158813 -0.0237496 -0.00824612 -0.020184 0.0455251 -0.0144973 0.00503829 -0.0363436 0.0154628 0.0276101 0.0363933
internal_weight=6527.88 1996.08 4531.8 3876.85 3417.61 2649.13 1225.05 1424.08 781.581 1231.13 443.47 664.15 1219.06 280.265 687.323 451.47 117.431 369.382 235.852 950.868 789.572 386.123 403.449 287.434 209.4 354.117 78.0341 777.014 298.798 478.215 78.0076 768.482 294.125 328.444 268.462 408.32 223.354 184.966 187.51 531.739 459.244 92.7549 192.941 356.757 324.699 228.923 194.331 98.2807 721.33 679.544 133.135 546.409 436.768 266.75 232.159 94.0365 96.0498 63.116 161.296 109.642 183.001 151.401
internal_count=43835 14760 29075 25516 21983 17378 8576 8802 5982 7310 2594 5131 9455 1502 5070 2864 851 2240 2206 5808 4753 2382 2371 1577 1115 2061 462 5305 2068 3237 477 4605 1719 2114 1811 2746 1539 1207 1012 4385 3533 490 1492 2502 1924 1364 1195 614 4393 4110 680 3430 2805 1708 1534 452 581 413 1055 625 1310 1136
is_linear=0
shrinkage=0.05


Tree=40
num_leaves=63
num_cat=0
split_feature=29 4 29 4 41 11 10 1 26 4 4 39 7 7 42 11 10 21 32 4 37 2 21 1 34 34 37 7 32 7 11 10 21 21 36 21 41 34 26 10 32 18 1 11 21 21 21 7 1 40 21 21 17 1 6 32 21 21 11 11 16 11
split_gain=285.618 126.376 110.679 105.868 58.5948 53.3916 49.6617 41.1284 39.9429 58.3682 37.7674 37.5892 36.7833 36.5632 35.7474 31.9228 66.6198 52.3319 62.056 47.2709 42.6948 50.9527 48.3024 47.3704 75.2912 72.5172 43.0207 39.4689 41.5774 39.7852 61.8629 130.283 84.8362 43.6166 35.0297 31.4785 36.2043 30.4651 30.0866 34.6367 29.6459 42.0515 33.4951 27.8174 27.6241 43.6877 26.7639 25.7957 24.647 24.1573 24.0506 24.0414 22.4005 19.6264 23.7338 22.5593 19.1757 30.8467 30.3521 43.2392 24.9745 19.0004
threshold=0.41480574381557073 151.47500000000002 0.14123754683996606 397.52500000000003 0.089118621510165863 1.5000000000000002 0.37783878869302073 15.500000000000002 -0.010898982924408733 623.07500000000016 497.5750000000001 0.014350673520295072 0.095802282795637975 0.39819752133801717 0.063789131453650963 1.5000000000000002 0.4843393248729182 0.00036269713125871179 0.30345397935048662 25.525000000000002 48.237921906087692 0.28538539666137991 0.00065677326212995948 44.500000000000007 -0.031146649832098524 -0.31071615088983212 -2.3490302504760341 0.14738821515244802 -0.2357506552478256 0.63177121386076618 1.0000000180025095e-35 0.094031842953327019 0.00060182001472670183 0.00048411424695017684 26.580649445311511 0.001117208216489238 0.037539456831360292 1.1295682140577112 0.017963673017191012 0.31999328164153384 -0.067907431800863602 -0.0029286400248446638 32.500000000000007 2.5000000000000004 0.00037372379567463009 0.00057527414034001735 0.00042880026543867664 0.23135338016509219 32.500000000000007 0.028931419697557619 0.00044515280506386918 0.00046152794238094659 0.0098943117609122787 67.500000000000014 0.060990058226398733 0.13564379084967318 0.00045207265151346978 0.00066541922641054926 1.0000000180025095e-35 3.5000000000000004 0.10913156393999386 2.5000000000000004
decision_type=2 2 2 2 10 2 10 2 2 2 2 10 8 8 10 2 10 8 10 2 8 10 10 2 10 8 10 8 8 10 2 10 8 8 10 10 10 10 2 8 10 8 2 2 10 10 10 10 2 8 8 8 10 2 8 10 8 10 2 2 10 2
left_child=2 6 11 4 15 -3 13 -8 9 48 12 -1 -7 -2 43 16 17 -4 27 -17 21 22 26 24 61 -25 34 52 -29 30 32 49 -30 -33 -21 36 -27 47 -10 -40 41 -34 -42 46 -23 -46 -9 -6 -5 -32 -36 -18 -19 54 -14 -56 58 -58 -15 -60 -59 -24
right_child=1 5 3 8 37 10 7 14 38 -11 -12 -13 53 56 -16 19 51 18 -20 20 -22 44 23 25 -26 35 -28 28 29 -31 31 33 40 -35 50 -37 -38 -39 39 -41 42 -43 -44 -45 45 -47 -48 -49 -50 -51 -52 -53 -54 -55 55 -57 57 60 59 -61 -62 -63
leaf_value=0.0011114468632356721 -0.025695352387477961 -0.043887016074481255 -0.036145455473565312 0.048781837392498348 0.056807444857750161 0.01763454648826383 -0.023324742263849112 0.046531401063797231 -0.045519945667184203 -0.042932781112946947 -0.053289212889329245 0.023306946462217065 -0.044291144715252327 -0.033700695436242607 -0.0087862370881105697 0.045150794887356877 0.051786687078114561 0.062097945617726337 -0.041766790790178365 -0.026073801262815163 -0.034993317704353946 0.055764798688640531 0.018073730054692514 -0.050359812367302706 -0.042372886756483132 -0.00098980096842413785 -0.038676662782246053 0.023125951511299543 -0.047429820082339286 -0.037351155032421673 0.059359142133477573 0.011692100482777242 0.037513256866950666 -0.05174888535774811 0.030354232786022169 -0.034956958524701674 0.041359535799771002 -0.014794273723312535 -0.033489845230057012 0.017328543745955226 0.059644529973132313 -0.037047585112130015 0.0071423842169275904 0.056982548888468376 -0.037213880392664503 0.02647524795855451 -0.016084203554132342 0.011674640178177232 -0.0046316041804455579 0.0083276972572768788 -0.0027225559823677984 -0.0036269811265676635 0.012245788853590359 -0.05656685801109132 -0.0039966171021226342 -0.051896577786396648 -0.029029601471081763 0.0078554583791872832 0.04270130408690688 -0.021172119799299144 -0.033771554835056436 0.055270268422566708
leaf_weight=233.33332496881485 272.48584546893835 392.44824445992708 127.02044969052076 50.176929958164692 100.57661965489388 77.693745635449886 57.486752741038799 32.638560138642788 163.6782027259469 47.583661451935768 69.171643033623695 1045.3175502121449 61.299835480749607 29.589036576449871 58.326639302074909 83.906092934310436 72.4209209010005 38.423999480903149 89.017429009079933 98.889215998351574 59.370500214397907 62.311459481716156 47.748783499002457 56.567930638790131 28.98204667121172 102.38265265524387 98.329943254590034 139.47116680443287 43.941155113279819 92.394632816314697 40.869369104504585 32.525670938193798 41.819500960409641 162.19631833583117 86.548498831689358 30.060789957642555 99.525282889604568 27.443236514925957 87.734428137540817 54.271308071911335 93.583023823797703 34.519903898239136 44.979657270014286 81.928648754954338 30.787595011293888 214.66253603249788 35.767380207777023 46.203229144215584 37.918592758476734 53.611608542501926 150.55814744532108 26.822860568761826 54.487353943288326 33.963856108486652 215.02025694400072 27.753506399691105 129.74211619794369 214.48312196880579 84.593837589025497 38.57931113243103 43.307236827909946 122.18118211627007
leaf_count=1279 2162 3435 915 244 894 524 354 202 1455 504 780 5900 456 251 352 641 562 190 617 660 361 429 376 377 215 665 674 737 318 610 193 170 215 1176 651 214 804 191 724 383 473 239 235 628 227 1502 233 292 221 282 993 167 287 247 1575 207 875 1384 533 289 243 760
internal_value=-0.000157853 -0.0160836 0.00683524 0.00183521 0.005502 -0.0301764 -0.00462383 0.0141222 -0.020888 0.00168928 -0.01908 0.0192566 -0.0133881 -0.0107623 0.0244389 0.00359318 -0.00240751 -0.00598196 -0.00199858 0.00878649 0.00641922 0.00841891 0.00253755 0.0133416 0.0321144 0.000399938 -0.00958792 0.0020573 -0.00161253 -0.00699992 -0.00188304 -0.0177756 0.0158736 -0.0411519 -0.00107504 0.0127782 0.0198852 0.0335599 -0.030909 -0.0140682 0.0288172 0.0037976 0.0426015 0.0373296 0.0260341 0.0184865 0.0137916 0.0426006 0.0257913 0.0304022 0.00935111 0.0368099 0.0328624 -0.0205182 -0.0164917 -0.00947246 -0.00323113 -0.00914517 0.0117718 0.0226954 0.000862369 0.0448184
internal_weight=6411.43 1956.28 4455.15 3176.5 2735.14 877.351 1078.93 266.148 441.363 135.679 484.903 1278.65 415.731 812.781 208.661 2560.92 1188.11 1088.86 961.841 1372.81 1288.91 1229.54 921.774 487.449 198.912 288.537 434.326 872.823 779.912 640.441 548.046 289.203 258.843 194.722 335.996 231.969 201.908 174.223 305.684 142.006 214.902 76.3394 138.563 150.335 307.762 245.45 68.4059 146.78 88.0955 94.481 237.107 99.2438 92.9114 338.037 304.074 242.774 540.295 387.532 152.762 123.173 257.79 169.93
internal_count=43752 14730 29022 21843 18312 7224 7506 1769 3531 969 3789 7179 3009 5737 1415 16935 7386 6657 5742 9549 8908 8547 6389 3411 1351 2060 2978 5125 4648 3911 3301 1821 1480 1346 2304 1683 1469 1377 2562 1107 1162 454 708 1063 2158 1729 435 1186 465 475 1644 729 477 2485 2238 1782 3575 2502 1073 822 1627 1136
is_linear=0
shrinkage=0.05


Tree=41
num_leaves=63
num_cat=0
split_feature=29 4 29 4 11 11 10 21 41 10 41 41 26 4 10 14 21 11 10 10 21 10 11 5 21 25 0 25 10 25 7 37 11 4 29 16 10 0 21 25 42 26 0 32 21 20 21 21 10 40 34 25 20 11 20 34 11 7 34 29 32 37
split_gain=291.75 156.754 81.0919 84.9489 59.2074 58.7128 59.876 49.825 48.3351 47.9208 44.6311 43.3468 42.3266 53.2765 40.2064 58.8221 38.0375 38.5238 54.4818 36.667 36.4013 43.1806 54.4762 36.5819 34.8097 34.664 36.2407 31.9184 62.8319 38.278 30.1612 49.1453 56.3743 30.0127 28.9882 28.3293 28.1723 27.2462 26.4637 32.6226 26.2858 25.3963 36.1414 23.5558 46.6721 41.5244 41.0909 35.8983 29.617 27.8265 23.8669 23.3079 22.993 72.2227 48.8255 46.0031 21.9371 24.1768 21.5728 21.0062 20.8905 20.5831
threshold=0.34809232412818142 144.62500000000003 0.10935726490855696 458.02500000000003 1.5000000000000002 1.5000000000000002 0.49601983107785858 0.00029657002292457306 0.047858445754373598 0.64006072471970277 0.089118621510165863 0.024852732747415694 -0.015339391530808695 648.10000000000014 0.51631512207319041 0.079353841646665077 0.00044006716317366494 2.5000000000000004 0.099901977334473716 0.45762827527190536 0.00046152794238094659 0.37783878869302073 1.0000000180025095e-35 0.021162480393697627 0.00064858103451909024 607.50000000000011 0.006115019342574044 747.50000000000011 0.2468784977614327 867.50000000000011 0.09375565644986121 -8.5757823585700486 1.0000000180025095e-35 108.02500000000002 0.52166327337360341 -0.10433542471588768 0.18835997236732541 0.012660956574845103 0.00066541922641054926 797.50000000000011 0.046935883369910419 0.004642447197991127 0.066688564866441147 0.14696992536154432 0.0016072420169554234 35.429790859714807 0.0010717374769591886 0.0010211601010804996 0.047510330578512387 0.069840680307434747 0.34618630127180655 812.50000000000011 48.104385397995976 1.0000000180025095e-35 26.748786357741434 0.090977422873397065 1.5000000000000002 0.56527622997530558 -0.17660216188466146 0.48524103128023427 -0.029266551766160106 1.2109553332040568
decision_type=2 2 2 2 2 2 8 8 10 8 10 8 2 2 8 2 8 2 8 10 8 10 2 8 8 2 2 2 10 2 8 8 2 2 2 10 10 2 8 2 10 2 2 8 10 10 10 8 8 10 10 2 8 2 10 10 2 8 8 2 10 10
left_child=2 5 37 7 19 6 25 -4 16 35 20 -6 13 -5 15 27 17 -7 -19 -3 21 22 33 36 30 -2 -27 28 59 60 -22 32 -32 -9 -21 -10 -24 -1 -18 -40 -8 -28 -43 44 46 47 50 -45 -48 -49 52 61 53 -26 -55 -54 -34 -58 -31 -13 -29 -47
right_child=1 4 3 12 11 8 40 10 9 -11 -12 14 -14 -15 -16 -17 38 18 -20 34 24 -23 23 -25 43 26 41 29 -30 58 31 -33 56 -35 -36 -37 -38 -39 39 -41 -42 42 -44 45 -46 51 48 49 -50 -51 -52 -53 55 54 -56 -57 57 -59 -60 -61 -62 -63
leaf_value=0.0050112512207521444 0.0097550445085055112 -0.044942240847155188 -0.030387206719596695 0.043628882213193942 -0.048976632458431396 0.046680209198778688 0.027891366894491738 0.0061003847216900857 0.0019778729656859521 -0.028205846654635047 0.03590978372917477 -0.025017542166891012 -0.03258052692851076 -0.038540486609274109 -0.033671095223910485 0.029990099478067685 -0.029087905288557498 -0.058390334164078406 0.020217674872830712 0.0053303997026054369 0.025450766074297346 0.051856898302088478 0.021594640302679297 0.037889581558167885 0.051998551816409382 0.02683194511381436 -0.044241304540928138 0.036927630046516183 0.028715460802806372 0.0064228250674668256 -0.055213398869622066 -0.032840897351489949 0.040312178048996665 -0.054251723438358872 -0.046418627581103197 0.040826680396671727 -0.027781395388716768 0.02714664937861154 -0.017577938327375444 0.020953855360167785 -0.021572542970235545 -0.033465169595608191 0.019950315520622437 0.045499524113047002 -0.04261118168528813 0.0039083537660003272 0.07570691848197969 -0.022952585356094304 0.02526822678433209 0.030711554803858829 0.042236428798090857 0.010686872572398566 0.019180866471370007 0.034698986422003794 -0.027129198042174688 -0.021909092979423617 -0.01922664677193401 0.021698695278006372 -0.053006073026812886 -0.062954928543885541 -0.012515298958083045 -0.04317059588708675
leaf_weight=175.3440634906292 70.687504604458809 426.95005708187819 82.486911699175835 48.045169435441494 87.290571510791779 67.83408597111702 103.63545658439398 42.449761785566807 62.051160015165806 38.931996330618858 146.23297783732414 78.486864104866982 209.24761264771223 33.468559868633747 150.05053789168596 100.20021741837263 131.41939165443182 30.247363090515137 81.258235484361649 74.869191654026508 60.40526157617569 86.63988534361124 72.100541539490223 168.90243797004223 46.606476940214634 27.552021913230419 202.47991833090782 69.726127080619335 39.04796252399683 26.35436974465847 35.908826902508736 170.582758449018 53.267731912434101 40.02046125382185 42.380515411496162 192.52656388282776 48.202250696718693 671.03175251185894 126.25520021468401 97.237742364406586 36.254609078168869 102.89048361778259 45.747086212038994 59.711253717541695 37.963073082268238 30.732088670134544 37.182464905083179 65.49913378059864 133.95763345807791 38.270686790347099 52.110995531082153 43.832915082573891 469.07426431030035 38.609963662922382 184.59100298583508 79.689098671078682 67.054873123764992 78.140623331069946 36.308497831225395 68.189101472496986 30.801428146660328 94.935623936355114
leaf_count=917 450 4158 631 234 988 543 636 242 424 263 1219 604 1680 342 1197 631 967 284 529 401 392 678 441 1067 274 157 1633 401 248 153 242 1163 245 330 199 1502 265 3746 868 541 193 875 209 385 234 177 206 418 770 232 466 261 2995 214 1152 485 436 436 321 545 273 627
internal_value=-9.54199e-05 -0.0127689 0.00896787 0.00493948 -0.0258235 -0.00143101 -0.013494 0.00784274 0.00715608 0.0234569 0.00911293 -0.0160588 -0.0206738 0.00989112 -0.0112631 -0.00377646 -0.00179935 0.016969 -0.00110578 -0.0381409 0.00743577 0.0200695 0.0126597 0.0228817 0.00435279 -0.0223869 -0.028387 -0.0134734 -0.0276491 0.00265965 -0.00750759 -0.0124238 0.00243629 -0.0231868 -0.0133746 0.0313576 0.00181093 0.0225608 -0.0112831 -0.000813451 0.0150721 -0.03272 -0.0170252 0.00825956 0.0118449 -0.00336675 0.0138292 0.0146122 0.0362267 -0.00316106 0.00942676 -0.0207072 0.00733806 -0.00461296 -0.016434 0.013214 0.0128671 0.00279836 -0.0280118 -0.0426545 0.0217784 -0.0316574
internal_weight=6349.96 2647.66 3702.3 2855.92 1230.66 1417.01 589.247 2565.16 827.762 293.51 2482.68 686.456 290.761 81.5137 599.165 449.115 534.252 179.34 111.506 544.2 2336.44 458.315 371.675 289.205 1878.13 449.357 378.67 348.914 185.724 163.19 465.36 404.955 234.372 82.4702 117.25 254.578 120.303 846.376 354.912 223.493 139.89 351.117 148.638 1412.77 1079.78 332.982 1041.82 163.481 171.14 103.77 870.682 169.501 818.571 269.807 223.201 548.763 198.463 145.195 62.6629 146.676 100.528 125.668
internal_count=43795 20193 23602 18939 10119 10074 4153 16683 5921 2189 16052 5361 2256 576 4373 3176 3732 1356 813 4758 14833 3023 2345 1773 11810 3324 2874 2545 1397 1148 2914 2522 1359 572 600 1926 706 4663 2376 1409 829 2717 1084 8896 6796 2100 6562 1035 976 650 5586 1065 5120 1640 1366 3480 1117 872 474 1149 674 804
is_linear=0
shrinkage=0.05


Tree=42
num_leaves=63
num_cat=0
split_feature=29 22 11 12 10 10 7 1 21 21 1 29 0 21 1 36 29 37 29 11 21 29 20 32 7 11 12 10 0 41 1 0 10 12 1 11 4 21 32 21 21 10 40 19 17 10 4 16 21 11 12 22 21 11 1 21 7 12 12 10 22 4
split_gain=271.504 161.124 145.158 191.732 124.627 112.635 101.388 102.158 121.748 91.0107 74.2612 73.9026 65.8174 57.4313 57.1143 57.1049 55.1286 52.9113 48.6687 43.6296 49.7315 40.2056 39.9947 37.24 36.788 44.6773 54.2857 45.803 35.4518 35.2919 32.8163 32.5286 32.503 32.3557 32.1236 66.6618 30.643 30.3714 39.106 72.705 58.4054 66.5714 32.4964 31.3759 30.4419 29.594 29.166 28.8139 40.7665 45.4819 40.6172 80.9972 40.063 38.9785 46.6493 52.6922 45.022 38.26 32.3657 30.1883 104.321 34.8397
threshold=0.28285532603017577 1.0000000180025095e-35 1.5000000000000002 24.500000000000004 0.45762827527190536 0.5674835806952826 0.26372649499775097 43.500000000000007 0.00064858103451909024 0.001117208216489238 73.500000000000014 0.49554752013186604 0.0096864225188161898 0.001131353557237292 14.500000000000002 78.513876612331259 0.078062083359420789 47.150996291304317 0.50869780662038722 1.0000000180025095e-35 0.0010041741476673096 0.55891868028877523 40.712777149510664 0.47463743561940913 0.31599256505576218 2.5000000000000004 31.500000000000004 0.059976940814757872 0.00429823255969805 0.089118621510165863 59.500000000000007 0.062729463276683606 0.25720831743982486 25.500000000000004 38.500000000000007 2.5000000000000004 39.425000000000004 0.0016072420169554234 0.17166042727139433 0.0010937494334962137 0.0010717374769591886 0.37783878869302073 0.07438953748416717 0.00082611382218178442 -0.0079072530275510634 0.2468784977614327 149.52500000000003 0.001350834606197676 0.00090865671224483319 1.5000000000000002 24.500000000000004 1.0000000180025095e-35 0.0007773214026626751 1.0000000180025095e-35 25.500000000000004 0.00057860872499656093 0.44642636835575528 20.500000000000004 24.500000000000004 0.2136329966329967 1.0000000180025095e-35 113.02500000000002
decision_type=2 2 2 2 8 10 10 2 8 8 2 2 2 10 2 8 2 10 2 2 10 2 10 8 8 2 2 8 2 10 2 2 10 2 2 2 2 10 10 10 10 10 8 10 8 10 2 10 10 2 2 2 10 2 2 10 8 2 2 10 2 2
left_child=12 2 4 5 9 10 -3 8 -8 28 13 19 32 17 -15 21 -14 18 -4 -10 -21 -6 33 -7 -24 27 -27 -26 -2 37 -11 -13 36 -5 -20 -36 -1 38 40 45 41 47 -39 -42 -45 -40 -32 52 49 59 51 -51 53 56 55 -55 -18 -57 -56 61 -61 -49
right_child=1 6 3 22 15 23 7 -9 11 30 -12 31 16 14 -16 -17 29 -19 34 20 -22 -23 24 -25 25 26 -28 -29 -30 -31 46 -33 -34 -35 35 -37 -38 42 39 -41 43 -43 -44 44 -46 -47 -48 48 -50 50 -52 -53 -54 54 58 57 -58 -59 -60 60 -62 -63
leaf_value=0.028936329351492596 0.01900026791014154 -0.047169644389794332 0.04603231681266786 0.032672781573467834 0.02738318336848139 0.02027120318824565 -0.054196053095548605 -0.043572689200433196 0.070944653845585834 -0.021223240763569871 -0.046792673771068695 -0.04805343228034268 0.032475181459204992 -0.058674299248584118 0.042038958688595987 -0.03436873150074124 0.02671339707154375 -0.030393842488264218 0.038866430289771096 -0.027289529080233244 0.043181699124808626 -0.026591214551845068 -0.050083896230924789 -0.047389948505266073 0.060421876633802045 -0.047816857630582327 0.0070952898537118576 -0.023254351102956414 -0.042746890895736141 0.037032819950559868 0.053377703131452271 0.015134065591202998 0.037379590937071321 -0.021186299579646798 -0.038931779165716142 0.034565604648974999 -0.016456588594967667 -0.053873973827988454 -0.028339082364612335 -0.047041584209946211 0.059334772879204467 0.046972812344574705 0.013369553443298383 -0.0094757239875714536 0.051883398084829092 0.015418364625520199 -0.0062826956792334313 -0.0019417802241098567 -0.04221812778132801 0.059389642975487371 -0.012722414137936329 -0.0065536823653793569 0.030578027367276335 0.018307017984745644 0.039164613957056976 -0.055955332094390256 -0.043032417515487871 0.006977486727399701 0.002673934146847612 -0.038211029170740422 0.064927126759823983 -0.054133449052303245
leaf_weight=41.594149947166443 24.377410262823105 393.46282613649964 462.42662937939167 60.545166783034801 212.11273173987865 28.024856925010681 72.049326863139868 180.70584046840668 63.278769180178642 69.466314546763897 32.797396644949913 45.34773900359869 341.00626167654991 34.590636715292931 23.737127542495728 63.661944948136806 33.807517193257809 30.624055981636047 98.805796816945076 38.186170719563961 72.69257465004921 41.204934261739254 112.3974527567625 74.125029444694519 33.749641828238964 123.91735178977251 70.679151475429535 31.729546301066875 500.76176946610212 121.86985322088003 43.758018113672733 36.974887154996395 37.01359649002552 51.69354385137558 57.270659327507019 66.878062181174755 350.23412834107876 38.523639842867851 46.958371140062809 78.773431003093719 99.351624585688114 114.81052375584841 33.670442163944244 45.892145805060863 36.12674118578434 218.13695537298918 38.517499417066574 60.695582754909992 55.315366193652153 103.39458864182234 80.648428671061993 84.722516648471355 237.69764810055494 114.21381554752588 172.58140311390162 61.480862513184547 73.316721022129059 39.775169156491756 93.789452649652958 55.601786881685257 43.855223461985588 67.573641806840897
leaf_count=217 129 4258 3502 367 1325 185 733 1491 312 431 153 306 1887 295 212 334 184 160 684 291 373 206 986 529 190 1037 375 227 4497 1043 219 163 219 305 312 432 2347 229 267 496 527 996 216 284 217 1333 210 337 301 876 479 440 1413 605 1066 366 453 215 486 308 232 449
internal_value=-0.000208274 -0.0101114 -0.00330866 0.0071006 -0.0179087 0.0206394 -0.0281063 -0.0133769 0.0032322 -0.0300251 0.0268998 0.0193647 0.0107179 0.0300211 -0.0176879 0.00796472 0.0137618 0.0339076 0.0367807 0.0378175 0.0189117 0.0186036 -0.0182971 -0.0288271 -0.0261812 -0.0158511 -0.0278723 0.0198745 -0.0398805 0.0108777 0.00408199 -0.019673 -0.00740721 0.00786702 0.0175922 0.000660756 -0.0116379 0.0093531 0.0104928 -0.00486543 0.0136464 0.0103922 -0.0225124 0.0404394 0.017551 0.00766727 0.0254475 0.00734545 -0.0015025 0.00303373 0.0169638 0.0296907 0.0132516 0.00625886 0.0123239 -0.00497395 -0.0210212 -0.0312342 0.0263162 -0.0134067 0.00726738 -0.0294369
internal_weight=6272.98 3290.55 2387.85 1393.99 993.861 909.28 902.698 509.235 328.529 676.881 807.13 256.48 2982.43 774.333 58.3278 316.98 2553.59 716.005 685.381 174.158 110.879 253.318 484.712 102.15 372.473 260.076 194.597 65.4792 525.139 2212.58 151.742 82.3226 428.842 112.239 222.955 124.149 391.828 2090.71 2018.52 343.869 1674.65 1493.28 72.1941 181.371 82.0189 265.095 82.2755 1378.47 551.807 496.492 268.766 188.117 826.663 588.965 481.841 215.47 107.124 101.256 266.371 227.726 99.457 128.269
internal_count=43717 25229 17302 9951 7351 6464 7927 3669 2178 5486 5750 1445 18488 5597 507 1865 15705 5090 4930 976 664 1531 3487 714 2815 1829 1412 417 4626 13818 860 469 2783 672 1428 744 2564 12775 12330 2096 10234 9206 445 1028 501 1600 429 8210 3422 3121 1795 1316 4788 3375 2738 1186 637 581 1552 1326 540 786
is_linear=0
shrinkage=0.05


Tree=43
num_leaves=63
num_cat=0
split_feature=29 29 4 22 11 12 22 11 10 37 1 12 16 10 11 12 7 12 1 1 12 28 34 12 11 7 10 11 11 42 1 4 1 17 40 10 5 11 29 12 12 18 10 37 1 12 16 1 37 41 37 20 12 11 39 17 40 14 12 1 20 11
split_gain=235.673 105.114 100.68 90.9372 75.9043 73.7352 85.2014 152.366 143.252 180.781 125.912 143.124 100.757 88.15 73.5737 67.0102 66.1277 54.4734 50.2003 53.7037 42.8696 51.2837 63.3481 46.0218 118.98 98.9212 41.3335 41.9507 76.2395 41.2127 40.9022 40.4734 40.113 40.1059 39.2198 38.2624 42.12 36.6253 38.7639 35.353 33.6154 29.948 29.7269 42.318 49.7945 28.826 28.5129 25.0816 32.8044 53.7899 45.5163 46.6766 27.8333 23.9725 23.5734 23.564 23.4751 23.2934 23.1397 23.1156 22.9715 37.5002
threshold=0.45756961529733148 0.16974525099140492 476.47500000000008 1.0000000180025095e-35 1.5000000000000002 21.500000000000004 1.0000000180025095e-35 1.5000000000000002 0.46241767641417902 -24.99216775972188 41.500000000000007 18.500000000000004 -0.12724563673854114 0.57117503891753263 1.0000000180025095e-35 24.500000000000004 0.18373741610738256 24.500000000000004 5.5000000000000009 70.500000000000014 27.500000000000004 1.0009380863039401 0.23365917197732514 26.500000000000004 2.5000000000000004 0.13241523543969932 0.21098101627176716 2.5000000000000004 1.0000000180025095e-35 0.041150784767001479 13.500000000000002 388.35000000000008 23.500000000000004 -0.012012113991461737 0.015891229497628296 0.49214702972309948 0.024150368554139701 2.5000000000000004 0.32909724781879551 14.500000000000002 12.500000000000002 -0.0048236424841142092 0.53110173232762214 10.331530235490506 45.500000000000007 24.500000000000004 0.028396468835584773 38.500000000000007 34.014230467124548 0.068506172469745524 -23.038084315980317 60.426611432648372 14.500000000000002 2.5000000000000004 0.0058038437442724808 -0.0024133911501280961 0.041888848769142562 -1.0000000180025095e-35 19.500000000000004 59.500000000000007 60.129994959038449 2.5000000000000004
decision_type=2 2 2 2 2 2 2 2 8 10 2 2 10 10 2 2 8 2 2 2 2 8 10 2 2 10 8 2 2 10 2 2 2 10 10 8 10 2 2 2 2 10 10 10 2 2 10 2 10 10 10 10 2 2 10 10 10 2 2 2 10 2
left_child=1 34 5 4 35 6 7 8 9 -3 11 16 30 -14 -7 29 -8 -16 -11 -20 23 22 53 24 -19 57 27 28 -18 31 -9 -6 -15 37 55 54 -37 38 39 -12 41 -5 43 44 -31 47 -10 60 50 -50 52 -52 -49 -22 -2 -1 -47 -26 -54 -56 61 -36
right_child=3 2 -4 40 15 14 10 12 46 18 33 -13 13 32 17 -17 26 20 19 -21 21 -23 -24 -25 25 -27 -28 -29 -30 42 -32 -33 -34 -35 45 36 -38 -39 -40 -41 -42 -43 -44 -45 -46 56 -48 48 49 -51 51 -53 58 -55 59 -57 -58 -59 -60 -61 -62 -63
leaf_value=0.0082847412140010148 0.011498368175350413 0.044127623517661217 -0.03053716827122202 0.016752187395765689 0.033765537312490872 -0.049068140895729723 -0.030710484444508787 -0.048671556525655253 0.050201293963162766 0.016508884614189381 0.039956255114766324 -0.053333073255185187 0.051295140372570817 -0.05035497882855712 0.029269222803207508 -0.02269488164790491 0.033850743728796082 0.063169911856072722 -0.040069238277673586 0.032774626867094404 0.067167286562331577 -0.044129119210572547 -0.035132113348763698 -0.048853652650849733 -0.011961775364582998 -0.049640514105021988 0.055606586092612244 0.041386655184745769 -0.052550739046754238 0.027205537978087998 0.020073565207667791 -0.029406100380853641 0.023968992947004039 -0.053156921389555967 0.002137590516236619 -0.037362372966562911 0.016106800653795342 -0.060587732529325138 -0.038016430234607435 -0.021354919419253673 -0.049938213674527575 -0.035875357005460455 -0.043964483862491459 0.040628128887547181 -0.042747442345077977 0.01378179066797617 0.010012875033714426 0.040559627635907737 -0.040846622445692073 0.050928711602316171 0.054650395042506406 0.0026085267196499689 -0.036303891591372726 0.021489443305309094 -0.050674813471235071 -0.024165511820143041 -0.019391316408655337 0.041582522611272987 0.015771845665188015 -0.01761601646090601 0.037617616811895939 0.03207102762433283
leaf_weight=169.93468485027552 22.816268526017666 108.62723398953676 248.84036286175251 41.46575028449297 205.16283149272203 106.38349067419767 48.409049078822136 45.14753382652998 129.27029529213905 54.892590679228306 55.559507638216019 71.861984137445688 430.67491235584021 31.63037334382534 102.33841655403376 209.62685908377171 58.402219332754612 46.611662350594997 344.31049204617739 27.30906854569912 44.190290682017803 38.105777010321617 39.41822961717844 102.63568906486034 35.273293182253838 143.77890741080046 117.45124898850918 100.64102321863174 45.362655684351921 43.30942340940237 41.550923496484756 28.930514745414257 42.607955329120159 118.73775433376431 348.19093405455351 63.161813117563725 88.353247240185738 37.275761745870113 56.982943587005138 40.761373519897461 244.93147018179297 77.659923359751701 39.297111190855503 53.875955879688263 61.655181437730789 177.36772032082081 67.014212027192116 52.646757401525974 38.210650533437729 27.424768015742302 259.48058076202869 51.664402991533279 35.893933936953545 82.069203913211823 190.11924635618925 83.399797156453133 76.260036051273346 47.88675919175148 52.580123692750931 73.250590704381466 97.98675324767828 149.57929418981075
leaf_count=956 138 582 2417 224 1459 901 332 358 1029 313 277 705 3712 241 721 1535 378 261 2555 158 206 213 210 799 215 1203 649 557 337 319 304 164 240 912 1972 321 463 274 409 239 2846 517 284 371 324 910 438 304 213 265 1655 283 173 458 1916 504 372 307 322 480 562 965
internal_value=-4.81334e-05 0.00534619 -3.1164e-05 -0.0177325 -0.010445 0.00262013 0.0075676 0.0152042 -5.60502e-05 -0.0134573 -0.00587786 0.0112413 0.0340709 0.0426213 -0.0103931 0.000503382 0.023774 -0.00436299 -0.0281235 -0.0347162 -0.0102976 0.00817212 0.0202014 -0.0203027 -0.00959049 -0.024535 0.0319688 0.0183865 -0.0039212 0.0117543 -0.0157249 0.0259584 -0.00769787 -0.0303474 0.0156721 -0.0265 -0.0061828 -0.0161363 -0.00532794 0.0140104 -0.0393424 -0.0175565 -0.00502753 0.00460546 -0.0138842 0.0190202 0.0364804 0.0224848 0.0305327 -0.00249969 0.0353266 0.046009 0.0117738 0.0374765 -0.0372565 -0.00239815 0.0038074 0.0188711 -0.00535529 -0.0414802 0.0154887 0.0111325
internal_weight=6176.25 4732.63 3112.01 1443.62 1079.56 2863.17 2074.48 1323.04 731.424 535.139 751.446 442.128 591.612 504.913 788.692 641.858 370.266 682.308 426.512 371.62 579.97 203.784 165.678 376.186 273.551 226.939 321.857 204.406 103.765 432.231 86.6985 234.093 74.2383 309.317 1620.62 437.701 151.515 190.58 153.304 96.3209 364.057 119.126 198.138 158.841 104.965 1367.29 196.285 1113.66 517.901 65.6354 452.266 311.145 141.121 126.259 286.186 253.334 253.628 83.1601 88.4741 263.37 595.757 497.77
internal_count=43727 32366 22910 11361 7774 20493 14999 9930 5075 3608 5069 2958 4855 4193 5494 4456 2253 4593 3026 2713 3872 1087 874 2785 1986 1725 1921 1272 715 2921 662 1623 481 2111 9456 3318 784 1199 925 516 3587 741 1298 1014 643 7996 1467 6714 3215 478 2737 1938 799 664 2534 1460 1282 522 495 2396 3499 2937
is_linear=0
shrinkage=0.05


Tree=44
num_leaves=63
num_cat=0
split_feature=29 4 4 12 12 21 11 26 11 11 7 18 11 10 17 12 11 4 11 10 33 40 34 7 21 11 21 20 41 12 9 7 25 10 7 4 25 10 10 10 25 17 34 12 34 41 36 26 26 21 4 18 36 0 12 41 34 41 11 12 21 26
split_gain=227.489 143.452 64.6864 65.9794 60.6472 75.7077 72.8815 52.8917 64.2038 67.4062 54.8299 62.1308 52.3683 69.512 75.0912 54.9274 86.996 50.4605 44.7348 44.7151 43.4307 43.0266 50.0357 54.1854 60.4587 49.0393 51.5813 45.79 39.6841 37.9666 37.7969 37.1378 46.6093 36.072 34.9811 34.7881 34.2873 33.9635 32.0382 48.0508 35.1991 31.011 31.9348 27.7208 40.5325 27.8224 50.1086 27.3235 43.0564 26.6768 25.1177 24.6116 23.5346 23.2453 38.0665 49.637 47.8866 29.1183 34.5505 43.2128 27.9813 23.2453
threshold=0.30763171720562504 228.12500000000003 717.65000000000009 24.500000000000004 21.500000000000004 0.00038195987108262706 1.0000000180025095e-35 0.017963673017191012 1.5000000000000002 1.0000000180025095e-35 0.60896754363921057 0.0070909209737639598 1.5000000000000002 0.49214702972309948 -0.02567961851738422 14.500000000000002 1.0000000180025095e-35 331.12500000000006 1.5000000000000002 0.67254562808567964 0.065778088409500848 0.083038304498641538 0.32145192631067604 0.28389310090269321 0.00096829543842269332 1.0000000180025095e-35 0.00090617932838173469 41.402115992377844 0.021455868530562642 24.500000000000004 0.080313287680399789 0.15043768915450331 587.50000000000011 0.05714285714285721 0.54728761713002394 110.27500000000002 747.50000000000011 0.063010300232570246 0.49214702972309948 0.31999328164153384 752.50000000000011 -0.076147094886945904 -0.3727243134469696 27.500000000000004 -0.25847617283792923 0.044015085550393337 16.685722335340099 -0.013119187227608716 0.015743468713991033 0.00090617932838173469 25.525000000000002 0.0021693320720054259 52.592740824363155 0.00429823255969805 27.500000000000004 0.082354788539150139 0.18020427790137186 0.032641966555090572 3.5000000000000004 26.500000000000004 0.00051688101004799451 -0.0086787786212087544
decision_type=2 2 2 2 2 8 2 2 2 2 10 10 2 10 8 2 2 2 2 8 8 10 10 8 10 2 10 8 8 2 10 10 2 10 8 2 2 10 8 10 2 8 8 2 8 10 8 2 2 8 2 10 10 2 2 10 10 10 2 2 8 2
left_child=2 4 3 12 5 -2 -6 8 9 10 20 -12 13 14 15 30 -17 41 -3 31 51 22 23 25 34 26 -16 -27 -20 52 -1 -10 -33 -11 -25 -34 -32 -18 39 40 -30 -14 -43 44 -5 46 -45 -19 -49 -50 -31 -7 -8 -52 55 57 -56 58 59 60 -55 -40
right_child=1 18 -4 43 6 7 29 -9 19 33 11 -13 17 -15 21 16 37 47 28 -21 -22 -23 -24 24 -26 27 -28 -29 38 50 36 32 35 -35 -36 -37 -38 -39 61 -41 -42 42 -44 45 -46 -47 -48 48 49 -51 53 -53 -54 54 56 -57 -58 -59 -60 -61 -62 -63
leaf_value=0.055185689364915691 0.038189103761954002 -0.038997071037029124 -0.045763917968447837 0.026582078871565579 -0.057621930150438476 0.041483443617342221 0.034740743250015409 -0.023881738966752816 0.051166948112553373 0.0044946475092661094 -0.051940334711479921 0.033819614735945615 -0.0075547279521397505 0.042940180314373029 0.050634224098476469 -0.06086497870989889 0.060710808381379405 0.042008162165906915 -0.054959860184314903 -0.03437754591401853 -0.024497394008863069 0.045651668906152347 -0.04714221323387284 -0.0095225414419794329 0.02336756649701964 0.025385646546037595 -0.016309540641437067 -0.030076769719239796 -0.034187883153073868 0.025608624113801159 0.044446483133524187 -0.033247057860257563 0.037247756815789096 -0.04431926234969253 -0.040585065701776571 0.0037007484814610622 -0.02177614998275321 -0.0041805513480956532 0.0081276936467603086 0.028920628191048604 0.0050362435594837338 -0.0064274956147923933 0.034609367818660711 -0.015864532194991499 -0.017027083842945608 -0.028007942456262654 0.035139357601127609 -0.020426262306746917 0.039457731837546299 -0.0093086871379345435 -0.047597448299587036 -0.0040375329015084086 -0.017811823515081419 0.05798689050068271 0.022968733217682048 0.03955432503355133 -0.043002930422960425 -0.049403640213178758 -0.055967708084965741 -0.043170760048706791 -0.0077066644377139053 -0.048439644761992175
leaf_weight=136.69857224076986 142.21894434839487 403.62493862584233 52.136404268443584 62.075720578432083 85.6214136518538 135.02419282495975 72.68180950731039 199.71932708099484 87.175780422985554 51.625762969255447 66.869235269725323 30.868303142488003 53.843920588493347 126.66146007925272 114.87174589931965 42.094170138239861 39.766609020531178 42.52697841078043 58.382234342396259 38.318725094199181 43.337397195398808 42.166824199259281 68.255791321396828 225.63928820937872 91.194138683378696 65.290889494121075 38.391696639358997 86.541881784796715 116.90073416382074 37.412349693477154 39.406835906207561 44.280839703977108 165.53875076770782 141.79362710937858 151.48479746282101 144.94455906748772 38.782499566674232 40.905759550631046 23.65145817771554 85.56612528860569 111.98826055601239 50.947389341890812 682.50789891928434 74.198484197258949 376.1661267131567 40.483992218971252 137.19824185967445 136.52736344188452 73.123228497803211 45.48890595883131 54.759647473692894 38.063701391220093 30.13765087723732 31.670081354677677 115.20209242403507 27.841746933758259 36.134567491710186 115.03028532117605 38.317699432373047 37.308398470282555 33.203084617853165 78.235201992094517
leaf_count=772 1226 4008 520 332 891 791 486 1527 740 277 570 166 343 1183 584 233 191 223 797 279 238 235 437 1343 467 321 219 515 970 217 244 247 1347 1282 983 999 211 214 179 556 841 305 5330 423 2366 195 728 835 426 269 390 273 187 182 603 177 228 1018 422 331 241 752
internal_value=0.000204984 -0.00985916 0.00947066 0.0103927 -0.00260059 0.00371449 -0.0143403 -0.000414094 0.00433054 -0.00806859 0.00622822 -0.0248549 0.0142631 0.00768253 0.00402652 0.0240837 -0.00259685 0.0224399 -0.0267596 0.0174351 0.0202653 -0.00363596 -0.00610522 -0.0024836 -0.0131656 0.0139131 0.0338652 -0.00622691 -0.016355 -0.00845522 0.0393264 0.0219276 0.0147426 -0.0312903 -0.0219999 0.0215868 0.0115996 0.027807 -0.0109415 -0.00304642 -0.0149967 0.0290702 0.0317589 -0.00325283 -0.01085 0.00996527 0.0172374 0.00490338 -0.0012813 0.0207553 -0.0138788 0.0314729 0.0193369 -0.016897 -0.0130297 -0.0238425 0.00721672 -0.03075 -0.0154778 -0.000294255 0.0243639 -0.0353084
internal_weight=6098.83 2923.45 3175.38 3123.24 2045.1 1329.78 715.321 1187.56 987.841 507.582 314.163 97.7375 2433.12 1348.15 1221.49 337.654 122.767 1084.97 878.349 480.259 216.425 883.837 841.67 773.414 468.318 305.096 153.263 151.833 474.724 629.699 214.888 441.94 354.764 193.419 377.124 310.483 78.1893 80.6724 416.342 314.455 228.889 787.299 733.455 690.123 438.242 251.881 211.397 297.666 255.139 118.612 526.88 173.088 102.819 489.468 434.708 283.371 151.337 255.53 140.499 102.182 64.8732 101.887
internal_count=43885 23438 20447 19927 15335 9962 5373 8736 7209 3597 2038 736 15883 8152 6969 1865 638 7731 8103 3612 1302 5104 4869 4432 2793 1639 803 836 4095 4482 1227 3333 2593 1559 2326 2346 455 405 3298 2367 1811 5978 5635 4044 2698 1346 1151 1753 1530 695 3809 1064 673 3592 3202 2371 831 2194 1176 754 423 931
is_linear=0
shrinkage=0.05


Tree=45
num_leaves=63
num_cat=0
split_feature=4 12 21 12 21 12 18 4 21 12 26 4 21 1 7 26 12 7 41 40 10 26 4 7 41 9 16 7 27 18 10 21 12 1 36 1 7 2 10 7 19 41 40 26 41 21 37 9 10 40 26 21 21 21 25 4 21 1 26 1 37 1
split_gain=124.733 142.973 90.0585 77.2556 70.4288 59.2479 58.3893 51.4999 49.1794 44.3561 39.8611 42.5447 37.5399 55.4658 59.8445 35.9377 35.5868 62.6651 34.7596 34.3797 60.7098 47.1555 45.6526 49.5475 33.6549 30.6779 43.1664 39.0302 30.215 29.9733 29.2067 38.7749 34.3579 28.4374 27.6157 27.0668 26.7588 26.3836 26.3516 51.0237 33.5026 28.9409 27.3682 25.8382 39.9755 25.2984 25.1097 24.889 36.948 22.1578 21.462 27.8684 21.2577 20.693 18.661 18.5479 17.7726 17.7393 17.4654 17.2304 16.8726 16.7942
threshold=151.47500000000002 21.500000000000004 0.00046152794238094659 19.500000000000004 0.0016723951175247962 32.500000000000007 -0.0013515255898661758 573.20000000000016 0.00029657002292457306 20.500000000000004 0.0024222428947911468 80.325000000000003 0.0007773214026626751 51.500000000000007 0.34795932596334994 0.022404081623590973 19.500000000000004 0.57632792432198243 0.044199193847978838 0.052090615916521192 0.36272497982243751 -0.0086787786212087544 310.02500000000003 0.32161658409355326 0.031451001604776499 0.23710687513665751 -0.08743080816117231 0.23596395342925411 1.4562020460358058 -0.0082220610274075217 0.31614987080103368 0.0007773214026626751 25.500000000000004 37.500000000000007 57.670218113381345 11.500000000000002 0.99435004128765814 -0.68237329012440329 0.23845532496582583 0.61572352870385938 -0.00024474945863450776 0.062466752306142855 0.05834370901050865 0.0024222428947911468 0.077186066791533253 0.00078678783482903755 46.227233497830177 0.10095873531954491 0.2136329966329967 0.015187501057479314 0.020183877320390991 0.00074473938501563679 0.0017223780046719309 0.00043480573925595801 717.50000000000011 60.475000000000009 0.0010651770675236801 20.500000000000004 0.015743468713991033 18.500000000000004 -18.44580247378758 40.500000000000007
decision_type=2 2 8 2 10 2 10 2 8 2 2 2 10 2 8 2 2 8 8 10 10 2 2 8 10 10 10 10 10 10 8 10 2 2 8 2 10 10 10 10 10 10 10 2 10 10 10 8 10 10 2 10 8 10 2 2 10 2 2 2 8 2
left_child=1 2 6 7 15 8 9 19 60 -1 11 28 13 14 -12 16 25 24 -14 20 21 29 -23 50 -18 27 -27 -4 30 -2 31 53 57 45 -11 -28 46 -16 42 40 41 -40 58 -5 47 -22 52 48 49 -45 -24 -52 59 -10 -31 -34 -37 -32 -29 -21 -3 -60
right_child=3 5 4 43 -6 -7 -8 -9 10 34 12 -13 18 -15 37 -17 17 -19 -20 36 33 22 23 -25 -26 26 35 38 -30 54 32 -33 55 -35 -36 56 -38 -39 39 -41 -42 -43 -44 44 -46 -47 -48 -49 -50 -51 51 -53 -54 -55 -56 -57 -58 -59 61 -61 -62 -63
leaf_value=0.047035061517025127 0.062692394191053463 -0.04451764922311309 0.051374460499026366 -0.048008271646148515 0.049970621612117135 0.037905628211939657 0.054788656692614374 -0.02924503022136974 -0.006642492455849182 0.020790199814758135 -0.01347376418041351 -0.059578221599421138 0.064827755581304908 -0.035781679378072966 0.0028792717125941908 -0.015953266647767816 0.021767841108928855 0.039799869589181913 -0.001143760269812533 -0.040024493255669286 0.023128703571937283 0.0038288753189817067 -0.013029040682928079 -0.033865889892790282 -0.034500003445533292 -0.053617697568576844 0.046070712119098169 0.020729922541895051 -0.052399168760444259 -0.021403248342254988 -0.0014186396102786117 0.035120575560465397 0.0066148927913100737 0.044091232539452213 -0.026974791378115322 0.0090041075876711781 0.030846471165925871 0.045325161499144159 -0.044053166134909498 -0.043378874691158531 0.039492919689950556 0.024156230407813055 0.040191420101827802 -0.038025935386705845 0.019152381945404154 -0.029478254162211882 0.020288776660786906 -0.034714273946567835 0.019192470650701836 -0.011593462225613412 0.038353532481553397 -0.014773725267293997 -0.058011877273371308 -0.036144626658339396 0.022753559974951369 -0.036721384760012445 -0.026745608806784435 0.042132523766932467 0.012614016072508411 -0.010312841197034595 0.0012778903574525745 -0.026656858409396213
leaf_weight=74.916761182248592 37.779496885836124 116.98406154289842 80.579069681465626 79.390932008624077 101.31144327670336 71.523855686187744 208.33746056258678 166.72138916701078 101.37823899462819 63.719527877867222 152.1637414470315 47.355808414518833 46.19011302292347 88.90504752472043 56.642250411212444 154.40892268717289 33.107861548662186 51.195982620120049 35.168846927583218 65.827740043401718 85.95696347206831 648.36545659601688 164.35880960524082 221.86420087888837 134.67137603461742 34.766672424972057 35.899287223815918 262.68127581477165 39.004249468445778 31.493184875696898 35.089648753404617 31.346156343817711 53.449879243969917 115.74125301092863 57.628231935203075 114.49731692671776 30.247230380773544 103.51894769072533 32.433260589838028 52.359835240989923 67.51315089315176 29.87635962665081 130.48798626661301 122.98095470666885 65.933578759431839 31.12947178632021 37.39785573631525 234.84914980828762 68.555957712233067 223.14639285951853 59.21845269203186 42.327467121183872 38.177253760397434 143.66763509064913 99.584791298955679 45.888006038963795 49.923714518547058 70.077005326747894 69.958667390048504 188.59191171452403 24.288979820907116 44.568123556673527
leaf_count=667 210 1012 757 803 864 321 1864 1592 665 370 1088 292 264 680 374 982 188 348 257 518 607 4427 1287 1814 948 272 274 1908 236 231 196 231 286 893 351 789 185 626 235 382 501 215 1008 1210 426 191 244 1877 436 1713 328 259 250 1007 598 277 328 460 396 1318 169 297
internal_value=-0.000141476 0.00672607 0.0154481 -0.0077003 0.00973407 -0.00629396 0.036353 -0.00260128 -0.00894804 0.0167832 -0.00522111 -0.0142074 0.00534179 -0.000937838 0.00898066 0.00677785 0.00964418 -0.00862145 0.0363104 -0.000260954 0.00299599 -0.00120025 -0.00486444 -0.01642 -0.0233967 0.0136218 -0.00218854 0.018446 -0.0100748 0.0234537 -0.00664194 -0.0172412 0.00768313 0.0265158 -0.00189347 0.00673727 -0.0141644 0.0303138 0.0145999 -0.00171315 0.0150914 -0.011348 0.0204537 -0.0209459 -0.017943 0.00914223 -0.01829 -0.0217085 -0.0143429 -0.0209851 -0.00186358 0.0162085 -0.0232209 -0.0239393 0.0121443 -0.0134038 -0.0018507 0.0276013 0.0136258 -0.0180003 -0.0366441 -0.00266825
internal_weight=6007.12 3147.48 1884.84 2859.64 1480.24 1262.64 404.602 2064.78 1191.12 196.265 1049.85 567.257 482.589 401.23 312.325 1378.93 1224.52 218.975 81.359 1898.06 1537.82 1304.99 1136.13 487.769 167.779 1005.54 235.087 770.458 519.901 168.857 480.897 276.392 204.505 232.828 121.348 200.32 360.242 160.161 689.879 182.183 129.823 62.3096 507.696 794.857 715.466 117.086 329.995 649.532 414.683 346.127 265.905 101.546 292.597 245.046 131.078 99.3379 164.421 105.167 377.208 254.42 141.273 114.527
internal_count=43802 22385 13944 21417 10692 8441 3252 14952 8120 1388 6939 3650 3289 2768 2088 9828 8846 1484 521 13360 10845 9154 8115 3688 1136 7362 1663 5699 3358 1039 3122 1903 1219 1691 721 1391 2515 1000 4942 1333 951 450 3609 6465 5662 798 2330 5236 3359 2923 1874 587 2086 1672 829 563 1117 656 2601 1836 1181 693
is_linear=0
shrinkage=0.05


Tree=46
num_leaves=63
num_cat=0
split_feature=29 4 29 41 22 26 21 25 11 25 18 29 11 11 10 25 0 22 21 11 10 25 11 40 7 17 41 21 32 20 4 21 25 10 21 17 11 25 11 25 22 11 21 25 7 20 34 4 34 34 0 20 25 4 32 21 17 10 34 20 34 9
split_gain=214.398 153.228 65.1058 47.1813 46.6927 56.4573 48.0951 65.6057 47.808 47.6447 52.3406 50.0346 44.7896 42.9191 47.6849 47.5756 43.5002 47.0428 79.491 75.7935 75.3885 87.6129 127.799 68.0274 63.3208 51.7747 43.0155 42.6046 43.8848 37.1442 34.8552 31.8145 32.7371 35.8987 48.9631 62.3704 41.9917 33.6079 38.4088 31.0336 56.9052 68.6411 54.3876 31.0384 29.3346 28.6762 28.6543 28.2703 28.2149 28.1575 28.098 27.6851 32.8163 42.4481 30.7223 27.203 26.3505 30.9894 28.3476 46.2741 26.2781 25.7277
threshold=0.21046336914226302 282.12500000000006 0.5171911242944206 0.089118621510165863 1.0000000180025095e-35 -0.0020181657116088141 0.00074357879551946026 662.50000000000011 1.5000000000000002 722.50000000000011 -0.0078374599564886554 0.33101186839191488 2.5000000000000004 1.5000000000000002 0.4843393248729182 562.50000000000011 0.006115019342574044 1.0000000180025095e-35 0.0010438115251357614 2.5000000000000004 0.092121058949895737 817.50000000000011 3.5000000000000004 0.052090615916521192 0.27517651705920121 0.014979237102906814 0.024035271169730747 0.00036269713125871179 0.26983675661526113 54.049725685582978 717.65000000000009 0.00029657002292457306 837.50000000000011 0.467357392444817 0.0016072420169554234 -0.011632493203713916 3.5000000000000004 617.50000000000011 2.5000000000000004 622.50000000000011 1.0000000180025095e-35 1.0000000180025095e-35 0.0005991664867753127 712.50000000000011 0.16974791166280526 31.966191059055173 1.200055279159757 87.675000000000026 0.373054070971159 -0.0092887499630224784 0.080432203148825557 60.00120786695792 737.50000000000011 135.02500000000003 -0.029266551766160106 0.00049664401334046748 0.016109431147391707 0.20210279382504601 -0.13868799916323618 50.521664804693707 0.41712034207032828 0.072857000049982565
decision_type=2 2 2 10 2 2 10 2 2 2 8 2 2 2 8 2 2 2 10 2 8 2 2 10 10 10 10 8 10 10 2 10 2 10 10 8 2 2 2 2 2 2 10 2 10 10 10 2 10 10 2 10 2 2 10 10 10 10 10 10 10 10
left_child=30 2 3 13 6 9 8 12 -3 -6 -11 44 -8 14 27 -15 -17 19 45 24 23 29 26 -21 25 -18 -23 -2 39 -22 31 -1 33 34 35 37 51 38 -33 -29 42 43 49 -42 -12 -19 50 -4 56 -41 -5 52 60 55 -55 -54 58 -58 59 -34 61 -37
right_child=1 4 47 46 5 -7 7 -9 -10 10 11 -13 -14 15 -16 16 17 18 -20 20 21 22 -24 -25 -26 -27 -28 28 -30 -31 -32 32 48 -35 -36 36 -38 -39 -40 40 41 -43 -44 -45 -46 -47 -48 -49 -50 -51 -52 -53 53 54 -56 -57 57 -59 -60 -61 -62 -63
leaf_value=-0.010004055177893607 -0.044507606436234463 -0.020834776921552608 -0.0037995809936313312 0.047494805383258724 -0.049244029017244111 -0.051584378004236243 -0.019148110863911768 -0.050188511393623882 0.033118534144983794 0.058305243213406681 -0.01492797525745438 -0.039439377720803526 0.052686404031115498 -0.059109342791779484 0.018082454883064071 -0.025930958459007863 -0.029306476648856685 0.00034755796177223007 0.035260542480818495 -0.048290712832612367 0.038572761318555714 0.0077205323057761305 0.048941707590335011 0.040437277334828707 0.052123367961712755 0.044606913376600929 -0.061862479547091925 0.021567553963294323 -0.044871813059117943 -0.019867304657089246 -0.036330587682069614 0.034369842947040236 -0.0093164892595825124 0.042568241574499434 -0.024873378810430016 0.0077081779463194292 0.04075766988445495 0.043662516435531859 -0.024609264808054934 -0.013473717493484097 -0.0050045589946507534 -0.043967242083468076 -0.041609331497355975 0.044386969023945032 0.055536107168293825 -0.045374020787027347 -0.022949493011032614 -0.025224371994547121 -0.030624893689368295 0.034580527353588429 0.00028853517367933619 -0.017733066680666768 0.044294094646707138 0.015057363547479311 -0.040040013587252829 -0.010979546409086762 -0.0074830116726531427 0.054083527614875754 -0.0093749111190754627 0.043022885303153111 -0.020411024370756089 0.037324532229315623
leaf_weight=131.98746449500322 93.289288904517889 75.456173785030842 274.37521740049124 114.97441151738167 85.089910741895437 255.2310077175498 68.498859718441963 130.35713003575802 90.068356908857822 28.538342654705048 29.822599347680807 88.555680386722088 31.76109654456377 27.039062537252903 148.8345869332552 87.620118901133537 54.364016994833946 51.870425917208195 67.474108576774597 98.64577429741621 247.62856318801641 30.139365129172802 55.39802385866642 27.659589968621731 203.07924799621105 41.994032092392445 84.427327618002892 98.89039883762598 73.887054525315762 30.543756321072578 35.365858554840088 72.82436578720808 80.755520805716515 149.26647618412971 67.263331212103367 126.3948612138629 99.317023977637291 294.56096962094307 44.45486069470644 112.21925124898553 46.503297060728073 41.591851774603128 167.02456280961633 100.65482177585363 29.263318680226803 101.20720962435007 25.098083324730396 350.86326348409057 50.952223010361195 41.853237196803093 43.428843557834625 104.44318098574877 52.595435716211796 35.592050679028034 87.500486470758915 38.593660734593868 31.227843701839447 59.161670625209808 212.39366831630468 88.520619668066502 35.820730462670326 174.66008642315865
leaf_count=755 887 578 2007 1047 966 3257 490 1169 493 135 249 884 182 153 1004 632 481 314 399 905 1986 165 373 246 1772 334 686 599 626 193 315 502 446 1320 394 665 665 1762 235 694 275 390 1461 571 155 786 162 2649 317 221 280 609 272 203 520 219 181 426 1229 516 268 977
internal_value=-8.23633e-05 -0.00705565 -0.00150428 0.00235889 -0.0249546 -0.0348591 -0.0120408 -0.0268006 0.00852333 -0.0185205 -0.00368184 -0.0156636 0.00360816 0.000266708 -0.00784164 0.00646821 0.00796827 0.0106822 -0.00995221 0.01589 0.00525863 0.0148749 -0.0134082 -0.0288602 0.0362853 0.00290589 -0.0435571 -0.0128144 -0.00848307 0.032156 0.012882 0.0137359 0.0153796 0.0194085 0.0166071 0.0189985 0.01046 0.0346499 0.0120137 -0.00406629 -0.00903826 0.0127489 -0.0218454 0.0287788 0.0199706 -0.0298812 0.0266877 -0.0158225 0.00472355 -0.000419955 0.0345524 0.00587015 0.0103429 -0.00495456 -0.0241087 0.0209008 0.00853892 0.0328135 0.00279006 0.0180537 0.0200734 0.0248904
internal_weight=5928.87 3855.22 2942.58 2317.34 912.642 516.501 396.142 230.617 165.525 261.27 176.18 147.642 100.26 2133.84 924.748 1209.09 1182.05 1094.43 220.552 873.88 574.442 448.137 169.965 126.305 299.437 96.358 114.567 775.914 682.624 278.172 2073.65 2038.29 1906.3 1383.29 1234.02 1166.76 754.918 411.84 117.279 608.737 509.847 188.75 321.097 147.158 59.0859 153.078 183.501 625.238 523.012 154.072 158.403 655.6 551.157 214.282 123.093 91.1891 472.059 90.3895 381.67 169.276 336.876 301.055
internal_count=43652 30856 22298 17642 8558 5646 2912 1841 1071 2389 1423 1288 672 16153 6728 9425 9272 8640 1499 7141 4554 3403 1224 1151 2587 815 851 5724 4837 2179 12796 12481 11726 8611 7291 6897 4398 2499 737 4211 3612 1236 2376 846 404 1100 1489 4656 3115 915 1327 3733 3124 1214 723 491 2798 607 2191 962 1910 1642
is_linear=0
shrinkage=0.05


Tree=47
num_leaves=63
num_cat=0
split_feature=29 4 29 4 11 7 10 22 18 0 22 26 32 10 25 42 18 11 25 0 22 18 11 40 4 20 9 11 10 25 11 10 10 40 39 11 0 10 11 29 10 14 32 14 25 11 37 7 6 18 25 11 11 28 14 19 6 32 20 25 7 18
split_gain=211.086 98.367 76.5954 70.9266 39.4288 35.9116 38.4757 34.2439 41.4714 33.3553 42.9999 50.2732 35.7827 32.8383 50.153 41.5804 31.2194 31.1149 51.7843 34.99 44.7109 43.2221 28.8773 28.6337 27.9689 31.2472 27.9477 26.2114 48.9019 31.1858 27.8243 27.9641 25.1971 24.9201 26.5629 24.7251 24.9977 23.8942 23.674 23.3021 22.2226 24.6569 22.5566 22.0809 21.0468 27.0706 61.9088 43.1559 21.3181 20.9328 21.3136 27.4111 20.5248 23.282 21.5669 19.3362 45.3206 19.1789 18.5183 22.315 18.3178 17.9768
threshold=0.39989561289323167 222.37500000000003 0.18449740625081368 497.5750000000001 1.5000000000000002 0.070962912883909643 0.26000971581248494 1.0000000180025095e-35 -0.0082220610274075217 0.034769920640768677 1.0000000180025095e-35 -0.0020181657116088141 0.11189643689643704 0.42004222115096873 802.50000000000011 0.068733016627328405 0.0070909209737639598 1.5000000000000002 592.50000000000011 0.010135726406572414 1.0000000180025095e-35 -0.007132005391848272 2.5000000000000004 0.015891229497628296 18.675000000000001 44.694254144541155 0.16393569271920408 2.5000000000000004 0.098225142009680036 787.50000000000011 3.5000000000000004 0.36272497982243751 0.047510330578512387 0.0056489929804275684 0.094804278501578243 1.0000000180025095e-35 0.011249399686733287 0.62537472111166037 2.5000000000000004 0.073594269700394205 0.48046238802931601 0.079353841646665077 -0.0074136324010897195 0.006768400912335863 832.50000000000011 1.0000000180025095e-35 -3.1632596314397827 0.34533956517388187 0.31043698513578039 0.0042362028456028886 572.50000000000011 3.5000000000000004 1.0000000180025095e-35 0.0082503306677262928 -0.029072270146285235 0.00059741719243910929 0.30699114189094917 0.14696992536154432 36.013459604224366 792.50000000000011 0.53242499321690218 -0.00014884959637379011
decision_type=2 2 2 2 2 8 10 2 8 2 2 2 10 10 2 10 10 2 2 2 2 8 2 10 2 10 8 2 8 2 2 8 8 10 10 2 2 10 2 2 8 2 10 2 2 2 10 8 10 8 2 2 2 8 2 10 10 10 10 2 8 10
left_child=2 13 23 5 -3 6 -4 40 -9 10 24 -12 16 17 15 38 49 33 -19 -20 27 -22 -16 52 -7 26 43 28 -21 -30 31 -29 -32 -2 61 -27 -37 -8 -15 -25 41 42 -6 -26 55 46 -46 -47 -49 50 -11 -52 53 -1 -54 -41 57 -57 59 -14 -38 -35
right_child=1 4 3 -5 7 9 37 8 -10 12 11 -13 58 14 22 -17 -18 18 19 20 21 -23 -24 39 25 35 -28 30 29 -31 32 -33 -34 34 -36 36 60 -39 -40 44 -42 -43 -44 -45 45 47 -48 48 -50 -51 51 -53 54 -55 -56 56 -58 -59 -60 -61 -62 -63
leaf_value=0.0080323982768017704 0.022621486912221878 -0.046183047024265907 -0.037142745186003488 -0.032703504964924413 0.012539513280066826 0.043794735543788633 0.032176256984069215 0.022468436549369024 -0.048499346887207168 -0.024070944122777094 0.019370471552618378 -0.040085579315423683 0.037034105450481372 0.015508270643796672 0.0019604487840776522 -0.018659011019446555 0.060104142445383771 -0.047931257510634727 -0.026450616040588237 0.055213403136284034 0.02097560737270087 -0.046821236644904458 -0.052118841102859248 0.029614189588901149 0.0071052942338805936 -0.038564920021946059 -0.010981514565894036 -0.056027135536692155 -0.026035239769649082 0.041446841791471407 -0.025403424224618883 0.0075569470588451489 0.026938883412958393 -0.017589351275683902 0.019882138420432755 -0.026574308347170561 -0.0055673849483989565 -0.019415072110810561 0.055983398874016856 0.023026844791384001 -0.04043895056909938 0.035523176243490433 -0.03952566783657669 0.046930143923714585 -0.008684404325646853 -0.025499682219237593 0.067837575033722244 0.030993243391675609 -0.010341130316394762 -0.014343908315500571 0.012449355076329122 0.055250884846359476 0.029662171031782598 -0.051140538396654944 -0.0044642377981435246 0.0028635868766092171 0.04521165287832405 -0.035899694228763969 -0.021695697474542794 -0.019053804438261376 0.024793248136904419 -0.039990425954632938
leaf_weight=29.970100171864033 30.012043170630932 252.37937540560961 26.438648909330368 153.72381282970309 47.422617383301258 33.387205541133881 205.39094773679972 24.63386482000351 125.26857786998153 36.069513104856014 45.677628427743912 160.41260033100843 36.271999783813953 69.676468305289745 60.900768704712391 44.737544775009155 32.473572432994843 59.80737354978919 96.422139033675194 87.202579960227013 36.567743167281151 65.828006997704506 41.510736599564552 285.44759569317102 74.781998209655285 68.791795022785664 83.005985215306282 33.112684614956379 44.95620708912611 27.650938101112843 29.088371478021145 36.191856175661087 109.71455549448729 184.0022928006947 30.817075319588184 102.65176868066192 181.85144713521004 25.196019157767296 75.030811950564384 589.81323145329952 32.822045639157295 44.991521254181862 37.059361286461353 65.108797386288643 60.215708367526531 128.95205973088741 47.110124059021473 81.47651956230402 50.54496642947197 78.527698036283255 506.24767120555043 40.391109980642796 69.670983850955963 37.326988637447357 137.99172373116016 148.39414697140455 57.528767824172974 40.650987528264523 141.20837829262018 34.697706677019596 68.355779871344566 174.4907201603055
leaf_count=192 163 2800 206 1629 266 260 1691 154 1706 207 294 1417 304 456 355 268 217 356 748 706 188 519 317 1633 462 663 520 317 346 240 283 216 822 1507 173 774 1413 157 656 3747 262 273 187 517 304 775 301 460 324 503 3599 392 376 253 840 896 387 230 1053 241 534 1639
internal_value=-0.000293062 -0.0139854 0.00627487 5.16498e-05 -0.0314869 0.00251154 0.0199884 -0.0196066 -0.036837 1.92515e-06 -0.00690749 -0.0269078 0.00674459 -0.00659893 0.00823071 0.0234701 0.0122404 -0.0107373 -0.00368196 0.000987659 0.00661297 -0.0226095 -0.0199597 0.0140338 -0.000827453 -0.00313886 0.0120028 0.0147459 0.0299753 -0.000336077 0.00305099 -0.0228226 0.0159697 -0.0212791 -0.0246634 -0.0111432 -0.00579715 0.0265389 0.0364946 0.0167694 -0.00369195 0.00562356 -0.0102997 0.0256408 0.0137258 0.00376648 0.0249045 -0.00492658 0.0151682 0.00988978 0.0131556 0.015612 -0.000791482 -0.0247884 0.0069852 0.0181113 0.00635328 -0.00547181 -0.0112238 0.00961224 0.00272704 -0.0284927
internal_weight=5868.05 1902.3 3965.76 2200.66 564.577 2046.94 257.026 312.198 149.902 1789.91 884.025 206.09 905.888 1337.72 291.856 189.445 693.71 1045.86 626.542 566.735 470.313 102.396 102.412 1765.09 677.935 644.548 222.897 367.917 159.81 72.6071 208.107 69.3045 138.803 419.322 389.31 421.651 352.859 230.587 144.707 1490.13 162.296 129.473 84.482 139.891 1204.69 368.299 107.326 260.974 132.021 661.236 582.708 546.639 274.96 67.2971 207.663 836.387 246.574 189.045 212.178 70.9697 250.207 358.493
internal_count=43694 15923 27771 17053 5648 15424 2054 2848 1860 13370 6854 1711 6516 10275 2052 1380 4918 8223 4741 4385 3637 707 672 10718 5143 4883 1499 2930 1292 586 1638 533 1105 3482 3319 3384 2721 1848 1112 9057 988 726 453 979 7424 2164 605 1559 784 4701 4198 3991 1661 445 1216 5260 1513 1126 1598 545 1947 3146
is_linear=0
shrinkage=0.05


Tree=48
num_leaves=63
num_cat=0
split_feature=29 23 29 23 11 7 22 18 1 11 22 1 11 11 7 10 26 1 11 10 17 10 21 5 1 1 37 18 23 26 10 0 11 0 17 21 20 7 19 21 10 21 21 18 7 11 10 14 21 14 11 37 1 21 10 21 1 21 0 21 37 17
split_gain=210.138 84.6074 73.2519 84.4222 45.5304 45.0001 39.9817 47.9356 35.7643 37.1787 46.5667 77.0779 97.8029 66.7994 92.7451 58.974 57.4655 49.3986 112.376 49.0114 39.9733 38.9927 37.6044 36.7914 40.3153 63.6459 34.1268 33.7159 32.989 53.0254 34.9668 37.0297 31.4209 29.6173 29.3159 54.5273 29.4298 27.612 27.4186 26.376 25.1653 24.8654 24.5468 24.4319 33.85 52.7166 45.083 24.3443 28.0884 23.8788 23.8783 23.6718 22.8357 34.5739 22.4132 21.5821 21.2717 20.6768 21.5367 20.2204 20.0338 19.6875
threshold=0.44085535903343415 4.5887866744466388 0.15654981248095956 5.9189610540582089 1.5000000000000002 0.070962912883909643 1.0000000180025095e-35 -0.0082220610274075217 73.500000000000014 1.5000000000000002 1.0000000180025095e-35 40.500000000000007 2.5000000000000004 2.5000000000000004 0.23596395342925411 0.072661733587943839 0.020183877320390991 18.500000000000004 3.5000000000000004 0.3130748149699763 0.017968221407483897 0.08768403639371386 0.00077259792038564658 0.1329535680525317 6.5000000000000009 37.500000000000007 42.787658608120985 0.00018671717070228858 6.4740449310348582 -0.013119187227608716 0.24983649512323494 0.031286812409060151 1.0000000180025095e-35 0.081771169048006367 -0.0028989087058766978 0.0016072420169554234 35.429790859714807 0.10743309601111198 0.00071768782172065848 0.0010738979199818861 0.1818181818181818 0.001131353557237292 0.00084991904341544765 -9.9295094016182958e-05 0.56527622997530558 1.0000000180025095e-35 0.13484949038493257 -0.0060648097043178922 0.00097461479006598524 -0.037144004069357479 1.0000000180025095e-35 -2.0480709989391679 31.500000000000004 0.00097461479006598524 0.38226353100940247 0.00037889197119452114 17.500000000000004 0.00047064002705104042 0.0096864225188161898 0.00061089819009494761 0.28932530965580633 0.084146672533426073
decision_type=2 2 2 2 2 8 2 8 2 2 2 2 2 2 10 8 2 2 2 10 10 10 8 10 2 2 10 10 2 2 10 2 2 2 8 8 8 8 10 10 8 8 10 10 10 2 10 2 10 2 2 8 2 8 10 8 2 10 2 10 10 10
left_child=2 54 34 5 55 32 26 -8 9 23 13 12 -12 14 20 22 -14 18 21 27 40 -17 -15 43 -25 -26 37 59 29 -5 -31 -32 -4 38 35 -1 -36 -6 39 -27 -11 42 51 44 45 49 -47 48 50 -7 -38 -39 -34 -54 -2 -3 -56 58 -49 -19 -45 -57
right_child=1 4 3 28 6 8 7 -9 -10 10 11 -13 16 15 -16 17 -18 19 -20 -21 -22 -23 -24 24 25 33 -28 -29 -30 30 31 -33 52 -35 36 -37 47 41 -40 -41 -42 -43 -44 60 -46 46 -48 57 -50 -51 -52 -53 53 -55 56 61 -58 -59 -60 -61 -62 -63
leaf_value=0.027514440601347806 -0.0066238907937048765 -0.0088070064422816757 0.044529891961046481 0.024693827594025407 0.028481024599842454 -0.00090152104831864646 0.021211099829138783 -0.048091182167575811 -0.041334593772004602 0.005713079593690943 -0.050780903006826451 -0.040326211552669002 0.057121119505633977 -0.040419633313909395 0.053674965496836251 0.0012984883512890395 -0.015238344733505686 0.043227290786587429 0.052878346193153347 0.04753393759486009 0.042908279950610376 -0.062045672983792099 0.030123955122205531 0.048144687751222687 -0.029415035130505019 0.051600213171085402 -0.04509308596277755 -0.016319351386677679 -0.052034392896684073 -0.034489813909658044 0.026820450126841179 -0.031648736319372296 -0.0078730071240362201 0.052371009104853032 0.02535406596616066 -0.029009274795889939 -0.021739802299719248 0.0046584440403092302 -0.021181394793920137 -0.0024519441992364504 -0.057104857920671583 -0.05148330907970812 0.038173808229890055 -0.032260197872190248 -0.036414445952389428 0.022600961862031553 -0.032034522550237476 -0.011632047563113486 0.0538758356293495 0.04628930630634475 0.016240162156597761 -0.032908375865288178 0.051200957836357988 -0.011110282673369439 -0.019638270796485439 -0.046273786319740995 0.027231285950553547 -0.013612666855023749 0.041922694823936041 -0.0059948241259831191 -0.00034625132967950755 0.0041484687766202384
leaf_weight=567.76389154791832 468.90700777247548 52.854773558676243 108.83787012845278 74.458560425788164 65.894755002111197 41.172758683562279 30.326493866741657 140.7910147421062 45.904831990599632 29.166733108460903 44.968290489166975 113.1071936711669 89.206829085946083 94.50752928853035 199.8183062709868 38.152635328471661 39.626583889126778 65.271659307181835 48.657388970255852 133.92126141488552 28.043189465999603 66.885825518518686 23.611070096492767 54.826841257512569 106.94420995563269 44.277382850646973 49.106412880122662 80.973404474556446 63.79253539070487 203.80542538687587 60.265874590724707 49.175071749836206 87.315578553825617 48.755190916359425 197.86740071326494 46.133953966200352 53.694428063929081 112.85944065451622 53.27238367497921 46.035131223499775 35.165255844593048 28.982335489243269 32.095371782779694 181.0431380495429 62.58072916790843 56.814325489103794 112.56651828438044 35.819146797060966 38.001338630914688 76.82395377010107 180.50854019075632 66.726191826164722 58.741651192307472 35.846466235816479 31.475588843226433 315.37061513587832 104.84541038423777 239.20632043480873 39.445785455405712 30.667721956968307 67.512552257627249 20.625199064612389
leaf_count=3523 3613 416 981 426 438 267 178 1775 284 225 359 786 527 811 1864 209 248 467 342 1283 229 572 196 309 767 232 342 529 909 2032 370 389 589 311 1285 239 299 760 331 271 315 251 228 1516 492 319 855 219 201 524 999 465 464 293 209 3253 806 1363 281 210 478 111
internal_value=3.33158e-05 -0.0159413 0.0056821 0.0011528 -0.0255293 0.00481266 -0.01595 -0.035809 0.00232723 0.00327517 0.00927902 -0.00820109 0.0127054 0.0150117 0.0345218 0.00522755 0.0348648 0.0132489 -0.00993854 0.0247143 -0.00690867 -0.0390375 -0.0263185 -0.00404669 0.00872798 0.00150711 -0.00639539 0.00744003 -0.0187153 -0.013233 -0.0222482 0.000548506 0.02328 0.0187003 0.0150828 0.0232667 0.00867902 -0.000196553 0.00726722 0.0240481 -0.0286246 -0.00804861 -0.00210174 -0.0116048 -0.0030912 0.00416544 -0.0137085 0.00305505 0.0140025 0.0298229 0.0075327 -0.00929975 0.0105656 0.0275866 -0.00143589 -0.0385066 0.0164094 -0.00642098 0.0164356 0.0274931 -0.0235918 -0.0431786
internal_weight=5821.82 1520.86 4300.96 2902.52 915.633 2451.02 526.782 171.118 2160.28 2114.38 1161.75 286.909 173.802 874.842 292.193 582.648 128.833 464.53 153.696 310.834 92.3752 105.038 118.119 952.625 354.111 299.284 355.665 176.913 451.497 387.705 313.246 109.441 290.742 192.34 1398.44 613.898 784.543 306.558 143.585 90.3125 64.332 240.663 211.681 598.514 349.958 287.378 169.381 586.676 272.204 117.997 234.203 179.586 181.904 94.5881 605.228 388.851 136.321 314.471 75.2649 95.9394 248.556 335.996
internal_count=43835 12845 30990 22581 8217 18455 4437 1953 16128 15844 9172 1920 1134 7252 2633 4619 775 3612 1123 2489 769 781 1007 6672 2221 1912 2484 1206 4126 3217 2791 759 2327 1145 8409 3762 4647 2142 834 503 540 1704 1453 4451 2457 1965 1174 3362 1499 791 1298 1225 1346 757 4628 3780 1015 1863 500 677 1994 3364
is_linear=0
shrinkage=0.05


Tree=49
num_leaves=63
num_cat=0
split_feature=4 41 41 11 22 21 11 21 10 18 1 18 7 21 1 17 21 13 7 9 21 18 0 21 21 18 1 4 7 1 37 7 17 21 22 1 11 26 0 14 9 21 17 21 4 11 41 37 10 1 2 21 1 11 34 41 1 5 18 26 31 1
split_gain=99.9309 84.6812 77.7943 54.0013 95.5284 125.913 101.747 124.618 98.6684 96.0406 86.7402 86.3507 84.7496 146.502 89.2048 55.3 50.0779 52.7088 57.8019 55.7114 48.3449 45.9297 45.3578 44.4479 46.2887 42.2859 41.0046 39.92 39.8094 38.236 37.6545 36.7335 35.5555 31.8701 51.0695 43.4817 36.4401 31.8101 31.3688 35.3583 28.4811 30.6789 28.3691 27.0861 26.1119 31.7118 25.1489 24.9508 24.1835 24.1807 23.2223 23.7362 37.8928 22.8957 21.7396 21.737 18.4708 17.6864 17.1433 16.7337 16.5627 24.667
threshold=528.05000000000007 0.089118621510165863 0.15364559918408813 1.5000000000000002 1.0000000180025095e-35 0.001131353557237292 2.5000000000000004 0.00084991904341544765 0.16227762670287385 -0.0097998006758941974 72.500000000000014 -0.0033764850021080202 0.27829252511943831 0.00053258135743983681 38.500000000000007 0.061011604601677365 0.00029657002292457306 0.0064802152653623711 0.17765135261708662 0.19881165226655914 0.0012101512328613799 -0.0077077119105765637 0.0049144085883491406 0.0007813693755483155 0.0016723951175247962 0.0030256903031919973 9.5000000000000018 98.375000000000014 0.066292464089211314 65.500000000000014 10.331530235490506 0.6582582493410708 -0.0076375324282117315 0.00047064002705104042 1.0000000180025095e-35 8.5000000000000018 1.0000000180025095e-35 0.01130306010759107 0.072727194431191591 -0.1349741197233619 0.16211896630236797 0.00061089819009494761 -0.040481739869837212 0.00030404830939707937 197.92500000000004 1.0000000180025095e-35 0.023754522353257732 39.840713379022631 0.13207001231707818 4.5000000000000009 -1.1015741892535822 0.00074357879551946026 52.500000000000007 1.0000000180025095e-35 0.14044184501642223 0.06300318307172649 33.500000000000007 0.091443993700800585 0.0045982983252996776 1.0000000180025095e-35 0.26195786295969153 45.500000000000007
decision_type=2 10 10 2 2 10 2 10 8 8 2 10 10 8 2 10 8 2 8 10 10 10 2 8 10 8 2 2 10 2 10 8 10 10 2 2 2 2 2 2 10 10 10 10 2 2 10 8 8 2 10 8 2 2 10 10 2 10 10 2 10 2
left_child=1 3 38 16 5 6 10 8 25 -6 12 28 13 -5 -15 -9 -1 18 19 -18 30 -7 27 31 32 -8 -19 -13 47 40 46 33 54 57 35 -35 -36 -22 -3 -40 43 -42 59 -24 60 -46 -11 -10 -16 -34 -48 56 -53 -51 -25 -45 -52 -20 -37 -33 61 -28
right_child=-2 2 -4 4 9 21 7 15 11 20 -12 22 -14 14 48 -17 17 26 23 -21 37 -23 29 24 -26 -27 44 -29 -30 -31 -32 42 49 34 36 58 -38 -39 39 -41 41 -43 -44 55 45 -47 50 -49 -50 53 51 52 -54 -55 -56 -57 -58 -59 -60 -61 -62 -63
leaf_value=-0.049625408088312416 -0.025807155252716353 0.042784839218707085 -0.053482143372638395 -0.054458896127122514 0.044760128721260395 0.018440919749519807 -0.035779691730718481 0.052550780149633075 0.021214110106004384 0.002755390755608511 -0.053324128515480254 0.015785873078573157 0.049647339902609181 0.059573086468905183 0.023170686167170187 -0.003768949558859298 0.036458556015079475 -0.046369080379174483 -0.00094515086223415491 -0.037946158829026633 0.04801316522784109 -0.051504853116971699 -0.012793885563933566 0.027318904724174888 -0.040586800021153925 0.011017181562530173 -0.0071525111590568877 -0.051039685220731983 -0.056795961655486032 -0.02106352761582074 -0.057036274251853675 0.0027661795000569166 -0.046273734580357322 0.016104528151721347 0.0543399173380038 -0.044524278465465507 -0.012884491452570685 -0.016142071874680388 0.041205440935817975 -0.027995903538187455 0.028238123031706249 -0.044913265216622617 -0.049470622154074897 0.042528825177317729 -0.010072948644303852 -0.045630826459869545 0.018536186762605815 -0.028967291079482212 -0.02949580706806644 0.02153699746073497 -0.061437164431544823 0.0056880942047429772 -0.036244456985354716 -0.028490299785270446 -0.0010420777552243674 0.0023585618527499699 -0.02745751607665757 0.033824777038246052 -0.0091288713461793666 -0.03988965733019529 -0.024001770336478767 0.021754260711751499
leaf_weight=62.479213960468769 346.60160803422332 230.20441070944071 27.948952749371529 62.616822823882103 72.420642957091331 30.183606166392565 238.15166999027133 173.98521121218801 47.264188855886459 132.42370234429836 30.053884156048298 48.4363978728652 358.49424559623003 125.5771459415555 39.315598264336586 58.154083862900734 177.87619465216994 90.173568800091743 76.947733819484711 29.302954915910959 45.963635347783566 105.51543820276856 28.720892705023289 275.88119155168533 45.03859905526042 60.54512944817543 229.21779466420412 41.492982447147369 59.528838150203228 43.024135813117027 63.059399835765362 68.995228506624699 33.977254312485456 51.760235045105219 41.5303387157619 138.39102486893535 39.173836033791304 33.33386741951108 35.625318914651871 38.307061180472374 32.543793294578791 25.613700613379478 93.282441020011902 289.05254120007157 181.13681592047215 95.900681521743536 32.342826921492815 52.049494385719299 48.915774747729301 60.776655901223421 60.741770308464766 112.4894576407969 103.39700724184513 36.669817019253969 89.486180782318115 38.117689069360495 117.08209361508489 69.705335691571236 45.441971231251955 34.482862237840891 73.721371963620186 108.84425326436758
leaf_count=630 3597 2152 143 552 452 232 1988 1533 286 1050 161 252 3228 901 209 348 1233 639 565 270 267 822 220 1674 334 367 1535 266 414 269 576 398 232 333 240 1151 330 226 246 238 279 229 847 2170 1303 873 186 303 315 385 516 684 756 296 597 289 864 409 336 350 499 683
internal_value=0.000217122 0.00188971 0.0263486 0.00028473 0.00490612 0.010585 0.0139055 0.00542463 -0.00220533 -0.0100565 0.0296776 0.00798847 0.0336065 0.0128032 0.0325019 0.0384419 -0.00548762 -0.00422708 0.00154418 0.0259349 -0.015721 -0.0359468 0.0174125 -0.00266146 0.00794993 -0.0262941 -0.0146637 -0.0150471 -0.0244649 0.023799 -0.0204117 -0.0113767 0.0123502 -0.00368497 -0.0126179 -0.0243768 0.0217092 0.0210446 0.0336848 0.0053497 0.0284607 -0.00397918 -0.0294744 0.0337618 -0.0105132 -0.0223818 -0.0162763 -0.00508555 -0.0060278 -0.00995286 -0.0221916 -0.0255373 -0.0143951 0.00271136 0.0203727 0.0378487 -0.0390644 0.0155813 -0.0357748 -0.0114484 -0.00252827 0.00215447
internal_weight=5739.49 5392.89 332.086 5060.8 2810.61 2037.35 1901.65 1236.68 1004.54 773.254 664.973 705.845 634.92 276.425 213.809 232.139 2250.19 2187.71 1408.72 207.179 700.834 135.699 547.002 1201.54 541.83 298.697 778.994 89.9294 158.843 457.073 621.536 659.711 496.791 462.95 316.297 235.593 80.7042 79.2975 304.137 73.9324 414.049 58.1575 196.761 355.891 688.821 277.037 558.477 99.3137 88.2314 131.424 426.053 393.71 215.886 97.4465 365.367 327.17 177.824 146.653 183.833 103.478 411.783 338.062
internal_count=43728 40131 2779 37352 21210 15633 14579 9213 7332 5577 5366 4977 5205 1977 1425 1881 16142 15512 9980 1503 5125 1054 3974 8477 3518 2355 5532 518 1003 3456 4632 4959 3184 3364 2390 1820 570 493 2636 484 3187 508 1595 2679 4893 2176 4056 589 524 913 3006 2820 1440 681 2271 2459 1380 974 1487 748 2717 2218
is_linear=0
shrinkage=0.05


Tree=50
num_leaves=63
num_cat=0
split_feature=29 29 4 4 41 11 22 21 11 1 21 10 1 11 41 0 21 32 18 32 22 34 11 1 18 17 19 1 34 34 10 21 18 17 21 1 10 18 10 21 0 22 11 41 41 31 8 11 11 29 10 16 0 16 21 39 32 40 32 41 7 7
split_gain=181.896 85.2821 85.919 56.0269 49.6426 38.8786 76.2562 125.612 88.2637 83.7156 66.2029 49.7886 64.2888 104.839 43.1515 42.4104 40.7183 38.7232 38.2274 53.1612 51.4621 43.7113 85.7237 42.064 36.825 31.5897 31.1779 30.3347 30.1805 28.7162 28.5311 28.3831 27.715 27.1348 68.7914 31.1354 33.1646 31.3566 30.7262 32.9893 26.0528 25.2562 24.6586 22.8458 22.812 22.3432 24.434 22.2166 44.0275 22.0853 21.7332 21.0924 20.5494 20.4256 20.323 21.4781 19.0725 19.0302 22.7935 18.9193 27.1675 18.8988
threshold=0.49122339618795197 0.18449740625081368 497.5750000000001 98.375000000000014 0.089118621510165863 1.5000000000000002 1.0000000180025095e-35 0.00098503399877528076 2.5000000000000004 29.500000000000004 0.00090617932838173469 0.072661733587943839 22.500000000000004 3.5000000000000004 0.023531677922285946 0.010793726608825343 0.00077259792038564658 0.26983675661526113 0.00072331057962082845 -0.29912228111288741 1.0000000180025095e-35 -0.024283317501634535 1.0000000180025095e-35 25.500000000000004 0.00097370663004581204 -0.024652982545731297 -0.0037932480663960817 22.500000000000004 1.200055279159757 0.086132574571020873 0.27491948020921891 0.00029657002292457306 0.00064266304191251688 -0.0013124067333620431 0.0016072420169554234 18.500000000000004 0.15840844076937216 -0.00042044372739974406 0.20852536193409085 0.00050092691370590516 0.079122670920912366 1.0000000180025095e-35 1.5000000000000002 0.044818283543203656 0.077186066791533253 0.32745243089553738 0.0027304511506901154 1.5000000000000002 1.0000000180025095e-35 0.32909724781879551 0.60067260293796176 0.023930323083347065 0.062729463276683606 -0.032853197063972467 0.0004232866402948673 0.031765979255059376 -0.034108856792338098 0.014212205401499974 0.099410344620834548 0.039084204528720724 0.13724481432444366 0.36801981937685491
decision_type=2 2 2 2 10 2 2 8 2 2 10 8 2 2 10 2 8 10 10 8 2 10 2 2 10 8 10 2 10 10 8 8 8 8 10 2 8 10 10 8 2 2 2 10 8 10 8 2 2 2 8 10 2 10 10 8 8 8 10 10 10 10
left_child=1 31 4 -2 5 17 8 26 10 32 15 16 13 14 -13 -7 -10 18 21 -20 -21 25 29 -22 45 43 -8 -27 40 -23 -24 -1 -9 34 35 36 37 53 57 -40 -6 42 -5 -3 -19 46 -14 48 61 -31 59 -37 -43 -33 -29 -56 -48 -35 -59 -44 -61 -41
right_child=3 2 -4 41 28 6 7 9 11 -11 -12 12 24 -15 -16 -17 -18 44 19 20 23 22 30 -25 -26 27 -28 54 -30 49 -32 33 -34 38 -36 51 -38 -39 39 47 -42 52 50 -45 -46 -47 56 -49 -50 -51 -52 -53 -54 -55 55 -57 -58 58 -60 60 -62 -63
leaf_value=-0.021714636064313505 -0.0050933483678998036 0.026967353671549111 -0.03362010666540588 -0.037155685737131371 0.048167643306155791 -0.011585453746922811 0.0097039084561923554 0.060849052168702934 -0.043222550013979073 -0.050632799832543755 -0.032830421192809177 0.0034699839328767978 -0.0051007644011240201 0.037385097089279146 -0.056825622654282017 0.045885101960790292 0.028872226725606673 -0.045737032095706648 0.03249839610377929 -0.038983284496541572 0.028678560240484031 0.05893754678669897 -0.037798195024022624 -0.03174831226760471 -0.014839045719600111 -0.043122960170710906 -0.044463976447921993 -0.039032375771574729 -0.025905926952974109 0.046418886025884648 0.011683788424301811 -0.024593738681612968 0.0085866245215083011 -0.021081469743912781 -0.050947540176404495 0.036824097025194388 -0.015144156509165566 0.046291609987436907 0.049039335875726939 0.035417661406356826 0.0017984929607130107 -0.050108196708514553 -0.022591458830347702 -0.020769497145379984 0.0086089576776612643 -0.0049858756918699232 0.013375458911639569 0.028570748756071292 -0.028816148997370818 0.00018231805833291524 -0.041390702161193227 0.012137910344927916 -0.0025997660173055475 0.027802649119083468 0.026085740901142154 -0.015874903004962745 0.047981040666666017 0.010123645365377638 -0.019995647653640404 0.04125729035049791 -0.0099540153933761755 -0.002732275859944931
leaf_weight=57.847834933549166 399.07923933118582 81.173347242176533 192.38312321901321 162.41678896546364 107.5910668335855 36.241895541548729 30.612237084656954 72.440373085439205 93.784368500113487 30.754297908395529 35.336092170327902 42.249290697276592 35.546866595745087 66.029170796275139 99.686895962804556 280.97361382097006 24.754342004656792 94.380641650408506 47.024427711963654 212.68464758619666 65.957496173679829 84.822689525783062 68.612800516188145 51.121740132570267 61.854664526879787 86.555111579596996 200.90651049464941 36.647993687540293 23.436510153114796 44.9848687723279 50.626695606857538 38.811919592320919 39.037711162120104 90.377114824950695 31.957920596003532 379.18317376449704 88.305920824408531 75.120708808302879 71.634498097002506 75.592001140117645 42.164006672799587 172.48115414381027 81.93879384920001 36.258564833551645 24.276068706065416 44.794034972786903 52.507442682981491 121.69034132361412 75.446978509426117 60.644068777561188 49.914585363119841 112.11186375841498 26.221694517880678 35.716589152812958 56.395911376923323 66.406433042138815 164.72554910182953 325.14098056778312 77.855863437056541 41.232705257833004 69.632032033056021 56.897142693400383
leaf_count=362 3025 450 2309 1388 1119 329 190 431 918 271 287 235 232 483 904 2533 218 857 271 1936 390 544 600 416 448 775 1865 386 155 338 289 211 222 605 185 2582 490 441 500 529 284 2309 533 235 161 240 445 924 389 372 354 717 156 211 402 525 1462 1835 431 304 499 293
internal_value=-0.00031384 0.0038433 -0.00131521 -0.0196301 0.000941478 -0.000797527 0.00478489 -0.0145821 0.0117551 0.0223996 0.0320876 0.00130472 0.0074619 -0.0146643 -0.0388778 0.0393191 -0.0281671 -0.00754394 -0.00448412 -0.0172362 -0.0243283 0.00265393 0.0164568 0.00229364 0.0202641 -0.0091077 -0.0373017 -0.0192924 0.0268552 0.0372716 -0.0167891 0.0127124 0.0425476 0.0139152 0.0208541 0.0240007 0.00915561 0.0234946 0.00801107 0.0182859 0.0351123 -0.0292375 -0.0220761 0.012228 -0.0346183 0.0275608 0.0333282 0.0116026 0.00167235 0.0198734 -0.0119854 0.0311908 -0.0438388 0.000516387 -0.00635637 0.00339516 0.0396165 -0.000345476 0.00430483 -0.00437277 0.00909244 0.0190343
internal_weight=5662.99 4660.07 2946.38 1002.92 2754 2580.81 1412.24 373.751 1038.48 142.232 352.552 685.933 567.394 207.965 141.936 317.216 118.539 1168.57 1049.92 376.788 329.764 673.128 309.691 117.079 359.429 363.437 231.519 246.005 173.192 190.452 119.239 1713.69 111.478 1655.84 761.208 729.25 237.955 149.649 894.635 401.261 149.755 603.838 405.135 117.432 118.657 297.574 252.78 329.626 207.936 105.629 242.718 491.295 198.703 74.5285 159.45 122.802 217.233 493.374 402.997 192.804 110.865 132.489
internal_count=43800 35232 24527 8568 22218 20660 11713 2979 8734 924 3149 5585 4449 1622 1139 2862 1136 8947 7929 3013 2742 4916 2143 806 2827 2773 2055 2088 1558 1254 889 10705 653 10343 4837 4652 1353 863 5506 2635 1403 5543 3078 685 1018 2379 2139 2135 1211 710 1690 3299 2465 422 1313 927 1907 2871 2266 1336 803 822
is_linear=0
shrinkage=0.05


Tree=51
num_leaves=63
num_cat=0
split_feature=4 12 12 21 21 20 4 12 21 26 26 40 10 26 4 7 21 21 21 1 7 9 7 1 17 40 10 1 1 22 1 32 34 21 21 12 12 4 37 26 41 32 32 26 10 26 4 21 7 1 26 9 10 37 12 4 12 21 7 17 20 21
split_gain=80.8546 104.773 74.9311 61.2537 58.2258 48.6193 41.4725 41.1637 34.6825 43.4561 86.4573 31.9297 36.9182 55.3985 46.9604 44.1872 32.7535 29.0607 37.4422 37.0977 43.7444 26.3045 42.9282 38.3797 32.2316 30.7744 36.6549 35.0103 23.5482 24.9707 22.6903 24.039 28.6282 23.9811 24.0756 22.0032 74.5206 36.5587 34.8738 21.7015 34.0963 21.3213 21.1487 20.9962 25.3316 20.9742 34.2273 20.9493 44.6075 20.8072 20.7197 20.1116 44.4211 19.9774 19.4707 33.996 23.2973 19.2392 24.4905 20.6589 23.6161 23.8365
threshold=151.47500000000002 21.500000000000004 19.500000000000004 0.00043704588364383692 0.0016723951175247962 36.06654495350292 540.42500000000007 32.500000000000007 0.00029657002292457306 0.0024222428947911468 1.0000000180025095e-35 0.052437661869266426 0.30967885671986123 -0.0086787786212087544 408.72500000000008 0.42158894428144283 0.0010738979199818861 0.00077259792038564658 0.0014253560323163519 51.500000000000007 0.34795932596334994 0.23710687513665751 0.16322953106743635 73.500000000000014 0.01858409601893091 0.059573634904294952 0.1961028276911935 54.500000000000007 19.500000000000004 1.0000000180025095e-35 16.500000000000004 0.049941804419482934 -0.38084400917025729 0.00076327527694001172 0.0005991664867753127 23.000000000000004 24.500000000000004 36.475000000000009 -26.538950336737695 0.0024222428947911468 0.077186066791533253 -0.24327164867130288 0.071872406142540216 0.0068626515011911077 0.0093442352009330404 -0.019779800137208654 689.60000000000002 0.00051688101004799451 0.39819752133801717 14.500000000000002 0.022404081623590973 0.078128106361829056 0.2136329966329967 -21.915791354674543 27.500000000000004 62.775000000000006 25.500000000000004 0.0010777912731372481 0.24475522921464807 0.010343841324797888 36.306211444083225 0.00055761214106419459
decision_type=2 2 2 8 10 10 2 2 8 2 2 10 10 2 2 10 10 8 8 2 8 8 10 2 10 10 10 2 2 2 2 10 10 8 10 2 2 2 8 2 10 10 8 2 10 2 2 8 10 2 2 8 10 8 2 2 2 10 8 10 10 8
left_child=1 3 6 5 21 -1 11 8 53 10 35 12 13 -2 42 16 -14 19 -19 20 -11 22 24 25 -5 30 -27 -28 -13 -30 33 32 41 34 -24 -10 -37 38 -38 -4 51 -32 47 -22 -45 46 -8 48 -15 -44 -16 52 -41 -3 56 -56 -39 59 -59 -23 61 -61
right_child=2 7 39 4 -6 -7 45 -9 9 17 -12 28 15 14 50 -17 -18 18 -20 -21 43 57 23 -25 -26 26 27 -29 29 -31 31 -33 -34 -35 -36 36 37 54 -40 40 -42 -43 49 44 -46 -47 -48 -49 -50 -51 -52 -53 -54 -55 55 -57 -58 58 -60 60 -62 -63
leaf_value=0.0013394048602458472 0.031135609364073509 -0.043836618053511335 -0.046222138775462315 0.060166807380349477 0.04832537134500043 0.04667158536945111 0.028691665866103305 0.032618322236666157 -0.042938903409767186 -0.011983832091905922 -0.097731318844625825 -0.038214122247426777 0.031950233494541118 0.021364853342881965 -0.039763296444877007 -0.042581942252765424 -0.023804009030747197 0.060418862841596116 -0.0027857023972504722 -0.028565329670485768 0.064589034067612613 -0.0396145438344431 -0.0005066509839505702 -0.05195783775914025 -0.0016630180823960902 0.046123969713542212 -0.019580946012136065 0.043038307711385219 0.0050738876611024029 -0.028607038011763421 0.010497420941763713 -0.019356940887067763 0.018524659854274365 0.0070159773139488501 -0.04841448760533007 0.041738054236196323 -0.025466095332929425 -0.0061086222157081668 0.031760730876188394 -0.020694648966933394 0.018268377715250837 -0.04839720082805659 0.016234302017573685 -0.0042564908633799066 0.042123899006515336 -0.033785768853877955 -0.04350328933548793 0.0075198437138299518 -0.058865652816409458 -0.028348935390313898 0.0071366086916049981 -0.031197918157668314 0.02787116827425027 0.0033180887343007663 0.022668456621240576 -0.034567036683484077 -0.045187034863031439 -0.059985051099787405 -0.0022085986627086137 -0.013163404325643467 -0.014315952880139074 0.038383997086347627
leaf_weight=81.480130273848772 129.35713588818908 95.535257820039988 70.641577880829573 69.763613663613796 89.614735923707485 215.79685812070966 41.484296564012766 66.360429361462593 45.192867111414671 132.21488485112786 29.431687254458666 70.732496272772551 246.93793914467096 32.475661393254995 114.02163122221828 25.664992537349463 29.487068627029657 50.752881929278374 43.527828246355057 86.241133771836758 30.438415959477425 27.313323628157377 48.027404747903347 26.780846044421196 30.203211102634668 106.86522974446416 60.459944479167461 35.385302722454071 173.6881727874279 80.552041068673134 31.599621139466763 63.026767883449793 395.09376922622323 105.59547250717878 57.766244444996119 68.61596842110157 43.479491110891104 53.814113922417164 68.664148807525635 289.15322747826576 61.894885577261448 29.916238803416491 35.155323639512062 61.319517720490694 56.626119237393141 135.88204203918576 27.169330716133118 608.53975607827306 37.135660611093044 102.39734209701419 29.679125662893057 259.96269978582859 56.241297878324986 29.364849574863911 50.48289392888546 53.373569682240486 130.93742557987571 33.999540288001299 39.82662670314312 32.511087149381638 75.265872858464718 72.303414136171341
leaf_count=580 818 926 788 677 855 2081 289 306 340 1021 175 599 1905 267 1103 213 252 322 300 685 189 187 290 155 222 918 430 291 1235 608 217 528 3159 669 468 569 266 356 415 2659 425 217 228 432 355 1321 389 4368 373 811 171 2273 374 227 282 283 1002 296 242 252 513 601
internal_value=-1.48911e-05 0.00572122 -0.00632653 0.0135939 0.0093044 0.0342466 -0.00112288 -0.00565365 -0.00790119 -0.00481333 -0.0143852 0.00141404 0.004711 0.000420073 -0.00372132 0.0201759 0.0260028 0.00647883 0.0312384 0.000115438 0.00893038 0.00669812 0.0103033 0.00705793 0.041486 0.00875058 0.0259883 0.00353758 -0.0126966 -0.00559739 0.00397062 0.00958906 0.0135845 -0.00984062 -0.0266656 -0.00961804 -0.00640976 -0.0146535 0.00957317 -0.019869 -0.017079 -0.0181441 0.000921674 0.0275656 0.0180109 -0.0224048 0.000120872 0.00454758 -0.0214358 -0.0169545 -0.0300769 -0.0206931 -0.0127866 -0.0327502 -0.0240672 -0.00674582 -0.0338043 -0.00689708 -0.0288167 0.000905668 0.00705149 0.0223952
internal_weight=5583.22 2924.97 2658.25 1728.6 1431.32 297.277 1920.36 1196.37 1130.01 1005.11 543.992 1715.82 1390.85 1088.76 959.405 302.09 276.425 461.121 94.2807 366.84 280.599 1341.7 1060.48 960.517 99.9668 933.736 202.71 95.8452 324.973 254.24 731.026 519.636 456.61 211.389 105.794 514.56 469.368 400.752 112.144 737.894 667.252 61.5159 815.704 148.384 117.946 204.536 68.6536 678.151 69.6113 137.553 143.701 605.357 345.395 124.9 288.608 103.856 184.752 281.22 73.8262 207.394 180.08 104.815
internal_count=43768 22299 21469 13848 11187 2661 14950 8451 8145 6992 3688 12951 10509 8139 7321 2370 2157 3304 622 2682 1997 10332 8241 7342 899 7187 1639 721 2442 1843 5548 4121 3593 1427 758 3513 3173 2604 681 6519 5731 434 6047 976 787 1999 678 5008 640 1039 1274 5306 3033 1153 1923 565 1358 2091 538 1553 1366 853
is_linear=0
shrinkage=0.05


Tree=52
num_leaves=63
num_cat=0
split_feature=29 4 29 4 29 12 12 21 21 12 12 12 26 40 14 4 12 12 16 28 41 21 21 12 34 21 20 39 1 26 34 20 12 14 21 21 1 27 9 21 21 12 17 20 12 25 41 12 21 14 12 12 34 34 20 34 34 20 16 4 40 9
split_gain=191.886 115.116 47.0546 51.6167 42.562 41.28 35.6515 49.8628 56.1076 39.602 35.5478 33.0606 32.504 35.5899 40.2339 27.6762 27.1759 62.1444 26.9604 25.549 24.7764 26.2124 25.1475 24.7481 23.6798 23.789 29.5389 23.4697 22.6932 22.4805 21.4827 21.1731 23.0013 34.8986 22.7504 20.8234 28.1119 20.4268 19.7282 28.8356 28.0869 54.9987 25.6337 22.7409 28.9582 22.5122 19.4206 19.2085 18.919 29.171 18.9184 28.2963 24.5375 23.5738 21.1445 23.5591 20.0543 19.9632 23.0322 17.8688 18.0267 17.147
threshold=0.31221683445714993 222.37500000000003 0.095936122428622095 573.20000000000016 0.55018308918600212 24.500000000000004 26.500000000000004 0.0016450752130667907 0.00045046723148156961 27.500000000000004 19.500000000000004 20.500000000000004 0.017963673017191012 0.067947712727124202 -0.19378186592255967 497.5750000000001 14.500000000000002 13.500000000000002 0.046278563846025404 1.0009380863039401 0.080441358379491762 0.0016450752130667907 0.0014390624818419061 13.500000000000002 0.0777904418485902 0.00059329194688924163 51.410843649225761 0.049603565028563182 66.500000000000014 0.013523264410791049 -0.27212610538411569 44.694254144541155 25.500000000000004 -0.058508660123803791 0.00064858103451909024 0.00029657002292457306 17.500000000000004 1.7401996833983573 0.043754141603327058 0.0007773214026626751 0.00048905701451156739 19.500000000000004 0.00023474275545858729 39.824231302225236 21.500000000000004 807.50000000000011 0.051650313369529917 21.500000000000004 0.00082446070880960373 -1.0000000180025095e-35 13.500000000000002 14.500000000000002 -0.32229513215378158 0.67496031746031759 52.993656562126837 -0.10247471892469061 -0.26542059745629898 58.965541808918836 -0.064864166929585187 97.27500000000002 0.018544267804906072 0.1149436063891924
decision_type=2 2 2 2 2 2 2 10 8 2 2 2 2 10 2 2 2 2 10 8 10 10 10 2 10 8 10 10 2 2 10 8 2 2 8 10 2 8 10 8 8 2 8 10 2 2 10 2 10 2 2 2 8 10 8 8 8 10 10 2 8 10
left_child=2 4 -1 5 6 20 7 8 11 -8 12 -2 13 16 -15 23 17 -10 28 24 21 38 27 29 25 26 -11 -22 48 37 -7 -32 -33 34 -34 -13 -37 -3 39 42 -40 50 43 45 -45 -4 -14 -43 49 -12 52 61 -42 56 -54 -56 -53 58 -58 -44 -61 -52
right_child=1 15 3 -5 -6 30 9 -9 10 19 18 35 46 14 -16 -17 -18 -19 -20 -21 22 -23 -24 -25 -26 -27 -28 -29 -30 -31 31 32 33 -35 -36 36 -38 -39 40 -41 41 47 59 44 -46 -47 -48 -49 -50 -51 51 53 54 -55 55 -57 57 -59 -60 60 -62 -63
leaf_value=0.02089202903720112 0.047295300632540713 -0.027717500473165797 0.021421504820800717 -0.028434062697952713 -0.019449941451924808 0.010151942951449501 -0.049175588753778754 0.044798048234818984 0.02338763413635471 0.029207772841039648 -0.027413790082751899 -0.025638057135852224 -0.032671331943603596 0.031408294571564764 -0.037441356613294639 -0.046043912821128338 0.03111156661475737 -0.028512590464203777 -0.053958423391761705 -0.042986680008710781 0.037780140486771814 -0.035507775578452638 0.055356628303679559 -0.028321628445099212 -0.030184936097671179 0.04465363710249684 -0.042183814746252574 -0.016956475147796767 -0.046563960304861068 0.017634347566271913 0.0045656071233252538 -0.050119569838802093 -0.012266736848070366 -0.033310959264330961 0.04001559336317851 -0.01996159862306373 0.029190852433764215 0.024078515709111976 0.026835091833713482 0.033457409680964133 -0.022438842914933213 -0.038641307532510182 0.020268910076612308 0.040230896999859239 -0.0084634411860994886 -0.037161302100651307 0.01577038506463406 0.0077862187923374605 0.024824487894349764 0.021919267325848701 0.0047132674970306885 -0.019605119260590428 0.034536874109774025 -0.025315238380534007 0.041144311902270247 -0.0078194247736070518 -0.0089753262552724391 -0.0072799709048816446 0.045751705626565928 -0.053877982975513543 -0.0023912132364278553 -0.021826420000528951
leaf_weight=620.10684090852737 83.972219914197922 108.56603082641959 34.040834225714207 107.52801057696342 326.95480709895492 153.26006392389536 68.83341908454895 70.265762832015753 155.85340081527829 31.379154220223427 106.49713722616434 34.260140471160412 90.933452472090721 29.407331790775061 76.207876972854137 142.8746048733592 150.75291777029634 91.561466656625271 47.191565413028002 34.252171047031879 42.223026487976313 32.485536985099316 60.015893753618002 433.01993134617805 35.176176071166992 44.938978016376495 26.918387155979872 36.523639474064112 40.231213178485632 63.243985395878553 122.62989181280136 52.813772223889828 47.085595179349184 95.355943150818348 37.283298097550869 38.333300355821848 120.63669889420271 23.081674758344889 139.17142048478127 188.4235155582428 34.477424517273903 96.888770744204521 28.989468835294247 122.0839778073132 40.714169450104237 31.642851505428553 26.78444466739893 28.930597022175789 41.052002809941769 41.697376798838377 107.73699001967907 26.353669509291649 154.26329531148076 32.229741659015417 34.69614215567708 84.149337626993656 23.35481483489275 33.232214793562889 108.72873784229159 32.073660101741552 36.175504557788372 139.87735147029161
leaf_count=3642 958 1005 179 1063 2543 889 685 563 1280 179 998 409 740 183 590 2161 1285 860 480 218 489 219 635 4352 225 227 256 230 286 429 735 430 301 702 205 332 875 158 1112 1191 222 716 232 918 301 237 158 248 372 295 620 163 1222 250 263 531 184 273 903 285 235 910
internal_value=-3.64278e-05 -0.00999418 0.00864311 0.00540464 -0.00311631 0.00703054 0.000474728 0.00388347 0.00143753 -0.0171074 -0.0046314 0.0211016 0.00200537 0.00753272 -0.018271 -0.0261817 0.0143772 0.00418078 -0.01954 -0.00432337 0.0107125 0.00894492 0.0309749 -0.0216622 0.00524441 0.0173164 -0.00375668 0.0123926 -0.012462 -0.00686607 -0.005494 -0.0122454 -0.0211108 -0.0125863 0.0108372 0.00971862 0.0173385 -0.0186362 0.00987166 0.0178889 0.00592372 0.00270767 0.00888277 0.0180333 0.0280529 -0.00680053 -0.0216494 -0.0279659 -0.00521235 -0.013533 0.00766124 0.00136832 0.017308 0.0142493 0.0223256 0.00647521 0.0209022 0.0273596 0.036075 -0.0126183 -0.0265874 -0.010279
internal_weight=5550.42 2584.88 2965.55 2345.44 1814.09 2237.91 1487.14 1245.64 1175.37 241.498 898.17 277.202 621.501 503.783 105.615 770.786 398.168 247.415 276.669 172.665 1729.48 1590.72 138.763 627.912 138.413 103.237 58.2975 78.7467 229.478 194.892 508.429 355.169 232.539 179.725 84.3689 193.23 158.97 131.648 1558.23 514.144 1044.09 904.919 325.72 228.482 162.798 65.6837 117.718 125.819 189.247 148.195 779.1 471.514 307.586 223.899 273.109 118.845 191.669 165.316 132.084 97.2386 68.2492 247.614
internal_count=43837 23102 20735 17093 14997 16030 12454 10664 10101 1790 7527 2574 5096 4198 773 8105 3425 2140 2431 1105 12768 11414 1354 5944 887 662 435 719 1951 1592 3262 2373 1638 1208 506 1616 1207 1163 11195 3578 7617 6505 2387 1635 1219 416 898 964 1665 1293 5541 3303 2238 1773 2016 794 1523 1360 1087 752 520 1530
is_linear=0
shrinkage=0.05


Tree=53
num_leaves=63
num_cat=0
split_feature=29 29 4 4 12 11 22 10 7 11 1 1 12 11 11 10 1 18 12 10 11 11 29 34 12 12 12 11 10 28 34 41 1 9 11 1 14 11 4 29 16 4 10 1 1 4 12 1 37 37 11 34 20 34 37 12 7 12 4 11 9 36
split_gain=188.751 76.0643 68.865 66.1785 49.5758 48.4329 42.5403 107.117 88.3195 105.582 122.522 79.6008 80.4447 69.5611 72.113 73.0604 59.9638 59.5213 46.3047 31.1647 39.5222 65.9786 30.5183 30.5148 30.217 30.1733 45.6198 90.4601 76.2791 36.9075 43.2836 28.0125 27.1316 25.508 25.3577 24.0561 23.8853 23.7579 23.0259 22.0098 25.3289 21.4211 21.527 35.0593 29.4305 20.6692 19.0847 22.8117 27.0178 27.6862 25.7999 40.9931 50.6487 20.9535 18.9513 21.6405 18.8576 18.8168 18.1382 18.1064 17.9706 17.7344
threshold=0.4534193694786533 0.14123754683996606 431.05000000000007 185.02500000000003 21.500000000000004 1.0000000180025095e-35 1.0000000180025095e-35 0.10979867080726706 0.18943863054547513 1.5000000000000002 13.500000000000002 62.500000000000007 10.000000000000002 1.0000000180025095e-35 1.5000000000000002 0.58733513852048347 43.500000000000007 -0.007513740633879328 18.500000000000004 0.10555058636453983 1.0000000180025095e-35 2.5000000000000004 0.25722739275830381 0.32145192631067604 24.500000000000004 27.500000000000004 26.500000000000004 2.5000000000000004 0.24983649512323494 1.0009380863039401 0.22612535388082891 0.10034564556986977 20.500000000000004 0.040762570460677459 2.5000000000000004 69.500000000000014 -0.10458453318789131 1.5000000000000002 623.07500000000016 0.2984905411149385 -0.006238840647020156 476.47500000000008 0.34114384603478376 38.500000000000007 38.500000000000007 71.825000000000003 18.500000000000004 41.500000000000007 31.004833981279258 -23.038084315980317 2.5000000000000004 0.017364765573035127 47.220789354679219 0.048149770211161853 55.445482563459187 18.500000000000004 0.26034337875467539 13.500000000000002 97.27500000000002 2.5000000000000004 0.13393550428249631 24.110884498029552
decision_type=2 2 2 2 2 2 2 10 10 2 2 2 2 2 2 10 2 8 2 10 2 2 2 10 2 2 2 2 8 8 10 10 2 10 2 2 2 2 2 2 10 2 10 2 2 2 2 2 10 10 2 10 10 10 8 2 10 2 2 2 10 8
left_child=1 46 4 31 6 -6 7 -3 13 16 -11 12 -8 -9 23 -16 33 -14 19 39 56 -22 -18 -15 -7 26 27 -26 -29 30 34 45 -30 -10 -27 -12 -24 -5 54 40 -19 42 44 -44 59 -2 47 50 49 -49 51 52 -1 -52 55 -4 -21 -47 -36 -39 61 -59
right_child=3 2 38 37 5 24 11 8 9 10 35 -13 17 14 15 -17 22 18 -20 20 21 -23 36 -25 25 29 -28 28 32 -31 -32 -33 -34 -35 58 -37 -38 41 -40 -41 -42 -43 43 -45 -46 57 -48 48 -50 -51 53 -53 -54 -55 -56 -57 -58 60 -60 -61 -62 -63
leaf_value=-0.051972323078264215 -0.0017991740108929647 0.040028074828802163 -0.010408546481201639 -0.045215169918722202 -0.038658887353402671 0.024133764029092824 0.047117402096898492 0.047700781867858533 -0.001241349804104144 -0.053939849321135026 0.053590132147824571 -0.042041799034662812 0.038240896155805768 -0.0032458998715615335 0.042985955887823904 -0.027760916270501118 0.030673081382577357 0.020237655598000323 -0.042368137745837794 0.011077087576989171 -0.055656626571879489 0.026684924769433328 0.011281245262162062 -0.060192464093477886 0.060532357416357568 0.063284988172140968 -0.044647237892154329 -0.041592170327033037 -0.013904751221487431 -0.0346136076316075 -0.028656644116791155 0.024428056290070898 0.042423064797632637 -0.053036146659359198 0.038097780982688331 -0.0052767112097203608 -0.050352437059113478 0.024977821991580967 -0.046145141438943417 -0.045207522082381373 -0.034032089351525067 -0.052613158332092971 -0.029032495077853077 0.050843877436777644 -0.050333675971488745 0.0021552211237072598 0.0099798441574833856 0.013447892112256891 -0.0089548921686848273 0.05360352781745284 0.0549678341171621 0.032392171406011271 0.011897953154607213 0.01088236563613118 0.025871997157111644 -0.047710892326118227 0.057299960254458285 -0.047934140951865836 -0.0078066012933255451 -0.022996093528694212 -0.040583297394546837 -0.010328818117024099
leaf_weight=51.708109676837921 343.86164227500558 290.09784181043506 179.19644156843424 197.42588056623936 105.39431327953935 93.750070802867413 95.690293401479721 158.95311979576945 27.96233619377017 41.487350087612867 112.30485206842422 105.25575139373541 74.195190913975239 51.655891135334969 138.20808181166649 49.585512518882751 48.867783211171627 47.835509486496449 88.90570629760623 41.152280285954475 44.027080234140158 54.372211564332247 29.169964756816626 43.195775501430035 44.483082450926304 44.216037824749947 96.587081018835306 132.39930157735944 37.091310016810894 39.792562559247017 37.181991271674633 60.062346883118153 50.463597975671291 158.57865380495787 46.245795555412769 20.527125731110573 34.090057235211134 30.891649004071951 70.308345429599285 52.300760492682457 39.052854374051094 46.646249622106552 26.944471340626478 28.026710823178291 64.609425351023674 90.83016998693347 638.13885820657015 61.983036361634731 30.896519135683775 139.605897821486 55.974839556962252 77.28502019494772 77.651766870170832 51.984396494925022 26.888369426131248 49.654531113803387 47.57432209700346 36.872350011020899 40.247185554355383 54.134535852819681 105.98558261245489 209.3837782740593
leaf_count=273 2743 2355 1421 2360 990 758 550 1524 180 387 1234 753 513 317 1480 355 253 276 922 226 391 347 175 405 288 214 832 1250 243 236 207 448 337 1426 239 126 281 287 1079 512 254 689 231 189 623 686 3815 344 232 954 425 487 446 307 227 692 244 318 262 427 905 1741
internal_value=-3.87206e-05 0.00513604 0.000885761 -0.0167098 0.00354143 -0.0071762 0.00788409 0.0135551 0.00515817 -0.00985508 0.0210665 -0.00201188 0.00518917 0.0212386 0.00635686 0.0243058 -0.0279026 -0.00300862 -0.0103794 -0.00166399 0.0116626 -0.0101574 0.000994237 -0.0291796 -0.00216743 -0.00650312 -0.0152383 -0.00449647 -0.0176478 0.0086815 0.0189431 -0.00848537 0.0185606 -0.0452722 0.0324835 0.0444932 -0.0219324 -0.0322356 -0.0208036 -0.0195803 -0.00415443 -0.0220367 -0.0150659 0.011692 -0.0248959 -0.0109975 0.0158545 0.0227069 0.0345838 0.0412568 0.0139301 0.00358071 -0.0136325 0.0337399 -0.0138367 -0.0185022 0.0358613 -0.0181361 0.0167374 -0.00556625 -0.0233685 -0.0159595
internal_weight=5469.85 4174.17 2988.95 1295.67 2662.9 767.852 1895.05 1204.68 914.587 472.988 174.319 690.362 585.106 441.598 282.645 187.794 298.669 489.416 415.221 326.315 187.126 98.3993 112.128 94.8517 662.458 568.708 361.024 264.437 219.954 207.684 167.891 846.996 87.5549 186.541 130.709 132.832 63.26 448.679 326.048 139.189 86.8884 251.253 204.607 54.9712 149.636 786.934 1185.23 547.09 232.485 201.589 314.604 206.645 129.36 107.959 255.739 228.851 88.7266 443.072 86.493 85.0262 352.242 246.256
internal_count=43691 32044 24761 11647 21342 5856 15486 10498 8143 4062 1747 4988 4235 4081 2557 1835 2315 3685 3172 2250 1208 738 709 722 4866 4108 2950 2118 1830 1158 922 6841 580 1606 715 1360 456 4806 3419 1042 530 2446 1757 420 1337 6393 7283 3468 1530 1298 1938 1206 719 732 2340 2113 470 3650 501 714 2964 2059
is_linear=0
shrinkage=0.05


Tree=54
num_leaves=63
num_cat=0
split_feature=29 23 29 12 11 40 11 21 23 29 29 12 23 11 25 25 12 12 21 10 36 20 7 10 39 26 22 11 12 26 7 10 10 12 26 23 11 40 22 21 21 25 25 11 21 16 25 7 11 22 16 11 11 25 14 11 26 11 22 14 21 11
split_gain=178.174 93.9179 51.2747 50.6997 65.033 59.0808 51.0744 40.4469 37.4769 35.0326 33.9242 31.3839 27.1835 26.9645 40.2949 37.7489 63.0771 83.7133 42.7343 34.9616 26.3382 26.5442 25.4404 29.854 57.7131 40.0092 44.271 30.6604 23.3021 26.486 25.7654 25.4846 23.9553 23.2685 22.0132 34.5051 27.0499 26.4753 22.4298 48.5886 45.3905 56.8538 34.2042 24.9862 27.8344 22.8575 21.9728 21.6512 21.3283 22.4984 20.7859 20.6595 20.626 24.5171 20.7589 31.3644 20.3297 41.7474 41.1767 42.8742 35.997 31.2699
threshold=0.23500150782096366 5.2204909419552452 0.45548163711066764 21.500000000000004 1.0000000180025095e-35 0.025931705779483637 3.5000000000000004 0.0017223780046719309 6.3100091790539654 0.48921512630115149 0.095936122428622095 24.500000000000004 6.4740449310348582 3.5000000000000004 857.50000000000011 822.50000000000011 25.500000000000004 27.500000000000004 0.00041553441779396773 0.098225142009680036 18.292671727105226 34.792866230112864 0.9465972815296575 0.21851197274868492 0.026829907882422139 -0.013119187227608716 1.0000000180025095e-35 1.5000000000000002 13.500000000000002 0.013523264410791049 0.18698043404975723 0.071042943647362841 0.22836086043818168 21.500000000000004 -0.0086787786212087544 6.0260471150156159 3.5000000000000004 0.044671252490659966 1.0000000180025095e-35 0.00071912205878064712 0.0005991664867753127 747.50000000000011 617.50000000000011 1.0000000180025095e-35 0.00098139251852490702 -0.1156505150092814 617.50000000000011 0.2120947265334728 1.5000000000000002 1.0000000180025095e-35 0.019880149314474436 1.0000000180025095e-35 1.0000000180025095e-35 782.50000000000011 -0.031259040487625185 3.5000000000000004 0.017963673017191012 1.5000000000000002 1.0000000180025095e-35 -0.21650059149844011 0.0005991664867753127 1.0000000180025095e-35
decision_type=2 2 2 2 2 10 2 10 2 2 2 2 2 2 2 2 2 2 10 8 8 10 10 10 10 2 2 2 2 2 8 8 10 2 2 2 2 10 2 8 8 2 2 2 10 10 2 10 2 2 10 2 2 2 2 2 2 2 2 2 10 2
left_child=10 3 8 5 -5 20 7 9 22 56 -1 -6 33 15 -15 16 -13 18 -18 -17 -2 -22 23 25 -25 -3 27 -27 29 32 50 -32 -11 34 37 36 38 51 40 -40 -36 45 -41 -44 -45 -42 -8 -43 -4 -50 -30 -12 53 -35 55 -54 57 58 59 -7 61 -61
right_child=1 2 48 4 11 6 46 -9 -10 28 12 13 -14 14 -16 19 17 -19 -20 -21 21 -23 -24 24 -26 26 -28 -29 30 -31 31 -33 -34 52 35 -37 -38 -39 39 42 41 47 43 44 -46 -47 -48 -49 49 -51 -52 -53 54 -55 -56 -57 -58 -59 -60 60 -62 -63
leaf_value=0.020931117683534742 0.083420842736658118 0.040720840293454921 -0.045324341981853547 -0.049586698013690353 0.021381313903917593 0.032707470591238241 -0.0034577170701147633 0.036808421006480248 -0.04403466069197054 0.041465426033861164 0.069572940966074109 0.069107135893583957 -0.032511125905204899 -0.04508223977357223 0.01086592145731937 0.02457729077756933 0.031380307714278244 0.035859030604872492 -0.037877643813295662 -0.037462832246944154 -0.0249590510924458 0.036096246350552162 0.043816009700258632 0.040162576945215814 -0.010207368410095312 -0.02683576530654775 -0.037651098747883811 0.02194284094971858 0.023024131276957759 -0.041729415728977343 -0.012369610174519527 -0.059404320156238172 -0.011487814531311334 -0.054448570546021216 0.045421786943765578 -0.017660531732869703 0.054881310202870848 0.010006772627475406 -0.026653249557591682 -0.021033769009886089 -0.012622787751512852 0.014419105045774198 0.04965069333886362 -0.0085979357148813652 0.04738876308529625 0.039894690783270348 0.055996751842297535 -0.035357550428652317 -0.010298727084358902 -0.041217749706149977 -0.033253268490444375 0.026415159963767362 0.032956526835290989 0.0057911562361655363 -0.0078100501166710277 -0.0088907245774391425 -0.015348440738988323 0.023049282029866957 0.033777454787452935 0.032599065280179758 -0.040735591353001518 -0.025951850118763956
leaf_weight=607.34558230265975 23.381892971694469 26.279097769409418 185.72990494593978 96.681137733161449 92.1981550604105 41.413747668266296 21.29264622181654 63.596054565161467 77.047322668135166 40.330062977969646 43.422147020697594 35.867590509355068 42.317877899855375 105.88653897121549 46.234611507505178 28.590999074280262 27.295656286180019 90.630395613610744 121.04038517549634 110.3684946373105 21.494140680879354 103.62751614674926 23.544832218438387 76.279669240117073 223.47436007484794 59.489118251949549 207.5981754027307 70.266489453613758 34.471435725688934 29.177327170968056 45.063196618109941 79.795032124966383 45.401244807988405 36.724768064916134 109.59532000496984 112.18530216068029 35.259986143559217 139.79221920669079 109.07825274392962 52.22030895203352 26.134525056928396 30.920567933470011 64.616088733077049 67.535015948116779 33.071022652089596 99.978807982057333 57.522114504128695 74.437095955014229 145.06033312156796 98.982079785317183 31.31013185530901 76.727922432124615 106.24764787405729 31.274127900600433 205.58596529439092 77.390176068991423 133.6243980564177 221.46249559521675 55.20669599622488 41.890389714390039 121.57079333439469 50.046570785343647
leaf_count=3613 133 149 2281 1166 690 251 140 595 1205 265 313 245 457 979 330 224 183 460 1129 911 163 1048 157 579 1807 541 2332 474 286 198 330 740 347 269 948 755 311 1109 686 271 172 217 419 370 243 932 625 519 972 1451 259 528 586 175 1318 516 998 2231 323 353 1146 310
internal_value=-0.000132058 -0.00762512 -0.0187403 -0.00104495 -0.0112952 0.00508725 0.00113536 -0.00182101 -0.0109681 -0.00435168 0.0108927 -0.00566998 0.00702048 -0.0100771 -0.0280778 -0.00345965 0.00727874 -0.00200137 -0.0251333 -0.024698 0.0347105 0.0256078 -0.00725929 -0.00907205 0.00261048 -0.0187023 -0.0233313 -0.000420711 -0.0183666 -0.000581424 -0.0290867 -0.0424288 0.0134227 0.0081123 0.0121308 0.00809002 0.0122002 0.0248003 0.00994592 0.000579096 0.0189133 0.00636221 0.01424 0.0253886 0.0098059 0.0290115 0.0399345 -0.020749 -0.0325564 -0.0228393 -0.00376229 0.0420124 -0.00133553 -0.026743 0.00310326 0.0153209 0.00208569 0.00646806 -0.00537259 -0.0138511 -0.0228819 0.000726437
internal_weight=5392.08 3210.22 1193.75 2016.47 754.794 1261.68 1113.17 1034.36 763.979 970.764 2181.86 658.113 1574.52 565.915 152.121 413.794 274.834 238.966 148.336 138.959 148.504 125.122 686.932 663.387 299.754 363.633 337.354 129.756 305.548 114.909 190.64 124.858 85.7313 1532.2 1074.97 815.032 702.847 259.942 667.587 326.521 341.066 231.471 217.442 165.222 100.606 126.113 78.8148 105.358 429.772 244.042 65.7816 120.15 457.223 67.9989 389.224 183.638 665.215 531.591 310.128 254.922 213.508 91.937
internal_count=43733 29006 11948 17058 6317 10741 9397 8632 7244 8037 14727 5151 11114 4461 1309 3152 2017 1772 1312 1135 1344 1211 6039 5882 2386 3496 3347 1015 2425 810 1615 1070 612 10657 7793 5843 5088 1950 4777 1989 2788 1840 1303 1032 613 1104 765 736 4704 2423 545 841 2864 444 2420 1102 5612 4614 2383 2060 1809 663
is_linear=0
shrinkage=0.05


Tree=55
num_leaves=63
num_cat=0
split_feature=29 4 12 29 21 21 22 10 32 4 41 12 37 11 34 11 37 41 41 32 11 10 7 21 37 21 21 21 11 22 11 10 22 12 21 25 21 11 25 29 29 25 22 25 12 34 41 10 6 12 29 11 11 22 21 25 20 29 10 11 25 41
split_gain=158.432 77.9174 54.4491 40.2233 36.2315 52.1996 50.1601 37.7233 37.0028 35.2369 33.0084 32.6316 32.2998 52.5517 30.1363 28.5496 36.3599 26.6163 24.9176 26.7227 27.5802 29.9743 23.7141 61.742 69.3664 86.3686 58.6492 42.1833 41.8115 105.862 42.4968 63.1752 40.1771 93.4708 32.9668 42.323 39.0342 34.1499 93.0311 45.8908 32.5823 51.1192 29.9845 24.7348 23.5751 55.3344 46.0006 23.0212 38.7336 22.7889 22.7612 24.0899 21.426 26.066 21.4671 31.0523 20.9525 20.6782 20.6382 19.4574 23.0448 20.4837
threshold=0.38097302853125919 299.90000000000003 19.500000000000004 0.53906349535625908 0.00047064002705104042 0.00029657002292457306 1.0000000180025095e-35 0.54880290202625592 0.64571773495512752 717.65000000000009 0.10209534395304017 26.500000000000004 -20.477935882567316 1.0000000180025095e-35 -0.050149332500817594 3.5000000000000004 5.2373302644086506 0.031817902464735433 0.090993535599196221 0.096883534411511776 1.5000000000000002 0.60067260293796176 0.38014570516150831 0.00050092691370590516 -1.4822746356641796 0.0016723951175247962 0.0010937494334962137 0.0015714098083562452 1.0000000180025095e-35 1.0000000180025095e-35 1.5000000000000002 0.53110173232762214 1.0000000180025095e-35 14.500000000000002 0.0010717374769591886 842.50000000000011 0.00064551799750712353 2.5000000000000004 732.50000000000011 0.12428591414675717 0.18233896927092322 762.50000000000011 1.0000000180025095e-35 822.50000000000011 27.500000000000004 0.26931118753004385 0.060826462357201246 0.30967885671986123 0.2166881887715946 23.000000000000004 0.2849941270260255 1.5000000000000002 1.5000000000000002 1.0000000180025095e-35 0.00074357879551946026 672.50000000000011 41.402115992377844 0.064908125160051552 0.19043045596277938 1.5000000000000002 592.50000000000011 0.039084204528720724
decision_type=2 2 2 2 10 8 2 10 10 2 10 2 10 2 10 2 10 10 10 10 2 8 8 8 8 8 10 10 2 2 2 10 2 2 10 2 10 2 2 2 2 2 2 2 2 8 10 10 10 2 2 2 2 2 10 2 10 2 10 2 2 10
left_child=2 3 9 18 5 -4 11 8 12 10 15 -7 13 -6 50 22 -17 -13 19 47 -21 56 26 -24 25 34 28 -28 32 30 -30 -32 33 -1 35 37 -37 -25 39 -39 41 -31 -26 -33 46 -46 57 -2 -49 -8 51 -15 -3 54 -54 -56 -22 -14 -36 -5 -61 -62
right_child=1 52 4 59 7 6 49 -9 -10 -11 -12 17 44 14 -16 16 -18 -19 -20 20 21 -23 23 24 42 -27 27 -29 29 40 31 43 -34 -35 58 36 -38 38 -40 -41 -42 -43 -44 -45 45 -47 -48 48 -50 -51 -52 -53 53 -55 55 -57 -58 -59 -60 60 61 -63
leaf_value=-0.058529310105787768 -0.0032810248333386277 -0.047424494504204273 -0.024693721562957179 -0.032585465352989444 -0.044766018504240716 0.028505273603195148 -0.046885954464167136 -0.064376049343982153 0.051062645462222549 -0.044060566795608914 0.047797952238108787 0.014220058994885612 0.013724828661071067 0.05631229113878853 -0.035809515428146331 0.049991455589834373 -0.017084698470725551 -0.031652137208905785 0.023700814112709953 -0.038176890517451711 0.033789957997835053 -0.037921796605287834 -0.059321410674480303 0.03396416616529218 -0.044041150221365295 -0.049487038495844127 -0.036360608525646154 0.02623393150476834 -0.017840993900063658 0.033239750021352897 0.052014052345111063 0.023008103849620432 0.053063799753881563 0.058163413652129028 0.050778291149896994 0.025770287290339068 -0.038103263426773525 0.016688578020830572 0.049709758035674706 -0.054098473522045248 -0.042781487031298457 -0.038739010578265981 0.0026940062767375809 -0.028862006193476411 0.044758512665585157 -0.029262357859585482 0.032655406000310166 0.03692761578865994 -0.033637780350763619 0.015385241346668519 -0.0089203287035901479 0.015899581550550559 0.019635826094555275 -0.040151532653103159 0.014814279055698005 -0.058278786965748321 -0.023108391151974082 -0.03031627712503572 0.014521682601706302 -0.055416337661538334 -0.022189338969983499 0.0075640505678385263
leaf_weight=30.395932760089636 665.6393945813179 148.22380594536662 102.76098972558975 177.1825729124248 47.159569397568703 332.03727757185698 44.879478149116039 28.224356882274151 27.849557653069496 27.972990669310093 63.891881231218576 105.21810641512275 29.018968746066093 48.365163318812847 29.587675780057907 91.170010462403297 25.9552205465734 45.208796799182892 87.771099083125591 104.00515953451395 51.519357163459063 39.41290645301342 37.144325450062752 192.00340449437499 84.839413501322269 50.775432966649532 84.306891832500696 39.539085451513529 41.842727519571781 54.238017879426479 200.11687677353621 58.935180619359016 154.34836684539914 39.409734457731247 105.36423122137785 36.338233835995197 69.986267901957035 36.427437782287598 63.954471535980701 61.636655919253826 77.218713074922562 45.243069492280483 57.63543625921011 37.676406912505627 47.947820968925953 53.330232162028551 35.906826090067625 87.232000920921564 25.025546249002218 21.843047171831131 62.857842333614826 155.22675327584147 47.923459932208061 106.68376221135259 26.371266342699528 32.361799191683531 23.587875079363585 326.80371152982116 62.550801455974579 26.341831389814615 106.82131440192461 126.17142136394978
leaf_count=226 5860 2135 941 1514 343 2450 473 160 273 375 848 592 142 256 213 902 258 267 726 926 428 327 346 1523 649 309 639 309 284 253 1931 385 852 464 727 213 484 156 388 428 687 234 407 295 252 329 273 723 196 173 516 989 258 1741 143 302 223 2673 405 159 863 1001
internal_value=-0.00027594 -0.0119591 0.0060521 -0.00699869 -0.000946404 0.00801346 0.0141335 -0.00749298 -0.00563489 0.0116491 0.012468 0.0197529 -0.00752318 0.00425474 0.0120639 0.0112406 0.0351272 0.000433783 -0.00183889 -0.00408858 -0.0195375 -0.00260958 0.0096158 0.00373239 0.00658334 0.0132385 0.0154678 -0.0163767 0.0208014 0.0129594 0.0293319 0.0359839 0.038828 0.00735115 0.0183079 0.0113906 -0.0162734 0.019699 0.00279372 -0.0278035 -0.0184117 0.000504482 -0.0251353 0.00277989 -0.0157221 0.00578116 -0.0212816 0.000251301 0.0211965 -0.0265001 0.0173799 0.0255 -0.032822 -0.0226766 -0.00519723 -0.0254599 0.0159207 -0.0267245 0.0372722 -0.0198143 -0.0110887 -0.00607713
internal_weight=5357.42 1882.27 3475.14 1520.71 1544.23 651.948 549.187 892.278 864.054 1930.92 1902.94 482.464 836.205 343.197 296.037 1839.05 117.125 150.427 1084.19 996.422 218.525 114.52 1721.93 858.656 821.512 679.037 863.271 123.846 739.425 515.271 338.571 296.728 224.154 69.8057 628.262 460.346 106.325 354.022 162.019 98.0641 176.7 99.4811 142.475 96.6116 493.008 101.278 391.73 777.897 112.258 66.7225 266.45 203.592 361.564 213.34 106.657 58.7331 75.1072 355.823 167.915 436.517 259.335 232.993
internal_count=43817 17525 26292 12946 11315 4896 3955 6419 6259 14977 14602 3309 5986 2317 1974 13754 1160 859 9409 8683 1904 978 12594 6035 5689 4633 6559 948 5611 4069 2895 2611 1542 690 4324 3192 697 2495 972 584 1174 487 1056 680 3669 581 3088 6779 919 646 1761 1245 4579 2444 703 445 651 2815 1132 3537 2023 1864
is_linear=0
shrinkage=0.05


Tree=56
num_leaves=63
num_cat=0
split_feature=29 4 29 12 4 26 4 12 7 7 4 20 25 26 41 25 7 4 4 27 29 29 26 7 20 41 18 26 29 25 18 20 34 10 12 40 10 26 12 7 12 40 20 10 26 34 34 7 7 17 32 12 41 40 36 10 12 25 12 41 4 26
split_gain=146.777 97.9757 41.264 35.3176 35.4664 43.2512 43.3069 30.0706 25.4706 37.7007 24.9985 23.9885 30.4704 23.9449 23.3968 22.2829 24.0258 21.7075 20.481 19.0507 18.8349 18.5984 24.2086 31.552 18.5919 18.4267 17.8181 17.2593 17.1877 17.0023 16.7679 22.6079 18.6297 16.7382 16.6063 15.9808 20.7444 21.1335 15.7982 16.9456 23.8046 15.7976 15.7119 25.691 23.6048 18.7841 17.8573 15.4512 15.374 21.9376 19.8819 19.1847 34.7508 18.6681 18.0931 23.6202 18.8854 14.8486 14.5009 15.1475 14.3402 14.3148
threshold=0.26431420575001763 313.37500000000006 0.5171911242944206 24.500000000000004 397.52500000000003 -0.013119187227608716 648.10000000000014 24.500000000000004 0.26372649499775097 0.47813642592483091 534.97500000000014 46.738166484865182 822.50000000000011 0.022404081623590973 0.075834345828933433 722.50000000000011 0.19480869582969318 188.77500000000003 88.875000000000014 1.6346013794285226 0.078062083359420789 0.5021671233905568 -0.013119187227608716 0.11778047099421317 56.22476857055981 0.03421409639156725 -0.01005217979854711 -0.0064585743180087746 0.14767548259458663 597.50000000000011 0.0024177909891639486 42.254081081229096 -0.15194684870410621 0.25720831743982486 31.500000000000004 0.052806951555861785 0.31999328164153384 0.0024222428947911468 31.500000000000004 0.34795932596334994 25.500000000000004 0.04207239171032124 47.991039913458955 0.16227762670287385 0.0090828558043910892 -0.19079962379156598 -0.17247165334772688 0.32813513294422841 0.17537009081833901 0.00050219493642791435 0.19274917853231102 21.500000000000004 0.037078123521236635 0.025489234847248247 69.351832554575807 0.42004222115096873 19.500000000000004 747.50000000000011 13.500000000000002 0.089118621510165863 24.525000000000002 -0.013119187227608716
decision_type=2 2 2 2 2 2 2 2 8 10 2 8 2 2 10 2 10 2 2 10 2 2 2 8 8 10 8 2 2 2 10 10 8 8 2 8 10 2 2 10 2 10 10 10 2 10 10 8 10 8 10 2 10 10 8 8 2 2 2 10 2 2
left_child=3 2 7 4 14 6 -6 13 24 -10 21 12 33 17 20 -16 -17 19 29 26 -1 22 -3 -24 28 -22 -2 -25 -7 -4 31 41 -32 -9 60 36 37 -19 39 -33 -41 -5 44 -44 -27 -46 -45 -14 49 -28 51 53 -53 -50 55 -51 -56 -47 -20 -60 -13 -55
right_child=1 10 18 30 5 8 -8 11 9 -11 -12 34 47 -15 15 16 -18 35 58 -21 25 -23 23 27 -26 42 48 -29 -30 -31 32 38 -34 -35 -36 -37 -38 -39 -40 40 -42 -43 43 46 45 57 -48 -49 50 54 -52 52 -54 61 56 -57 -58 -59 59 -61 -62 -63
leaf_value=0.027931827635887963 0.046150692235695255 0.023673599442567087 -0.039162174239745287 0.019171898950937235 0.052485957966005005 0.030139828202953994 -0.017372627348907679 -0.010857864630268423 -0.044653380351834922 0.018335062231590645 -0.047692904785826044 0.012055675300077416 -0.052174738756887468 -0.016963022503419866 0.050238186048617031 0.046898484403619684 -0.02125211818705942 0.023657477421521092 -0.0033517460509638153 -0.032229878535966018 0.020541622475987731 -0.039011079600847542 0.0040309279925850438 -0.0015017176654266854 -0.027517636110843992 0.010239807561568833 0.047417387680524246 -0.039131891107519447 -0.010752606258527706 0.00060072459096484571 0.041573045545632861 -0.027373192281518157 -0.0079041121161559941 0.031331513727025889 0.0025453227148218801 -0.025013301540400136 0.025292384551844644 -0.016293177815346525 0.015274131283380699 -0.029826270721031924 0.021366056765775208 -0.013805512272341261 0.029234450503009199 0.038662400050017864 -0.03230052926890345 0.028309190348626202 -0.0026896852911978616 -0.0035551390396883296 0.045077937263663923 -0.0089961996704290767 -0.024808345609947966 -0.053898713586611871 0.023551291683793305 -0.0057276767953356057 0.013863376730981928 0.043041892486156169 -0.041731428126947558 -0.014891782826208828 -0.032570913053611018 0.0044276180631719333 -0.032697757717843494 0.014753448467031367
leaf_weight=203.06971945613623 36.762978561222553 35.765315979719162 30.358104906976223 119.38409172743559 61.497773475944996 62.261057138442993 34.704235926270485 33.236070614308119 92.058310225605965 32.017931688576937 112.32729562371969 20.015815936028957 27.616477232426405 117.35494826361537 90.25761529058218 23.39430083334446 28.918481267988682 43.107431601732969 76.386767003685236 24.942955397069454 373.37792589887977 109.01645812764764 92.150338176637888 38.086779564619064 37.954597339034081 232.07204516977072 60.584834698587656 152.39217835664749 43.754681751132011 234.91198557987809 43.130587160587311 171.03649996221066 34.04187149181962 80.331639133393764 58.338270127773285 72.411452807486057 67.796504195779562 142.63102483376861 41.115642748773098 40.060504883527756 52.42769468575716 52.192789889872074 163.56714836135507 30.30505283921957 77.993107303977013 32.39290326833725 188.47610444575548 40.023451361805201 39.896044000983238 32.796625960618258 47.196568392217159 31.296303454786539 26.959113992750645 115.830197237432 37.65307154878974 65.072675168514252 25.703074511140585 51.533053115010262 229.82454391568899 31.449319966137409 169.29401617124677 323.82227332517505
leaf_count=1272 330 207 182 645 317 339 337 290 666 180 2025 135 260 1016 1010 292 186 307 578 170 2500 1293 808 280 278 1875 622 1902 349 1910 235 1183 214 492 330 580 548 1398 229 261 304 301 1384 251 479 297 1278 263 452 315 401 444 275 1122 362 603 166 351 2093 182 1805 2709
internal_value=0.000117496 -0.00749701 -0.00307387 0.00921624 0.0125161 -0.0014747 0.0272849 0.000830834 -0.0117965 -0.0283992 -0.0267028 -0.010663 0.00316139 0.00458835 0.015924 0.0351893 0.00922486 0.00670576 -0.0143468 0.010835 0.0138937 -0.0211864 -0.0150833 -0.0199878 0.00251191 0.0114142 0.0121084 -0.0316076 0.0132628 -0.00394983 -0.0018725 -0.00537616 0.019748 0.0189846 -0.0207784 -0.00429707 0.00161964 -0.00702116 -0.013552 -0.0180495 -0.00080748 0.00914034 0.00702434 0.0142449 1.71381e-05 -0.0146346 0.00303831 -0.0234059 0.0105572 0.0217661 0.00630719 0.00903783 -0.0180568 0.0123293 0.012127 0.0256036 -0.00869098 0.0017825 -0.0225149 -0.0281174 -0.027966 0.00935752
internal_weight=5296.34 2883.34 2343.6 2413 1859.61 364.249 96.202 1740.67 268.047 124.076 539.738 428.856 181.208 1311.82 1495.36 142.57 52.3128 1194.46 602.931 868.517 1352.79 427.411 318.395 282.629 143.97 1149.72 843.574 190.479 106.016 265.27 553.39 476.217 77.1725 113.568 247.648 325.946 253.535 185.738 304.64 263.525 92.4882 171.577 776.339 382.348 393.991 161.919 218.781 67.6399 806.811 221.81 585.001 537.804 58.2554 479.549 161.225 97.8693 63.3561 83.926 337.661 261.274 189.31 439.652
internal_count=43868 26855 20340 17013 13641 2466 654 15395 1812 846 6515 3575 1305 11820 11175 1488 478 10804 4945 7971 9687 4490 3197 2990 966 8415 7801 2182 688 2092 3372 2923 449 782 2270 2833 2253 1705 1977 1748 565 946 5915 2913 3002 1127 1529 523 7471 2068 5403 5002 719 4283 1446 918 528 648 2853 2275 1940 3831
is_linear=0
shrinkage=0.05


Tree=57
num_leaves=63
num_cat=0
split_feature=29 4 29 4 12 22 22 12 11 22 41 11 12 11 41 1 9 12 8 18 40 12 7 18 1 11 40 12 34 20 11 7 11 18 7 12 11 34 7 20 11 11 1 6 11 22 29 17 20 11 1 34 32 0 34 1 18 18 26 36 9 1
split_gain=140.793 79.4567 41.3915 41.729 35.4246 35.5505 34.6916 31.6779 47.3941 45.7494 42.0386 48.7085 41.4725 40.6346 60.2871 58.8361 41.8006 39.1083 55.889 38.823 34.3142 32.1223 31.9828 31.4111 45.264 30.7838 28.8737 28.3596 30.3266 24.6249 45.0691 38.8331 46.0623 38.542 29.4149 27.9098 26.6113 39.994 23.0331 58.6422 38.8601 74.2158 72.4626 49.174 37.0148 36.5318 35.3633 35.2372 31.1943 32.041 30.1178 36.8014 24.6992 22.4308 23.2513 20.0601 46.5612 19.9521 19.7763 19.5355 19.2835 19.0195
threshold=0.3436508672603088 222.37500000000003 0.095936122428622095 648.10000000000014 19.500000000000004 1.0000000180025095e-35 1.0000000180025095e-35 26.500000000000004 1.5000000000000002 1.0000000180025095e-35 0.015227299773959358 1.0000000180025095e-35 18.500000000000004 2.5000000000000004 0.083990605173897989 44.500000000000007 0.047766347676998694 21.500000000000004 0.09034744982419983 -0.0082220610274075217 0.068889003711893576 27.500000000000004 0.095802282795637975 -0.0078374599564886554 51.500000000000007 1.5000000000000002 0.042768191328202261 24.500000000000004 0.0033266581506818942 44.694254144541155 1.0000000180025095e-35 0.31861875620122337 1.0000000180025095e-35 -0.0043385468618530867 0.11220241650306621 27.500000000000004 2.5000000000000004 -0.035642510812172339 0.37381301103016262 63.385145023036976 1.0000000180025095e-35 1.5000000000000002 21.500000000000004 0.11678248344551796 2.5000000000000004 1.0000000180025095e-35 0.20131815378899312 -0.023154273634616727 47.991039913458955 1.5000000000000002 20.500000000000004 -0.24028281795641956 -0.057508607977435781 0.00429823255969805 0.041412597347237463 64.500000000000014 0.0002548427847955948 0.0019395837429903031 0.01130306010759107 63.868864541031776 0.042046888750651108 47.500000000000007
decision_type=2 2 2 2 2 2 2 2 2 2 10 2 2 2 10 2 10 2 10 8 10 2 10 8 2 2 10 2 10 10 2 8 2 8 10 2 2 8 8 10 2 2 2 10 2 2 2 10 8 2 2 10 8 2 10 2 10 10 2 10 10 2
left_child=2 7 -1 4 38 29 25 8 10 12 -2 17 20 15 22 -14 -17 18 -12 -11 -10 -9 59 24 -8 -3 -27 28 -24 30 -6 34 -33 -32 -31 -35 37 -34 39 40 -4 -42 43 44 -43 -44 -47 50 -49 61 51 -40 55 -23 -55 -52 -57 -38 -21 -15 -7 -50
right_child=1 6 3 -5 5 60 23 21 9 19 11 -13 13 14 -16 16 -18 -19 -20 58 -22 53 27 -25 -26 26 -28 -29 -30 31 33 32 36 35 -36 -37 57 -39 47 -41 41 42 45 -45 -46 46 -48 48 49 -51 52 -53 -54 54 -56 56 -58 -59 -60 -61 -62 -63
leaf_value=0.018510739014381338 0.054829537125285266 -0.031292206661167742 0.039841270272828321 -0.037995542488084788 0.046925209578292576 -0.012080419998307383 0.04750766505722176 -0.050523345853499373 0.042905565844604282 0.028063098184311647 0.021328150819519817 -0.036321103169672957 0.056105333675570059 0.020432941493905701 0.047610721677687436 0.030853118426230886 -0.04668825422680014 -0.054707339351742948 -0.020889295555371813 0.00014241085876638804 -0.010395579315176422 -0.044340909591421514 0.034313001212311282 -0.045230263989455753 -0.052302865175903573 0.01382889837415893 -0.028637143032083576 -0.052053164922374696 -0.04089002778806608 0.023820346515122517 -0.025933933584199872 -0.03203378636935738 0.043213513930773564 0.0035468287363795733 -0.036003090159838179 0.042803607504793124 -0.013398045594440192 -0.018937331875765014 0.033221686611952642 -0.029973027334374326 -0.034596849203658651 0.059652179503059267 0.048954870055030138 -0.049050280869817588 -0.019637785886026687 0.037834219456927269 -0.030512167049209143 -0.025958661075524622 -0.03366203637778209 0.037423708875959243 0.041034236297456006 -0.022862442119073154 -0.017130870774092408 0.012161931121672886 -0.035369639249475303 -0.030317265543610934 0.053438877509046682 0.020762721552960078 -0.05076481225266645 -0.026958726530417962 -0.05222758217196926 0.017152036191864128
leaf_weight=605.17203676328063 22.643730297684669 143.71244088560343 194.87488102167845 57.971421163529158 71.79090341925621 85.149889621883631 23.906703129410744 65.11573701351881 154.1939999461174 31.416489861905575 167.32516987249255 174.54485181346536 76.105211719870567 65.221418526023626 42.698870722204447 35.119911007583141 34.408230975270271 34.255172651261091 147.49923514947295 26.728711694478989 37.548469733446836 36.024906240403652 25.64809775352478 238.45245720073581 21.641928091645241 120.5122128687799 59.934466172009706 79.208472196012735 28.085652615875006 24.40676848590374 84.368559408932924 76.124203946441412 104.14525055885315 182.18435596302152 129.95586243271828 60.248797170817852 119.46971924602985 34.44585544615984 42.631901983171701 61.19840457290411 68.981779500842094 28.406236171722412 178.20007048919797 49.434010323137045 30.547587227076292 42.924026392400265 33.852417562156916 144.70304310321808 45.315810460597277 53.5980922318995 142.14922663941979 93.183182764798403 31.430005505681038 100.964301250875 34.527848709374666 36.430184941738844 30.473084393888712 66.556063212454319 66.647259537130594 32.620926693081856 46.104780212044716 31.020997446030378
leaf_count=3664 118 1477 1547 817 619 750 116 710 1473 177 1263 1736 763 441 464 265 199 546 1052 178 309 272 216 3926 332 714 534 1017 225 187 530 625 907 1182 1067 299 860 241 311 425 525 267 1904 446 224 209 266 1042 346 535 1040 700 230 648 238 209 291 414 622 230 446 173
internal_value=-3.32486e-05 -0.00993275 0.00678578 0.00392727 0.00492975 -0.00178565 -0.0252044 -0.00381665 -0.000713945 0.0075706 -0.0118706 -0.014755 0.0132063 0.0043944 -0.00696657 0.025729 -0.00752072 -0.00397167 0.00154874 -0.0200163 0.0324677 -0.020625 -0.0170642 -0.0379627 8.37961e-05 -0.0140267 -0.000275986 -0.0330325 -0.00499425 0.00157204 0.0110535 -0.00523612 0.00297161 0.00317328 -0.0265442 0.0133028 0.0111805 0.0277664 0.0103696 0.0167455 0.0213038 0.0129483 0.0219744 -0.0122721 0.0185672 0.0365322 0.0076988 0.00362654 -0.00999063 0.00779229 0.0135649 -0.00525782 0.0241953 -0.00927426 4.93263e-05 0.0304085 0.00783196 -0.00117605 -0.0361927 0.00463242 -0.0261826 -0.0130127
internal_weight=5214.16 2126.71 3087.45 2482.28 2424.31 1084.95 608.16 1518.55 1281.92 735.652 546.268 523.624 610.859 419.117 273.483 145.633 69.5281 349.08 314.824 124.792 191.742 236.633 230.785 284.001 45.5486 324.159 180.447 132.942 53.7338 953.696 398.593 555.104 400.741 326.802 154.363 242.433 324.617 138.591 1339.35 688.419 627.221 432.346 363.364 108.388 58.9538 254.977 76.7764 650.936 274.638 129.935 376.298 135.815 240.483 171.517 135.492 209.052 66.9033 186.026 93.376 97.8423 131.255 76.3368
internal_count=43559 20261 23298 19634 18817 8127 7099 13162 11294 6579 4715 4597 5602 3820 2593 1227 464 2861 2315 977 1782 1868 2129 4374 448 2725 1248 1458 441 6931 2630 4301 3047 2011 1254 1481 2422 1148 10690 5813 5388 3841 3316 937 491 2379 475 4877 2096 1054 2781 1011 1770 1158 886 1540 500 1274 800 671 1196 519
is_linear=0
shrinkage=0.05


Tree=58
num_leaves=63
num_cat=0
split_feature=4 0 12 11 39 26 4 12 41 12 1 26 12 41 21 32 20 34 18 20 10 26 11 34 11 10 41 9 21 11 21 37 1 6 10 21 7 12 21 12 7 6 18 10 18 12 37 12 10 10 11 14 17 7 18 32 10 1 10 16 4 11
split_gain=57.6364 72.4139 64.9823 71.917 43.7815 42.4665 48.1147 40.5056 44.7907 35.3694 32.2316 35.2353 31.9804 30.8595 46.6332 35.3491 52.597 73.027 44.8082 35.0727 30.4692 33.3138 31.5485 29.5002 27.793 27.0611 28.6488 34.0213 26.5546 29.7026 26.4249 25.6868 43.4295 25.4106 23.8815 29.4649 22.2089 21.3916 21.0991 28.9831 32.3869 42.7206 27.7729 27.7503 25.2907 25.0526 20.3739 32.1178 20.0512 19.741 23.5514 22.2812 21.5492 21.3156 22.4109 30.4967 23.361 18.5124 17.2341 17.1086 16.7564 16.4704
threshold=98.375000000000014 0.0045977679477840058 21.500000000000004 1.0000000180025095e-35 0.026139749064782582 0.0024222428947911468 54.025000000000006 25.500000000000004 0.036181761995320701 24.500000000000004 24.500000000000004 -0.0020181657116088141 19.500000000000004 0.097565017801789541 0.0016723951175247962 0.10292910890508301 36.013459604224366 0.42796751255666959 -0.0082220610274075217 35.429790859714807 0.32653555513462412 -0.017559595834008675 2.5000000000000004 -0.29058396452116919 1.5000000000000002 0.54880290202625592 0.078681036414704766 0.10822791380147187 0.0016723951175247962 3.5000000000000004 0.0011859367795189742 -7.3986871680415112 25.500000000000004 0.012022273612463505 0.2136329966329967 0.00077259792038564658 0.29971626984126992 13.500000000000002 0.00050518723315168778 13.500000000000002 0.96885635160122996 0.40725358346339885 0.0023093248869168197 0.028371248374193168 -0.0014046891592411901 20.500000000000004 -42.218366673395117 20.500000000000004 0.20210279382504601 0.39478453450644552 3.5000000000000004 -0.097702077412221824 -0.018187355601249736 0.54728761713002394 0.0013802648079579429 0.012517162565746977 0.11155819370715848 38.500000000000007 0.23610026547879989 0.10230067687813578 152.82500000000002 1.0000000180025095e-35
decision_type=2 2 2 2 10 2 2 2 10 2 2 2 2 10 10 10 10 10 8 10 8 2 2 10 2 10 8 10 10 2 10 8 2 10 10 8 10 2 8 2 10 10 8 8 10 2 8 2 10 10 2 2 10 10 8 10 10 2 10 10 2 2
left_child=2 -2 4 10 46 6 20 -7 -9 -8 11 -4 13 14 15 18 17 -17 -3 31 22 -22 36 30 -11 26 27 34 29 38 -21 32 -20 -29 35 -14 -5 -19 44 40 42 -42 -40 -41 45 -6 -1 -48 -44 50 51 -25 -51 54 58 56 -56 -34 59 -53 -37 -57
right_child=1 12 3 5 28 7 9 8 -10 24 -12 -13 25 -15 -16 16 -18 37 19 23 21 -23 -24 49 -26 -27 -28 33 -30 -31 -32 -33 57 -35 -36 60 -38 -39 39 43 41 -43 48 -45 -46 -47 47 -49 -50 52 -52 53 -54 -55 55 61 -58 -59 -60 -61 -62 -63
leaf_value=0.066421261098989534 -0.03321858375800895 0.038354350458794206 -0.049543396937147044 -0.0081365406187683519 0.037931356767880439 -0.023249486099448477 0.020710368786362982 0.051894093890418283 -0.012220938824238633 0.0091639409992566728 -0.056026561777947653 0.024643784385928194 -0.020346995001919735 0.038112567163438832 -0.055592462390390431 0.036698184101798877 -0.022192095113549509 0.006760204431952444 -0.050027878545574049 -0.029952088892299153 0.0026604580259560022 0.054413597905045977 -0.021810264043561654 0.018600550711372888 -0.042154443638482725 -0.047594073988017349 0.0091195237918201468 -0.0032932697561990406 0.044863994861111235 0.04004514653820105 0.014269252877884579 0.026934766192803824 0.024172347422815505 -0.043774530716160963 0.016235879909300976 0.040473724275045198 0.052155861023544331 -0.032802186477138916 0.044105927109194802 0.02573179645197711 -0.03884270508866132 0.022112091515959897 0.03660870910684752 -0.015628423762262891 0.048033021768885499 -0.017168400446558714 0.045555340488921535 0.0025136183806492816 -0.017042603079833928 -0.012187397916117681 0.03569041243281295 -0.0021912319307028504 0.045368697908035743 -0.029650213882225829 0.0071222772055438005 0.031775163244196547 -0.034493985873716757 -0.025993508141426109 0.025646738616585243 0.039139813084267762 -0.0025617398645312222 -0.015876464850112324
leaf_weight=41.197247307747602 202.08232057094574 95.315742496401072 29.250785250216722 29.304463300853968 34.47199535369873 36.510681804269552 38.324645806103945 107.86105636134744 36.443853095173836 32.561975941061974 83.179286252707243 35.344901029020548 274.67959087714553 54.555080063641071 37.028154190629721 118.30460534989834 338.81138325110078 57.968702726066113 82.977059435099363 97.875854190438986 65.094741180539131 59.533463910222054 105.8359744399786 218.85341983661056 139.04342503100634 46.066183347254992 185.4835858233273 55.741099562495947 50.582612462341785 64.660538394004107 51.588354151695967 27.896566674113274 42.535839818418026 127.29162487387657 95.74958522990346 32.646137110888958 31.900202989578247 83.218429882079363 95.162311151623726 47.532052498310804 57.089997675269842 57.895589869469404 28.025133572518826 276.27238059788942 56.501147788017988 51.374967861920595 102.72766702249646 74.973798420280218 45.998216234147549 21.394630067050457 66.281307548284531 208.26221968233585 67.795062072575092 54.876857426017523 48.638996496796608 54.39097910374403 109.94941204041243 32.396701257675886 126.35586274042726 28.459603637456894 73.639468282461166 27.203400395810604
leaf_count=302 2475 640 223 218 342 373 329 629 255 172 855 296 2597 600 350 934 3009 416 696 936 378 352 872 1695 1013 283 1447 430 580 737 357 179 261 1271 695 219 209 636 936 391 376 447 238 2263 545 337 1272 513 290 213 627 1760 710 535 379 374 1001 253 912 217 608 228
internal_value=-0.00017654 -0.00423445 0.00670369 -0.00382421 0.0147631 0.00302394 -0.0044648 0.0237984 0.035702 -0.022718 -0.0354485 -0.00895031 -0.00231043 0.00098695 2.17328e-05 0.00102073 -0.00921813 0.00772163 0.00520784 0.0028979 0.00867301 0.0273823 -0.00528593 0.0060725 -0.0324168 -0.0102753 -0.00824134 -0.0131222 0.00971091 0.00752911 -0.0146889 -0.0172959 -0.0251098 -0.0314463 -0.00608678 -0.0116972 0.0232882 -0.0165586 0.00472698 0.000669932 0.0123233 -0.00815178 0.026239 -0.00955705 0.0220548 0.004957 0.0347404 0.0273957 0.00326971 0.00907802 0.00695205 0.00478006 0.0315623 0.000184268 0.00289822 -0.00895062 -0.0217303 0.0024834 0.0107365 0.00277774 0.0106568 0.0158882
internal_weight=5160.97 3246.31 1914.66 830.189 1084.47 682.414 501.599 180.816 144.305 209.93 147.775 64.5957 3044.23 2152.93 2098.38 2061.35 598.303 259.492 1463.05 1367.73 291.669 124.628 167.041 1181.93 171.605 891.297 845.231 659.748 865.567 814.984 149.464 185.806 157.91 183.033 476.715 380.965 61.2047 141.187 750.324 607.976 284.171 114.986 169.186 323.804 142.348 85.847 218.899 177.701 74.0233 1032.46 943.272 876.991 89.1897 658.137 603.26 240.183 158.588 74.9325 363.078 236.722 106.286 81.5944
internal_count=43686 27943 15743 6174 9569 4800 3543 1257 884 1514 1374 519 25468 17918 17318 16968 4995 1986 11973 11333 2029 730 1299 9944 1185 7550 7267 5820 7482 6902 1293 1389 1210 1701 4119 3424 427 1052 6165 4941 2287 823 1464 2654 1224 679 2087 1785 528 8651 7728 7101 923 5406 4871 1982 1380 514 2889 1977 827 602
is_linear=0
shrinkage=0.05


Tree=59
num_leaves=63
num_cat=0
split_feature=29 4 12 4 11 37 21 29 12 1 12 11 10 22 11 1 10 11 21 21 0 21 37 36 12 42 11 4 4 37 26 4 14 12 22 26 10 7 18 1 7 26 1 6 12 11 11 16 34 1 14 12 26 1 17 1 10 12 11 11 1 34
split_gain=134.453 69.6734 48.3936 42.9274 43.9485 51.8556 52.9881 35.2258 30.0609 24.9192 33.316 41.9967 52.3191 35.0438 40.7525 54.7494 84.1279 57.5711 39.6222 33.43 32.1639 26.6553 26.1965 24.5341 24.9079 30.3844 24.5115 25.3652 24.4945 28.7188 27.4649 31.527 23.5295 24.5682 23.261 77.6446 65.2508 80.3999 55.6186 43.566 39.9366 45.371 39.7915 34.5861 23.2213 22.6702 33.5313 33.3489 42.5804 33.8797 32.4262 26.3017 25.8265 53.3843 21.4119 21.3522 20.9237 20.7372 21.5707 38.7926 57.9852 27.582
threshold=0.38733925873515707 222.37500000000003 24.500000000000004 717.65000000000009 3.5000000000000004 5.2373302644086506 0.00037372379567463009 0.11356162398240797 21.500000000000004 69.500000000000014 26.500000000000004 1.5000000000000002 0.47655595686767177 1.0000000180025095e-35 2.5000000000000004 25.500000000000004 0.19435651208801821 3.5000000000000004 0.00074357879551946026 0.0010438115251357614 0.027339062764279057 0.001131353557237292 42.08514518201747 52.006665715756249 13.500000000000002 0.0049112411574651765 1.5000000000000002 512.97500000000014 152.82500000000002 -51.151986864658447 -0.019779800137208654 555.77500000000009 -0.042141939035316926 31.500000000000004 1.0000000180025095e-35 0.01130306010759107 0.092121058949895737 0.19480869582969318 -0.0073964915476310558 40.500000000000007 0.18373741610738256 -0.0064585743180087746 53.500000000000007 0.2269192736425745 19.500000000000004 1.0000000180025095e-35 1.5000000000000002 -0.089161699170115127 -0.38084400917025729 24.500000000000004 -0.1349741197233619 14.500000000000002 1.0000000180025095e-35 45.500000000000007 0.050335843484493152 43.500000000000007 0.16662331491755866 32.500000000000007 1.5000000000000002 1.0000000180025095e-35 19.500000000000004 -0.14525910009473217
decision_type=2 2 2 2 2 10 8 2 2 2 2 2 8 2 2 2 8 2 10 10 2 10 10 10 2 10 2 2 2 10 2 2 2 2 2 2 10 10 8 2 10 2 2 10 2 2 2 10 10 2 2 2 2 2 10 2 10 2 2 2 2 10
left_child=2 9 3 4 7 -6 -7 -1 28 10 11 12 23 14 18 17 -17 -16 -13 -15 -19 -11 -18 24 -2 -26 -3 -28 29 -9 -30 34 33 -12 36 39 -32 38 -38 40 41 -36 54 -41 -14 51 50 49 -49 -48 -47 52 53 -31 56 -54 -39 58 59 -4 -61 -60
right_child=1 26 57 -5 5 6 -8 8 -10 21 32 13 44 19 15 16 22 20 -20 -21 -22 -23 -24 -25 25 -27 27 -29 30 45 31 -33 -34 -35 35 -37 37 42 -40 43 -42 -43 -44 -45 -46 46 47 48 -50 -51 -52 -53 55 -55 -56 -57 -58 -59 61 60 -62 -63
leaf_value=0.019049605462253864 0.011342726989849623 -0.039886216249741535 -0.039353664788459114 -0.039538320888515922 0.046247738709180669 0.04275190697698792 -0.055209246127024172 0.059912437973453039 -0.028011595086020614 -0.047918738465592074 -0.029004761663933534 0.055154718140089598 0.044103469973330478 -0.042199377792885046 -0.050031630177946464 -0.051329290426511957 0.048298491523431866 -0.018538001646070387 0.00021559009095184899 0.016372149873524353 0.055892914265359445 0.0060476976705837911 -0.0099548388884907104 -0.049289094681463821 0.035815443368466225 -0.032743349647229282 -0.010766392945014797 -0.051834565007016588 0.043659908982854205 -0.040800550433389211 0.060883787268711298 -0.040542040884718258 -0.035494591189375028 0.033510350263080989 0.035381508970753976 -0.036074147814025521 -0.0074739206316479338 -0.0087703479580853727 0.0454703564622745 -0.031656147290102486 0.040537067845780206 -0.041722247686607483 0.02662603931895759 0.018245262331777638 -0.0010797696357136347 0.030058583976500564 -0.057949389984668531 -0.03443493967939542 0.033605534615290769 0.017930498935112747 -0.020165358609403907 0.053496241362992338 0.05473935878530093 0.043648316212562904 0.011256529409601541 0.0025649538668078651 -0.0521704242726891 0.029079760741841668 -0.0020123443988227406 -0.024156139692353168 0.044804878094551137 -0.024670795914330287
leaf_weight=547.17522365599871 65.364860761910677 214.35511416196823 33.996678221970797 44.724962882697582 157.67941888794303 25.665999040007591 29.868737287819386 31.070853404700756 68.072610389441252 64.894504949450493 31.403573714196682 100.05295531451702 46.986175369471312 56.809517309069633 70.367199100553989 31.159255035221577 123.15054867044091 30.226382873952389 48.837226286530495 42.651529580354691 27.922906335443258 35.342301983386278 22.885835207998753 66.305946484208107 18.172627851366997 145.98291352018714 233.24824498966336 44.823571741580963 36.253121182322502 46.436762843281031 54.394980676472187 47.171464812010527 119.73441649600863 31.46077024191618 35.790100615471601 150.89738199859858 82.788392562419176 39.440288297832012 123.7559976875782 94.890826497226954 119.22598232701421 40.863788977265358 36.346621762961149 54.761495426297188 72.027522221207619 39.815418109297752 27.286577370017767 26.177198775112629 189.09265753999352 31.917528189718723 166.66074158623815 56.674425829201937 48.252214808017015 31.346621062606573 24.811696879565716 33.034882113337517 93.8656185567379 41.321341440081596 298.80213391035795 47.10212055593729 86.390921521931887 243.97200470790267
leaf_count=3483 421 2955 282 660 1540 272 208 230 620 438 310 1002 384 535 654 441 1177 287 350 233 268 238 167 738 143 1624 2231 834 224 336 387 518 1030 143 196 1301 695 292 1192 707 824 419 253 339 394 209 235 217 2238 349 1082 764 300 239 157 206 881 207 2025 287 462 2005
internal_value=3.14927e-05 -0.0112477 0.00583844 0.00902928 0.00986748 0.031614 -0.0099354 0.00791788 0.00459146 -0.00497977 -0.00289834 0.000793751 -0.0112366 0.00980112 0.0156829 0.00523548 0.0232555 -0.0196102 0.0371342 -0.0170824 0.0172032 -0.0288908 0.0391694 -0.0224992 -0.0147599 -0.0251536 -0.0271806 -0.0173863 0.00585031 0.0128795 0.000908943 -0.000642457 -0.0224893 0.00228123 0.00133491 -0.0061515 0.00949574 0.00252519 0.0242489 0.00691603 0.0224344 -0.0057221 -0.020548 -0.013396 0.0167584 0.0107819 0.00474109 0.0161917 0.0253317 -0.0170418 -0.0104805 0.0242484 0.0138279 -0.00676775 -0.031392 0.0335358 -0.0393299 -0.00535352 -0.00735676 0.00832908 0.0204724 -0.0121971
internal_weight=5131.96 1744.17 3387.8 2636.21 2591.49 213.214 55.5347 2378.27 1831.1 1251.74 1151.5 968.903 414.84 554.063 454.602 305.712 177.196 128.516 148.89 99.461 58.1493 100.237 146.036 295.826 229.52 164.156 492.427 278.072 1763.02 727.766 1035.26 999.005 182.599 62.8643 951.833 496.43 455.404 401.009 206.544 345.532 195.88 76.6539 194.464 149.652 119.014 696.695 480.95 274.474 215.27 59.2041 206.476 215.745 159.07 77.7834 158.118 81.2871 133.306 751.585 710.264 167.49 133.493 542.774
internal_count=43838 16997 26841 21573 20913 2020 480 18893 15410 10977 10301 8818 3704 5114 4346 2994 1785 1209 1352 768 555 676 1344 2926 2188 1767 6020 3065 14790 6405 8385 8161 1483 453 7643 3786 3857 3470 1887 2485 1439 615 1583 1046 778 6175 4330 3039 2455 584 1291 1845 1081 575 1330 506 1173 5268 5061 1031 749 4030
is_linear=0
shrinkage=0.05


Tree=60
num_leaves=63
num_cat=0
split_feature=29 22 1 7 11 12 10 1 12 18 17 7 1 29 1 29 12 12 42 0 20 12 0 0 0 29 29 10 41 6 1 36 10 2 40 41 1 10 10 17 41 42 10 31 17 4 4 26 4 12 10 12 26 0 12 26 11 1 18 17 31 29
split_gain=137.055 69.982 76.9544 74.2582 72.2887 88.6193 61.0775 59.8103 57.8092 50.4888 55.1618 61.8254 74.2217 45.4541 37.3404 36.0527 31.0708 29.7404 28.6203 28.1981 26.7261 32.0513 25.913 24.8107 24.79 22.9072 22.098 21.8438 21.4384 23.329 21.3933 24.4552 40.3939 21.2337 20.8452 29.9456 38.3265 28.819 28.5396 27.4081 29.1046 26.4966 24.2301 22.1532 19.8955 19.0929 18.8913 18.1679 17.9463 18.1632 17.7851 17.6226 16.3352 19.1071 29.6694 16.2266 26.4222 15.7453 25.8407 21.4782 17.6926 15.0997
threshold=0.2870918951549622 1.0000000180025095e-35 41.500000000000007 0.21488896131699872 1.5000000000000002 24.500000000000004 0.53110173232762214 73.500000000000014 18.500000000000004 -0.010365815655684283 0.010343841324797888 0.18373741610738256 59.500000000000007 0.48921512630115149 32.500000000000007 0.49341712206090466 27.500000000000004 20.500000000000004 0.021793790866302301 0.0096864225188161898 40.712777149510664 25.500000000000004 0.083413146280008052 0.062097785545142663 0.0055245826768997751 0.067206739156221121 0.51936631391710042 0.22598761465899006 0.033840844420667725 0.16903329998808794 66.500000000000014 47.693982935709521 0.2986136670347197 0.021327204701275564 0.041888848769142562 0.054207399811243097 41.500000000000007 0.20210279382504601 0.33028025027343738 -0.010278482693541124 0.034688447926804658 0.018986408735448736 0.19801601719805012 0.27351232974121259 -0.070110448879844647 36.475000000000009 123.87500000000001 0.017963673017191012 313.37500000000006 13.500000000000002 0.05714285714285721 19.500000000000004 -0.013119187227608716 0.00014467090763259081 31.500000000000004 0.013523264410791049 1.5000000000000002 63.500000000000007 -0.007513740633879328 -0.054277608726096167 -0.14224424120057724 0.44085535903343415
decision_type=2 2 2 8 2 2 10 2 2 8 10 10 2 2 2 2 2 2 8 2 8 2 2 2 2 2 2 10 10 10 2 10 10 8 10 10 2 8 10 10 10 10 10 10 8 2 2 2 2 2 10 2 2 2 2 2 2 2 8 8 8 2
left_child=19 4 3 -3 9 6 7 15 13 -2 11 17 24 18 -8 44 -12 -11 50 27 21 -7 -4 -15 -13 -21 33 52 29 46 31 -17 -33 -19 38 48 37 -37 39 57 42 -38 -41 -39 -6 -30 -22 -20 51 -50 -5 55 -1 -54 -55 56 -36 58 -27 -60 -59 -14
right_child=1 2 22 8 5 20 14 -9 -10 10 16 12 61 23 -16 30 -18 26 47 25 28 -23 -24 -25 -26 34 -28 -29 45 -31 -32 32 -34 -35 35 36 41 43 -40 40 -42 -43 -44 -45 -46 -47 -48 -49 49 -51 -52 -53 53 54 -56 -57 -58 60 59 -61 -62 -63
leaf_value=0.014928155453902881 0.034442587833284966 -0.052746964153616155 -0.050604663522590791 -0.043966593296451362 -0.014352052359538998 0.038775288772879078 -0.039157378071186182 -0.051280526254291574 -0.052980253155878003 0.040494402340186642 -0.047717873564978017 0.0170674201378123 0.031575564958063927 -0.039101506495236665 0.031963969154504952 0.0357838039581862 0.0035514867727054812 0.034564204971802417 0.041652104392606755 0.026729345496818019 -0.012026890633053202 -0.02530817005755432 0.0047847699876931958 0.010616532022591748 -0.043823741855024689 0.062599837005224895 -0.039028416411059592 0.030405526101612318 0.0020954045731394967 0.018731837862276352 -0.026938948911385149 -0.028741823637298221 0.028949588317765309 -0.013879764729151093 -0.0035334404362312452 0.040590363803296031 -0.021475988829302774 -0.029953849214157391 0.035215916643592457 0.0034438011283340676 -0.013336472821391663 0.033502724849451541 0.037479725483007161 0.01783189062262076 0.038181160019678639 -0.052328133649647113 -0.053636363452361904 0.0019252179763400963 0.0051495664917328926 -0.041308564333567888 0.020752572053867546 -0.014081442503702739 -0.052636580934329297 -0.016167594982163434 0.034701775992126892 -0.011062245826527154 0.038323970858899832 0.027423647415173905 -0.010937802567385312 0.022940464807634311 -0.019117062085975762 -0.0066422675238639109
leaf_weight=59.739700686186552 48.052667569369078 81.473361618816853 215.77968071587384 23.06388983502984 19.112299721688032 44.84387656673789 73.679309327155352 27.230327248573303 44.412603128701448 65.974428128451109 183.72861777245998 18.202355019748211 51.547100964933634 61.241672487929463 24.622708700597286 89.016201980412006 35.215437706559896 46.330776963382959 118.37316071987152 189.11914177238941 115.95218135043979 34.540152456611395 23.406080514192581 42.511240780353546 204.56852738186717 35.897056091576815 29.325038339942694 39.688134726136923 20.366994887590408 46.307992182672024 33.876647092401981 58.28291929885745 63.288269747048616 44.198108427226543 75.451769035309553 26.92871019244194 24.834556709975004 86.923533152788877 127.4924511872232 215.39229810610414 195.93483388051391 186.4151807166636 69.054340321570635 33.6403425373137 316.23346440121531 77.196985136717558 35.669685591012239 38.023335605859756 31.987957190722227 61.459555868059397 19.66713909432292 152.29753084480762 28.548646003007889 217.51042515411973 33.014644771814346 75.111883498728275 75.356378640979528 32.99173716083169 54.221644394099712 341.05267367884517 53.591022439301014 51.833519794046879
leaf_count=460 358 1308 3124 301 193 337 703 133 976 542 1984 130 348 607 205 752 226 343 772 1181 1023 252 131 207 2494 271 184 267 149 350 189 354 563 316 492 227 219 635 1433 1568 1422 1733 395 239 3343 892 430 248 214 434 129 1021 264 1727 189 504 887 196 349 2190 353 346
internal_value=-0.00034963 -0.00858032 -0.0224619 -0.00978618 -0.00359311 0.00477927 0.0152198 0.0211407 0.000292223 -0.0152032 -0.0184671 -0.00948463 -0.0225998 0.00810378 -0.0213429 0.0245419 -0.0394716 0.0135341 0.0220853 0.00789245 -0.0148649 0.0108924 -0.0451844 -0.0187303 -0.0388484 0.0101125 -0.00130645 -0.00468985 -0.0217845 -0.0123291 0.00993909 0.0158716 0.00129152 0.0109128 0.00850594 0.00249647 0.0133837 -0.00617507 0.0129393 0.0100939 0.0014922 0.0270394 0.0117066 -0.0166204 0.0351871 -0.0409669 -0.0218157 0.0319936 -0.0057842 -0.0254055 -0.0141793 -0.000936296 -0.00880087 -0.0138804 -0.00946394 0.00792513 0.017382 0.0180747 0.021982 0.0182932 -0.00138306 0.0124137
internal_weight=5050.8 2527.15 667.952 428.766 1859.2 1080.22 705.342 607.04 347.293 778.977 730.924 511.98 326.152 302.88 98.302 579.81 218.944 185.828 199.128 2523.66 374.878 79.384 239.186 103.753 222.771 2145.15 119.854 378.502 295.494 197.93 244.464 210.587 121.571 90.5289 1956.04 830.407 358.742 147.493 1125.63 998.136 480.381 211.25 284.447 120.564 335.346 97.564 151.622 156.396 471.665 93.4475 42.731 378.218 338.813 279.074 250.525 225.92 150.808 517.754 431.171 395.274 86.5828 103.381
internal_count=43812 24942 7803 4548 17139 9868 6435 5527 3240 7271 6913 4703 3318 2264 908 5394 2210 1385 1450 18870 3433 589 3255 814 2624 15963 843 2907 2844 1803 1858 1669 917 659 14782 6605 3053 1101 8177 6744 3385 1952 1963 874 3536 1041 1453 1020 3552 648 430 2904 2640 2180 1916 1883 1379 3359 2810 2539 549 694
is_linear=0
shrinkage=0.05


Tree=61
num_leaves=63
num_cat=0
split_feature=4 12 11 21 21 0 18 1 17 21 11 11 18 1 34 21 34 10 19 26 34 40 4 26 12 4 12 41 26 10 26 26 16 1 12 1 12 36 11 1 11 21 1 32 26 18 10 37 12 26 11 11 27 10 10 11 1 41 4 4 41 27
split_gain=47.8155 66.8225 56.8529 48.6542 49.0076 48.5055 45.7929 44.6853 35.9554 58.8617 34.9183 34.827 36.0939 33.7862 53.9901 47.8057 33.4428 37.3 31.4791 31.1478 27.1921 26.2325 25.8765 44.1376 34.3347 36.7828 30.9068 40.2789 26.7203 33.3205 26.8864 25.816 23.9667 26.9042 23.4733 23.0967 22.5781 22.4839 21.9634 21.9186 21.8647 20.7686 20.2356 20.163 26.9839 19.3825 22.5581 19.5228 19.1366 32.9098 32.3102 31.0392 30.7734 26.6094 23.2585 19.0647 18.941 18.8607 18.0966 17.2291 16.9736 16.2699
threshold=151.47500000000002 21.500000000000004 1.0000000180025095e-35 0.00045643157867146912 0.0016723951175247962 0.0011772244991274169 -0.0013515255898661758 20.500000000000004 0.0040091648833045831 0.0016723951175247962 3.5000000000000004 1.5000000000000002 0.00076243254926022807 19.500000000000004 0.14044184501642223 0.00092877662542263162 0.50936116382036689 0.21851197274868492 -0.0011721845216656754 0.020183877320390991 -0.031146649832098524 0.098370267299376438 54.82500000000001 0.0024222428947911468 24.500000000000004 98.375000000000014 25.500000000000004 0.036181761995320701 -0.0020181657116088141 0.33028025027343738 -0.017559595834008675 1.0000000180025095e-35 -0.031114728891784779 4.5000000000000009 20.500000000000004 66.500000000000014 24.500000000000004 57.86761788600473 1.5000000000000002 18.500000000000004 2.5000000000000004 0.00098139251852490702 64.500000000000014 0.26983675661526113 0.0090828558043910892 -0.0077077119105765637 0.23845532496582583 -5.1026485680908502 13.500000000000002 0.013523264410791049 1.5000000000000002 1.5000000000000002 1.3749015748031499 0.028371248374193168 0.36633673252338955 2.5000000000000004 23.500000000000004 0.075834345828933433 506.22500000000008 202.42500000000004 0.045596343938279764 0.13793466539342739
decision_type=2 2 2 8 10 2 10 2 8 10 2 2 10 2 10 10 10 10 8 2 10 10 2 2 2 2 2 8 2 8 2 2 10 2 2 2 2 8 2 2 2 10 2 10 2 10 10 10 2 2 2 2 8 10 10 2 2 10 2 2 10 8
left_child=1 3 7 6 10 -2 34 31 9 13 48 21 16 14 15 18 17 41 -7 22 -14 43 28 38 -25 26 -26 -28 29 40 -31 -3 33 -20 -1 -12 42 -36 -24 -18 -4 -13 45 44 -10 -15 47 -47 49 50 54 -51 53 -50 56 -44 -5 -52 -19 -46 -53 -21
right_child=5 2 19 4 -6 8 -8 -9 11 -11 35 12 20 36 -16 -17 39 58 32 61 -22 -23 23 24 25 -27 27 -29 -30 30 -32 -33 -34 -35 37 -37 -38 -39 -40 -41 -42 -43 55 -45 59 46 -48 -49 52 51 57 60 -54 -55 -56 -57 -58 -59 -60 -61 -62 -63
leaf_value=0.038532221317168477 -0.046239617215002193 -0.033637390633107472 0.015638940187165287 -0.010277983489575142 0.0457888750172257 -0.048139440589222628 0.048695540537552637 -0.051570205089203042 -0.0050904774304018612 -0.056287914040739455 0.05584509348346859 -0.0074815143204567591 -0.0052675389251185265 0.048861841695483708 -0.05459843482392096 0.057161252884955743 -0.053921028493641644 0.04419250205205856 0.043937523843250954 0.00040196214667407654 -0.051136019283972614 0.012907227240814473 0.0095188001399465136 0.052119550432230245 -0.030601758425251969 -0.023378321967368183 0.053653967628428716 -0.0059981448177816961 0.038725513848349255 0.00094466288261002649 0.050389270283325155 0.030431045647992202 -0.016335572604629863 -0.0084661452323658761 0.017950673305944419 -0.010012079746923036 -0.022198760093135532 -0.028277868999329416 -0.035076221952970492 -0.0049336091442063294 -0.027585661130263225 0.031813568481401149 0.0064869008159779661 -0.042252242771797018 -0.00090805885768724794 0.01083605099102131 0.025745382546080903 -0.019825374288993711 0.025456754720490554 0.020206531461072392 0.043657015903376298 -0.011405926959721598 -0.046246180901794796 -0.0044688659159142878 -0.033682310804517474 -0.032909938028911234 0.036915939153080279 -0.0096573089422846651 -0.0031382477249042732 -0.040518324978483816 -0.057520608357437733 0.043552633324630399
leaf_weight=49.435910645872355 69.619831677526236 28.620968163013458 41.348123621195555 38.888010498136282 76.06566371768713 40.482392061501741 151.73874012380838 105.01533039286733 194.07857883535326 41.704234769567847 51.333178412169218 175.5009410623461 75.192014504224062 40.827699396759272 54.977928537875414 31.960507996380329 32.052434772253036 98.17584440112114 49.40494049154222 34.877947952598333 56.658372223377228 55.297261919826269 32.879222311079502 30.846925601363182 31.037934929132462 125.43184084445238 60.37764048576355 53.262402769178152 58.461275938898325 66.298069953918457 46.973788313567638 34.89059429988265 106.13508040271699 48.572766499593854 57.514424804598093 17.975090384483337 52.590699186548591 48.466748338192701 172.28526581823826 79.394267585128546 100.04363442584872 41.595273520797491 106.03115006349981 109.89871643483639 34.503671195358038 307.08190276473761 224.56850169226527 62.478348227217793 85.962553132325411 58.195230092853308 128.31755464151502 60.4585518874228 38.855163812637329 546.72647492960095 33.351799935102463 43.226584605872631 46.902192730456591 19.05152452737093 25.425447955727577 134.34320900216699 29.78457261249423 58.459287822246552
leaf_count=577 1033 220 305 275 895 425 1848 1158 1800 428 664 1497 655 285 525 244 345 836 303 283 671 399 177 270 325 1065 354 349 400 387 297 287 1097 448 367 127 528 334 1324 553 830 305 764 1099 267 2598 1940 574 676 363 1464 412 253 4714 237 336 335 151 178 1400 213 363
internal_value=-5.10065e-06 0.00466097 -0.00486605 0.0113534 0.00691417 -0.00511667 0.0291571 -0.0315477 -0.00388377 0.00208082 0.00435575 -0.0103736 -0.00195932 0.00416431 -0.00934408 -0.000347734 0.00475319 0.0125305 -0.00786226 6.12538e-05 -0.024978 -0.019678 -0.00305668 -0.0100462 0.002145 -0.00356217 0.0136179 0.0256954 0.00824086 0.00124272 0.0214493 0.00155913 0.000126055 0.0179582 0.010081 0.038765 0.00951619 -0.00319032 -0.0279295 -0.0190226 -0.0149452 4.73582e-05 0.0116431 -0.0234889 -0.0178071 0.0155372 0.0132471 0.00565239 0.00216075 0.0106024 0.0211112 -0.00826531 -0.00305538 -0.000402915 0.00174903 -0.00492283 0.0155233 0.0367647 0.0344563 -0.032424 -0.026626 0.0274282
internal_weight=5011.91 2620.13 1081.11 1539.02 1231.87 2391.78 307.156 168.527 2322.16 1210.04 1155.8 1112.12 583.995 1168.34 331.534 276.556 452.144 340.698 244.595 912.583 131.85 528.121 819.246 506.121 300.957 270.11 144.678 113.64 313.125 254.664 113.272 63.5116 204.113 97.9777 155.417 69.3083 836.805 105.981 205.164 111.447 141.392 217.096 784.214 472.824 362.925 634.956 594.129 369.56 1086.49 414.949 266.511 148.438 671.544 632.689 119.142 149.258 85.7902 147.369 123.601 168.847 90.2431 93.3372
internal_count=43832 22299 8394 13905 10779 21533 3126 1665 20500 10495 9884 10005 5040 10067 3042 2517 3714 2816 2273 6729 1326 4965 6083 3864 2363 2093 1028 703 2219 1819 684 507 1848 751 1278 791 7025 701 1501 898 1135 1802 6497 4566 3467 5397 5112 3172 9093 3450 2462 988 5643 5390 847 1100 610 1615 1014 1667 625 646
is_linear=0
shrinkage=0.05


Tree=62
num_leaves=63
num_cat=0
split_feature=29 29 23 12 11 12 23 25 23 18 25 34 12 11 7 11 7 22 25 11 18 25 11 18 26 23 25 18 41 37 2 36 23 26 26 37 12 11 11 25 20 12 14 11 11 37 13 14 23 6 32 20 9 11 12 12 41 23 22 41 7 9
split_gain=128.064 63.0559 49.2778 38.1056 42.653 40.4821 36.426 34.0294 36.2164 25.2317 28.483 26.4694 24.1837 23.5746 75.4313 62.985 73.0696 61.5189 79.8748 79.8781 57.6972 55.1306 149.656 53.4084 31.0783 30.8287 30.3558 28.9796 26.4039 23.9981 20.7843 19.3816 19.2186 23.3748 21.6771 19.0195 18.5456 27.7046 18.4128 18.3314 27.6052 26.8224 36.0663 46.8099 26.2536 23.0421 20.3496 18.3485 18.1539 20.0323 18.139 17.806 24.3319 17.49 31.7705 23.2394 17.239 19.7107 16.5286 16.2764 16.7521 18.4521
threshold=0.49341712206090466 0.17612206711656761 5.9189610540582089 24.500000000000004 3.5000000000000004 21.500000000000004 4.6470316113428192 582.50000000000011 5.6659940648497331 -0.00046816910597535783 817.50000000000011 -0.14296049036071021 19.500000000000004 1.0000000180025095e-35 0.52736423947297884 1.5000000000000002 0.4581969273240391 1.0000000180025095e-35 727.50000000000011 2.5000000000000004 0.0021693320720054259 817.50000000000011 2.5000000000000004 0.0064664159110556793 0.015743468713991033 4.1530063976747469 562.50000000000011 -0.0091042627995783203 0.042253847510163096 15.293891368293604 0.78470915363605398 23.557721991811423 6.4740449310348582 -0.019779800137208654 0.022404081623590973 -1.0000000180025095e-35 25.500000000000004 1.5000000000000002 1.5000000000000002 767.50000000000011 60.129994959038449 21.500000000000004 0.011196324618420881 2.5000000000000004 2.5000000000000004 -23.46048835540277 -0.039176004130762783 -0.10806313956442005 5.9503169766403312 0.081087386378539891 -0.028002541296060997 39.824231302225236 0.078128106361829056 2.5000000000000004 26.500000000000004 31.500000000000004 0.033126344813118651 3.3059701116500841 1.0000000180025095e-35 0.037078123521236635 0.12062335371005414 0.10822791380147187
decision_type=2 2 2 2 2 2 2 2 2 10 2 10 2 2 8 2 8 2 2 2 10 2 2 10 2 2 2 10 10 8 10 10 2 2 2 8 2 2 2 2 10 2 2 2 2 8 2 2 2 8 8 8 8 2 2 2 10 2 2 10 10 10
left_child=1 31 3 4 5 13 -2 -6 -9 10 36 53 32 14 20 16 56 21 -19 -20 30 26 -23 25 -21 -16 -17 -28 -18 -22 -3 -1 33 -4 -35 -12 -5 -38 -8 41 46 42 44 48 -33 -46 -41 -42 49 -44 -43 -48 -53 54 -11 -55 -15 -58 -54 -40 -61 -62
right_child=6 2 12 9 7 -7 38 8 -10 11 35 -13 -14 15 23 17 28 18 19 24 29 22 -24 -25 -26 -27 27 -29 -30 -31 -32 39 -34 34 -36 -37 37 -39 59 40 47 50 43 -45 45 -47 51 -49 -50 -51 -52 52 58 55 -56 -57 57 -59 -60 60 61 -63
leaf_value=-0.0033041405525754707 -0.0064974931564968355 0.046681390240235328 0.036440437982025391 0.051856638896715095 -0.032229842954700702 -0.040466651280122994 -0.038751560501573495 0.046363782656697231 -0.028010233932717472 0.054755156039324827 0.009800110540400829 -0.042829824097836339 -0.04482347934064157 -0.010959460486694347 0.023328029383414821 -0.027438897382745145 0.030370905500064993 -0.047867948757829515 -0.04829868532988664 0.051116472746593311 0.01006617820122835 0.055696508720939467 -0.061009165042508952 0.037007299417205902 -0.005048901605517013 -0.037073264625225449 -0.023551871576349512 0.045024844568653244 -0.016841641972788163 -0.043602119176436423 0.005630034731900318 0.045487753926658013 -0.049368598189399981 -0.020181013510139297 0.0156520801529332 -0.031283550629709937 0.029664587700259773 -0.027026278283280643 -0.031012632666148194 -0.017618593311825546 0.060019943277032556 -0.012558331482170863 0.018860107070960305 0.054668871028791401 -0.017603083960113852 0.03704695919386914 0.022018085271331062 0.014952334796872267 -0.03910663819414751 -0.026010637750244398 0.020841522368995374 0.016777957673832899 -0.023979101639678493 -0.035438947044923612 -0.020695926454059533 0.0093844007865444418 0.0032976425160554227 -0.048669685201446974 0.00882972738081844 0.019631024540883984 0.0035416409620573569 -0.038496897689941079
leaf_weight=198.61967772990465 377.20424849539995 196.34820896014571 26.57022549957037 30.723829716444016 20.199422724545002 53.805856704711914 201.76040159724653 129.3491263538599 18.739663500338793 25.293747171759605 44.787977673113346 92.521945055574179 69.83571576140821 58.431410618126392 25.429504338651896 17.956974547356367 79.732222456485033 90.158261857926846 41.112071741372347 76.744710601866245 79.099046312272549 50.892560888081789 59.684416774660349 41.869116928428411 36.269932076334953 124.81036911159754 16.606772061437368 212.98837731033564 47.111633408814669 28.275650981813669 36.577133558690548 213.57643426209688 31.508795395493507 205.16983631625772 53.136803355067968 75.929100342094898 53.527390662580729 36.075499556958675 143.80907708220184 97.427192162722349 36.619160328060389 92.765103809535503 75.190694950520992 41.989172987639904 36.204310148954391 41.278819806873798 144.56292501091957 58.927808169275522 31.177810255438089 37.170384205877781 72.358099907636642 130.42910432070494 105.82924789562821 85.280748203396797 31.114347953349352 43.753130666911602 20.751633826643229 151.15326258353889 60.238564155995846 41.350579589605331 51.015549995005131 53.453588843345642
leaf_count=1211 3185 1778 168 257 113 710 2465 1481 158 192 318 1024 1353 430 165 117 464 845 461 506 536 677 580 306 239 1292 131 2662 301 235 257 1580 628 2141 385 654 323 268 1640 624 237 557 604 611 173 272 991 356 185 242 458 853 705 828 305 255 158 1611 401 351 465 382
internal_value=-0.000746364 0.00295357 -0.00170211 0.00114999 0.004744 0.00214159 -0.0181842 0.0286484 0.0369522 -0.0107197 0.00111893 -0.020986 -0.0181927 0.00367816 0.0121159 -0.00100335 -0.0176393 0.00886038 -0.0104859 0.0113811 0.0262565 0.0220568 -0.0072959 -0.0129325 0.0330912 -0.0268498 0.0351681 0.0400646 0.0128355 -0.00406663 0.0402349 0.0112248 -0.0123146 -0.00821619 -0.0128097 -0.0160409 0.0183344 0.00683997 -0.0271552 0.0134867 0.007457 0.0194444 0.0254614 0.00823337 0.0364429 0.0115115 0.00306229 0.0322249 -0.00535033 0.00401633 0.00207771 0.00763056 0.000615635 -0.0100875 0.0131368 -0.0202401 -0.0344215 -0.0423964 -0.0120782 -0.019077 -0.00730604 -0.0179682
internal_weight=4962.28 4093.69 2619.33 2233.11 1714.1 1545.81 868.593 168.288 148.089 519.008 241.044 277.964 386.221 1492 532.409 959.594 357.18 602.414 244.285 154.127 340.3 358.129 110.577 192.109 113.015 150.24 247.552 229.595 126.844 107.375 232.925 1474.36 316.386 284.877 258.307 120.717 120.327 89.6029 491.389 1275.74 634.034 641.711 476.588 185.528 291.06 77.4831 538.487 95.547 143.539 112.361 165.123 441.06 296.497 185.442 56.4081 129.034 230.336 171.905 166.068 289.629 145.82 104.469
internal_count=43860 35372 25312 20637 16213 14461 8488 1752 1639 4424 1820 2604 4675 13751 4569 9182 2964 6218 2051 1206 2806 4167 1257 1763 745 1457 2910 2793 765 771 2035 10060 3322 2694 2526 972 848 591 5303 8849 4167 4682 3667 1642 2025 445 3574 593 1031 846 1015 2950 1959 1580 497 1083 2199 1769 1106 2838 1198 847
is_linear=0
shrinkage=0.05


Tree=63
num_leaves=63
num_cat=0
split_feature=29 22 12 1 21 7 29 29 0 12 42 10 1 21 10 12 10 12 12 12 21 34 41 21 17 1 20 10 12 40 20 1 5 21 27 12 10 26 12 36 21 16 1 29 21 12 41 21 7 21 17 29 10 9 42 20 1 21 12 34 7 9
split_gain=126.22 58.6842 78.6304 83.6235 82.1048 78.1008 64.3654 35.5063 30.7942 29.7745 48.2717 42.6942 33.2874 52.0452 38.6899 29.8905 27.5921 26.5807 26.3018 25.3758 24.4691 22.8108 19.9921 38.7643 23.1041 48.1335 39.8127 56.7087 33.5471 25.0905 22.3941 20.1929 20.4462 26.6315 19.9211 19.706 21.3421 18.2984 18.0484 17.7904 17.5433 22.827 19.4747 18.9807 17.2833 22.1867 23.2451 16.8938 20.0969 28.0941 16.8206 18.6151 16.6432 23.5123 16.5366 16.3153 32.3943 19.7857 42.5114 18.9083 17.4342 15.825
threshold=0.23271376215298531 1.0000000180025095e-35 18.500000000000004 43.500000000000007 0.00064858103451909024 0.18373741610738256 0.45968303832328578 0.5481127322933802 0.056530619687431304 24.500000000000004 0.03518974936342277 0.32332063588653687 52.500000000000007 0.00074575894059003502 0.13678626094530277 13.500000000000002 0.17045863211351109 21.500000000000004 24.500000000000004 14.500000000000002 0.00044515280506386918 -0.27212610538411569 0.080441358379491762 0.0017223780046719309 -0.0058435733150070382 19.500000000000004 42.484081183780837 0.15840844076937216 21.500000000000004 0.015187501057479314 64.052440186866946 62.500000000000007 0.2317959244237808 0.0008577262158575204 0.3471288485419432 20.500000000000004 0.64006072471970277 0.020183877320390991 19.500000000000004 71.376157370408933 0.0016450752130667907 0.14915572244947231 72.500000000000014 0.38325543429581982 0.00047064002705104042 19.500000000000004 0.033682394787244475 0.00057860872499656093 0.36470292323743675 0.00097965667205536142 -0.042335891554981055 0.38325543429581982 0.092121058949895737 0.092043301176354772 0.089024992386134275 46.599791002645311 24.500000000000004 0.00066320082014647717 27.500000000000004 -0.10996556404642148 0.34795932596334994 0.10822791380147187
decision_type=2 2 2 2 8 8 2 2 2 2 10 8 2 8 10 2 10 2 2 2 8 10 10 10 8 2 8 8 2 8 10 2 8 10 8 2 8 2 2 8 10 10 2 2 8 2 10 8 10 10 8 2 10 10 10 10 2 10 2 8 8 10
left_child=18 7 3 4 -3 -6 37 9 -8 10 11 16 13 35 -15 -14 17 20 22 -18 -2 34 23 24 25 26 -1 -28 31 -26 44 -27 33 -33 -20 36 -12 -7 -21 -13 41 42 43 -17 -31 47 -47 -46 -49 -50 51 -5 -22 -54 -16 56 61 60 59 -59 -57 -11
right_child=1 2 -4 50 5 6 8 -9 -10 55 12 39 15 14 54 40 19 -19 21 38 52 -23 -24 -25 29 28 27 -29 -30 30 -32 32 -34 -35 -36 -37 -38 -39 -40 -41 -42 -43 -44 -45 45 46 -48 48 49 -51 -52 -53 53 -55 -56 57 -58 58 -60 -61 -62 -63
leaf_value=-0.042548322235091064 0.053437301961603879 -0.046493738556685642 -0.050625433385556265 0.011465507511109974 -0.04944523531222212 0.043114616917218677 -0.036453571239421466 -0.017342804526521483 0.014944031833900348 -0.0050133962029031654 0.020757011303663926 0.036750640277951455 0.034324461463143094 0.01926147808618121 -0.048891613729584227 0.034552418839637229 -0.046782567677484475 -0.020792708469073402 0.044967846487666857 0.039510612343739648 0.027173799470364163 -0.0079968513555823267 0.03575700708410319 -0.046337771762014521 -0.019688555860502194 0.042708381998517148 0.037410121314674291 -0.021568452040474931 -0.01933353937737084 0.02979423779865209 -0.020919870960035572 0.030001817758637497 0.045209529958051838 -0.038643483587393362 0.0037488034903293715 -0.027064802585580264 -0.033530666455786833 0.0028078434307334918 -0.014128109390645386 0.0075105584054068935 0.026617989528444786 -0.05318595491593453 -0.037482683949050369 -0.0090614360122218546 -0.023929409018606365 0.010973129421001414 -0.035716461726477265 0.023368769059290223 -0.013451286145000444 0.038010072841901069 -0.04605964680713838 -0.04348897187501969 -0.041627265826097715 0.020436336434639393 -0.00069104671070514899 -0.053152740165499451 0.01934878332454738 0.0077403776662038522 0.050443400338668967 -0.054553621904572913 -0.018218281792131235 -0.043957076911816481
leaf_weight=42.037014629691839 45.754716390743852 74.025352487340569 151.67805164866149 32.073614753782749 46.458607697859406 173.83821998164058 56.257859516888857 330.71876357495785 60.462538778781891 74.528690166771412 123.42934533767402 203.73325270786881 78.291230719536543 29.813656818121672 140.00865004956722 42.187545791268349 43.739813819527626 45.838074559345841 41.991067197173834 21.719300892204046 73.551505599170923 325.58256796374917 89.541831087321043 28.488660391420126 78.650648407638073 251.58149501681328 94.309438928961754 71.775461904704571 30.499761629849672 118.88843654841185 54.213221210986376 29.113873772323132 35.235493861138821 27.451295077800751 97.086402382701635 39.469995271414518 21.215799484401941 33.600122146308422 56.425848826766014 69.856451142579317 41.94275526329875 25.395420119166374 29.206119548529387 61.039973292499781 28.162403836846352 54.862595904618502 51.855239272117615 295.36464620009065 100.26999193057418 36.058613415807486 146.31256605871022 29.660174483433366 28.232387166470289 33.212159607559443 20.385145917534828 48.101552054286003 109.85938776284456 22.667543258517981 29.242431096732616 26.332545898854733 138.67460162565112 40.133576419204473
leaf_count=306 579 1046 3075 218 535 1156 502 2859 305 555 1400 2160 642 286 1483 436 594 682 232 204 640 2058 1110 197 686 1999 623 462 226 1019 344 248 276 162 563 344 217 209 587 552 399 228 167 458 186 351 347 2142 637 231 1929 301 284 275 149 655 778 202 149 371 1305 374
internal_value=-6.77507e-05 -0.00671687 -0.0181967 -0.0106606 0.00158148 0.0111838 0.0198732 -0.00230862 -0.00982901 0.000510035 0.00453606 0.0145014 -0.00496605 -0.0147004 -0.0330433 0.0081381 0.00289483 0.0132137 0.00965293 -0.0162884 0.0218377 -0.000756316 0.0128384 0.0114022 0.0125769 0.0201924 0.000919833 0.0119219 0.0309205 0.00716059 0.0100155 0.0353841 0.0153118 -0.00331201 0.0161939 0.0042495 0.0127944 0.0365859 0.000779988 0.0292847 -0.00212442 -0.00976266 -0.00143583 0.0087629 0.0124622 0.00882526 -0.0117138 0.0135917 0.0160395 0.000160129 -0.0368248 -0.0149375 0.0111275 -0.00808049 -0.0427656 -0.00997116 -5.41198e-05 -0.0183728 0.00273518 -0.0257363 -0.0272152 -0.0186443
internal_weight=4882.1 2899.08 804.367 652.689 444.643 370.617 324.159 2094.71 116.72 1763.99 1274.45 622.064 652.386 374.323 190.207 278.063 348.474 226.589 1983.02 121.885 180.751 464.66 1518.36 1428.82 1400.33 582.004 208.122 166.085 373.882 818.326 739.675 343.382 91.8007 56.5652 139.077 184.115 144.645 207.438 78.1451 273.59 199.772 157.829 132.434 103.228 685.462 566.573 106.718 459.856 431.693 136.329 208.046 61.7338 134.996 61.4445 160.394 489.54 224.522 265.019 78.2425 49.0001 186.776 114.662
internal_count=43695 29290 9276 6201 3753 2707 2172 20014 807 17155 12766 6557 6209 3879 1918 2330 3845 2460 14405 1385 1778 2853 11552 10442 10245 4302 1391 1085 2911 5943 5257 2685 686 410 795 1961 1617 1365 791 2712 1688 1289 1061 894 4913 3894 698 3196 3010 868 2448 519 1199 559 1632 4389 1707 2682 722 573 1960 929
is_linear=0
shrinkage=0.05


Tree=64
num_leaves=63
num_cat=0
split_feature=29 29 4 4 11 2 10 12 12 7 1 9 12 4 7 12 4 0 18 10 10 26 0 12 1 21 12 21 9 5 0 10 10 11 10 41 11 12 6 10 11 29 37 21 18 12 10 11 7 21 2 21 10 20 7 21 12 41 7 20 1 6
split_gain=118.186 45.978 42.0825 40.6415 31.2741 31.659 32.7617 34.5428 25.4563 25.6334 35.3861 26.8061 23.7598 25.8704 26.9217 25.5888 24.3492 37.7013 24.2766 22.6518 21.0232 20.8099 20.7467 20.8831 19.1627 26.1175 19.462 19.1479 34.0566 21.1274 18.5944 17.9829 17.9804 17.8021 16.7963 16.7605 18.6887 41.6061 21.7815 26.2545 17.369 16.5227 16.4648 16.1156 21.7385 18.2138 17.625 22.8572 16.0356 37.7297 29.0676 28.8576 25.302 24.2102 21.5978 19.6093 15.9907 15.6585 15.6315 15.2516 14.7642 14.4166
threshold=0.44916796409453724 0.14767548259458663 320.22500000000008 623.07500000000016 1.5000000000000002 0.75524490340188999 0.47655595686767177 19.500000000000004 26.500000000000004 0.10743309601111198 66.500000000000014 0.1710977637732003 19.500000000000004 188.77500000000003 0.58046156946573702 20.500000000000004 140.97500000000002 0.039817520280562547 0.00018671717070228858 0.55325197617219712 0.23062147897764343 -0.019779800137208654 0.0066547783376710258 13.500000000000002 31.500000000000004 0.00049664401334046748 27.500000000000004 0.0016072420169554234 0.22922846255336435 0.24580326077580014 0.0045977679477840058 0.061474425288857062 0.23845532496582583 1.0000000180025095e-35 0.51319230299825069 0.039693314315908786 2.5000000000000004 19.500000000000004 0.40725358346339885 0.061474425288857062 3.5000000000000004 0.067206739156221121 -24.99216775972188 0.00064858103451909024 -0.0022712838522866981 14.500000000000002 0.20210279382504601 2.5000000000000004 0.41205607312972836 0.00098503399877528076 -0.72013597522286632 0.0010438115251357614 0.2526175846701853 26.748786357741434 0.82489758005262037 0.0015714098083562452 13.500000000000002 0.045950742277082353 0.67417969661230903 48.153041301140256 13.500000000000002 0.17439158994238943
decision_type=2 2 2 2 2 10 8 2 2 8 2 10 2 2 8 2 2 2 10 10 10 2 2 2 2 10 2 8 10 10 2 10 10 2 10 10 2 2 8 8 2 2 8 10 8 2 10 2 8 10 10 10 10 8 8 10 2 10 10 10 2 10
left_child=1 27 4 12 5 6 22 -8 9 19 11 35 16 14 18 -16 17 -3 24 -6 -15 -18 -2 32 25 31 -26 29 -29 41 -17 -14 -24 -22 -9 36 37 -11 39 -38 -37 -1 -10 44 -19 46 47 -45 51 50 -50 52 -23 -54 57 -53 58 -51 59 -48 -31 -55
right_child=2 3 -4 -5 8 -7 7 34 42 10 -12 -13 13 20 15 30 21 43 -20 -21 33 48 23 -25 26 -27 -28 28 -30 60 -32 -33 -34 -35 -36 40 38 -39 -40 -41 -42 -43 -44 45 -46 -47 56 -49 49 54 -52 55 53 61 -56 -57 -58 -59 -60 -61 -62 -63
leaf_value=0.025978495738528635 0.022332521181225713 0.045948871666799236 -0.036250167776645664 -0.043162276710539911 0.049682552478192726 -0.05840265744403185 0.043302078469492716 0.010228595899301455 -0.0013990751880118282 -0.019867186675371198 -0.041505994849582138 -0.027513045290792133 0.036808702180015911 -0.030533637546606214 0.053155067731264216 -0.016576677717801278 0.042801805365664192 -0.039649882204418341 -0.018408823320351916 -0.012650585959182538 0.028042342695640172 -0.00019720758525456963 0.025475380601282939 -0.038597081417499852 0.0063940524979824546 -0.041660989807532148 0.05074354578646334 -0.030084596771352341 0.036923979195962645 0.006217616247117641 0.014726277404129316 -0.0082880108014233254 -0.027506866772543149 -0.023931989273055898 -0.038560798206833183 0.0092995176252153519 -0.059910223559237398 0.063499326247475479 0.031189605501383957 -0.0045463086091377556 0.046373479416792318 0.0093725046252911264 -0.047314301018452111 0.035977687229442119 0.010059401137634053 0.037582426582579646 0.053341971739281527 -0.016377848021987208 0.00016215320176305142 0.01159082915497576 -0.041570470929675751 -0.036527286828981237 -0.01319900619036907 0.039378425998205131 0.029373450982978985 0.014373573795690467 -0.026727368092640737 -0.03562409219573983 -0.016909472416750792 0.00072564347158158692 0.049005510674944547 -8.1381384213037578e-05
leaf_weight=184.58487471565604 21.236164482310414 82.233802858740091 173.85097615048289 51.343122584745288 47.38220576569438 47.676945801824331 41.966940579935908 35.547773897647858 33.405144978314638 30.617176577448845 51.08256945386529 61.244744680821896 29.160143688321114 141.3268564529717 34.061126232147217 62.932537954300642 29.019011631608009 36.346985716372728 239.45448999106884 21.049823649227619 35.062959518283606 253.02407663688064 27.480930749326944 168.71794432587922 139.1180756315589 46.005819104611874 30.087027806788683 61.480400394648314 27.418130338191986 28.235283635556698 192.7212102971971 91.381287503987551 38.373737160116434 31.078192930668592 35.017050437629223 98.816982205957174 33.023372419178486 29.27786597982049 22.070152707397938 60.910299237817526 46.438565108925104 794.70109324902296 46.988319091498852 83.60153891518712 55.693585552275181 65.938998132944107 25.897763267159462 27.771833926439285 69.687512416392565 39.117877036333084 103.98692746460438 61.862821836024523 35.922127671539783 128.99048004299402 71.177463598549366 27.258646048605442 49.089542351663113 31.864493746310472 36.175742175430059 29.416187953203917 70.500352755188942 28.208873562514782
leaf_count=1115 135 1148 2821 1053 477 409 309 236 213 304 350 515 250 1753 479 445 164 343 2471 178 295 2259 151 2190 1204 477 167 351 310 186 1369 700 329 301 184 902 413 306 137 500 466 5314 458 733 511 912 320 223 555 289 1190 640 252 1243 538 255 431 279 275 205 537 195
internal_value=0.000270955 0.00469307 -0.0135478 0.000862828 -0.0095943 -0.0200643 -0.0151019 0.0073808 -0.00211421 0.00206975 -0.00241981 0.0028015 0.00178744 -0.0037886 1.4892e-05 0.0124446 0.00614491 0.0150514 -0.00624557 0.0305088 -0.0196451 0.0011644 -0.0249922 -0.0292765 0.00242911 -0.00961091 0.01428 0.0128859 -0.00941778 0.0147252 0.00702064 0.00262132 -0.00539755 0.00362081 -0.0139826 0.00858254 -0.00179733 0.020884 -0.0135081 -0.0240101 0.0211522 0.0125026 -0.0282356 0.00885322 -0.00957088 0.0141876 0.00806494 0.0229224 -0.000255267 -0.00918992 -0.0248251 0.00501663 0.0102054 0.0238348 0.00991133 -0.0209588 -0.00370584 -0.00960429 0.00864656 0.0253604 0.0367695 0.0322975
internal_weight=4835.11 3662.94 1172.18 2496.02 998.325 416.017 368.341 112.532 582.307 501.914 433.482 382.399 2444.68 1072.39 864.922 289.715 1372.29 492.166 575.207 68.432 207.468 880.12 255.809 234.573 335.752 166.547 169.205 1166.92 88.8985 1078.02 255.654 120.541 65.8547 66.1412 70.5648 321.154 175.899 59.895 116.004 93.9337 145.256 979.286 80.3935 409.932 92.0406 317.892 251.953 111.373 851.101 315.834 173.674 535.267 446.146 193.121 142.16 89.1215 140.579 70.9824 91.4897 55.314 98.7356 157.199
internal_count=43720 31737 11983 23924 9162 3943 3534 729 5219 4548 3893 3543 22871 9911 7562 2293 12960 5101 5269 655 2349 7859 2805 2670 2798 1427 1371 7813 661 7152 1814 950 480 596 420 3028 1660 610 1050 913 1368 6429 671 3953 854 3099 2187 956 7695 2851 1745 4844 3949 1690 1106 895 1231 568 800 525 723 1438
is_linear=0
shrinkage=0.05


Tree=65
num_leaves=63
num_cat=0
split_feature=29 4 12 20 7 11 1 4 41 29 27 12 11 37 12 36 34 29 11 2 10 12 12 12 41 1 37 22 12 11 21 21 7 17 41 10 10 32 21 10 32 12 39 12 12 20 10 1 11 34 20 21 11 4 34 1 10 16 37 4 22 26
split_gain=100.426 54.1653 32.51 27.2786 37.0154 48.4208 35.3004 34.1776 25.2548 25.2365 23.6987 23.939 25.3893 48.8228 26.3038 22.487 23.24 23.2105 21.8554 32.7967 40.3011 34.068 28.3563 27.378 26.2882 34.3834 33.7181 30.304 35.6428 45.3559 44.6854 33.0999 30.3592 25.1135 20.7519 37.6671 29.9747 19.6606 28.844 22.3746 19.6441 23.9344 23.8862 20.0215 19.5256 25.3098 19.2288 18.676 19.0279 25.4874 35.6672 18.4074 18.3813 18.7267 19.0149 35.7516 28.5113 17.4511 17.281 16.5768 16.1329 15.7587
threshold=0.38097302853125919 252.47500000000002 19.500000000000004 44.694254144541155 0.31861875620122337 1.0000000180025095e-35 18.500000000000004 20.575000000000006 0.10456164763761995 0.073594269700394205 1.2861003861003864 31.500000000000004 3.5000000000000004 -24.192605545462602 24.500000000000004 21.570252767634852 -0.31867753119296094 0.11356162398240797 1.5000000000000002 0.9551194587355426 0.47655595686767177 19.500000000000004 26.500000000000004 31.500000000000004 0.083990605173897989 66.500000000000014 42.08514518201747 1.0000000180025095e-35 18.500000000000004 2.5000000000000004 0.00073929732346963495 0.0010438115251357614 1.0234863453974981 -0.033852879084289446 0.036447226799566843 0.43060767246937465 0.57568690835319092 0.28164355357154186 0.0010438115251357614 0.49601983107785858 0.16065033161385414 13.500000000000002 1.0000000180025095e-35 27.500000000000004 24.500000000000004 44.355070412767375 0.52334375383106546 42.500000000000007 2.5000000000000004 0.024007342886462561 45.538177027792251 0.0010438115251357614 1.5000000000000002 512.97500000000014 0.10827555090331088 38.500000000000007 0.49214702972309948 0.072299829924577813 -11.956455521364054 42.175000000000004 1.0000000180025095e-35 -0.0020181657116088141
decision_type=2 2 2 10 8 2 2 2 10 2 8 2 2 10 2 8 10 2 2 10 8 2 2 2 10 2 10 2 2 2 10 10 8 10 10 8 8 10 10 10 10 2 10 2 2 10 10 2 2 10 10 8 2 2 8 2 8 8 8 2 2 2
left_child=2 18 8 34 9 6 -6 -7 15 -5 11 12 13 61 -14 16 -1 47 19 20 40 -22 24 -24 25 26 27 28 51 30 -30 -29 44 -27 -4 59 -37 39 -39 -19 41 60 -43 -44 45 -31 -23 48 49 50 -17 -20 -3 54 55 -54 -56 -49 -25 -36 -2 -9
right_child=1 52 3 4 5 7 -8 10 -10 -11 -12 -13 14 -15 -16 17 -18 37 22 -21 21 46 23 58 -26 33 -28 31 29 32 -32 -33 -34 -35 35 36 -38 38 -40 -41 -42 42 43 -45 -46 -47 -48 57 -50 -51 -52 -53 53 -55 56 -57 -58 -59 -60 -61 -62 -63
leaf_value=0.01049855056688727 -0.015701809869010395 -0.039296726276730497 0.014563981895043578 0.018471200099335321 0.018832717700197593 0.059145354990050449 -0.047320358985768654 0.0083450066808159525 0.047355377089825484 -0.028215910176826051 -0.018214880953805485 0.050858503048476861 0.022537312331911558 -0.0093938112218229092 -0.035938334936826348 -0.047790917912364436 -0.038919409147298051 0.0080003408539970726 0.048381307034235932 -0.054380813896536907 0.04906443086578683 0.014266961457471906 -0.055906550710223241 0.016918400965352961 0.04267150043829443 -0.052957781258438634 -0.046104295146041238 -0.039752821613361432 0.058254753850058183 -0.037865695373597491 -0.01274828089447016 0.01819862704012316 0.021757914781932994 0.0069718978794320249 0.0041342315494324097 0.045123379279178907 -0.018032676987780324 0.0071852396400238884 -0.032289122062357838 0.049080698039380456 -0.048092631575041907 0.032775438445650111 -0.030837328018908702 0.016793056290027693 -0.047518308335281562 0.033831124050408334 -0.032652658199911831 0.047729059525804793 0.032815467125025914 0.030543401126655323 0.011652801532535798 -0.0040785277889292138 0.001869140727448467 -0.04807790167743145 0.031878876738727649 -0.055770102108411816 -0.028443211974868151 0.011646774417742209 -0.031153011366359853 -0.031183921875769585 0.031143042292708825 0.053300601235958839
leaf_weight=46.037243124097586 31.977210648357868 163.49962819926441 373.92783037386835 33.170461796224117 27.352850934490561 30.408884767442942 76.751076456159353 26.91180968657136 43.009329352527857 227.23090750537813 91.419388614594936 33.210070084780455 28.794237164780498 95.344744397327304 57.905841719359159 41.976504027843475 49.232567707076669 976.71018514409661 96.954071424901485 43.628532541915774 45.807369142770767 57.141056496649981 39.710464786738157 41.702982645481825 42.512281909584999 45.451076798141003 28.506136193871498 56.3929179944098 61.470886651426554 25.991974774748087 34.649554505944252 43.76008465513587 47.467891432344913 28.406171903014183 49.818832393735647 52.990202635526657 29.1069918833673 121.01165995746851 74.932590164244175 34.31009178981185 46.908151818439364 19.012190029025078 200.19952810928226 24.795824524015188 53.472019396722317 23.38270166143775 35.342769544571638 93.585614200681448 74.468377035111189 52.691864568740129 63.270029127597809 20.206605844199657 58.853399604558945 40.877157611772418 48.476375529542565 49.555690499022603 32.871652321889997 52.202000577002764 33.88690348342061 99.73530176281929 43.221036337316036 70.719621364027262
leaf_count=346 291 2639 2480 176 176 344 756 170 763 2154 687 202 284 780 510 219 443 8462 1140 338 423 361 534 222 485 295 232 616 702 215 252 244 340 227 284 629 192 1033 741 593 590 110 2410 206 787 203 207 766 535 362 390 199 642 861 393 600 363 307 231 767 211 617
internal_value=-0.000360858 -0.0102767 0.0049203 -0.000725419 -0.00679036 0.000690098 -0.0299389 0.00802503 0.00952221 -0.0222688 0.00418014 0.0107235 0.00595772 0.0160555 -0.0165178 0.00855389 -0.0150392 0.00997186 -0.00525829 -0.0127911 -0.00919377 0.0138021 0.000444267 -0.0222914 0.00475141 0.00190379 0.00667683 0.00992123 0.0166294 0.00583525 0.0326595 -0.014432 -0.0113179 -0.0299083 0.00727886 -0.00448068 0.0227318 0.00658509 -0.00791046 0.00939445 -0.0178799 -0.0134401 -0.0210407 -0.0255882 -0.0265837 -0.00391174 -0.00366341 0.0207804 0.0119802 0.00215632 -0.0120557 0.0393336 -0.0264723 -0.0173808 -0.0107681 -0.0244788 0.00750353 0.0348091 -0.00463199 -0.0194189 0.0112228 0.0409087
internal_weight=4794.33 1666.09 3128.24 1404.8 799.22 538.819 104.104 434.715 1723.44 260.401 404.306 312.886 279.676 192.976 86.7001 1680.43 95.2698 1585.16 1271.96 548.034 504.405 138.291 723.925 115.3 608.624 566.112 492.255 463.749 363.596 246.435 96.1204 100.153 150.315 73.8572 605.579 231.651 82.0972 1206.96 195.944 1011.02 366.114 319.206 244.008 224.995 102.847 49.3747 92.4838 378.194 232.407 157.938 105.247 117.161 394.134 230.634 189.757 108.409 81.348 145.788 75.5899 149.554 75.1982 97.6314
internal_count=43737 17569 26168 11208 6856 4526 932 3594 14960 2330 3250 2563 2361 1567 794 14197 789 13408 12071 5147 4809 991 6924 987 5937 5452 4930 4698 3838 2499 954 860 1545 522 4352 1872 821 10829 1774 9055 3818 3228 2726 2616 1205 418 568 2579 1506 971 609 1339 5498 2859 1998 1242 756 1073 453 1051 502 787
is_linear=0
shrinkage=0.05


Tree=66
num_leaves=63
num_cat=0
split_feature=29 29 23 23 12 22 10 12 11 10 1 18 1 1 17 10 23 26 22 11 42 18 8 1 10 12 6 20 11 11 37 10 42 23 12 11 37 20 11 14 18 1 10 21 22 21 21 11 1 12 11 11 21 1 40 14 11 11 1 1 40 21
split_gain=96.6217 43.26 49.3292 29.7174 23.6455 58.6014 29.0392 24.9887 41.0529 40.3876 38.8972 27.1289 25.2539 21.5322 18.9908 25.854 18.7857 24.6178 20.4955 27.4103 18.0075 17.0979 19.8914 21.4627 17.5 19.2444 18.9539 17.4225 21.1234 17.2052 18.1216 18.3798 17.0045 16.6763 19.0052 25.2973 31.6557 17.6173 18.158 23.2129 33.7003 28.6835 17.3055 16.8946 39.9589 46.2502 44.745 96.3149 28.7692 20.6179 20.2951 43.9341 19.3767 28.333 26.7309 26.6665 33.5029 29.4176 21.0524 19.384 18.8254 17.0727
threshold=0.48921512630115149 0.21046336914226302 5.9189610540582089 5.5175532879920004 18.500000000000004 1.0000000180025095e-35 0.57568690835319092 24.500000000000004 1.5000000000000002 0.45282589906429677 68.500000000000014 -0.00046816910597535783 58.500000000000007 5.5000000000000009 0.048973443040588933 0.44360107666789167 6.3681871826728225 -0.013119187227608716 1.0000000180025095e-35 1.5000000000000002 0.029968472562039838 -0.0098965020976357048 0.11656441717791406 71.500000000000014 0.2986136670347197 19.500000000000004 0.18238246231773747 57.671589718037644 1.5000000000000002 1.5000000000000002 8.019311979501266 0.52334375383106546 0.035445511160551411 6.5759819243403106 24.500000000000004 3.5000000000000004 6.4172486830578155 64.052440186866946 3.5000000000000004 -0.030144797277873479 -0.0011697634894149431 19.500000000000004 0.098225142009680036 0.00073929732346963495 1.0000000180025095e-35 0.00051352392160719735 0.00053526076131943021 1.5000000000000002 15.500000000000002 21.500000000000004 2.5000000000000004 1.5000000000000002 0.00088734269394800448 7.5000000000000009 0.07597438148929013 0.028761861287841108 2.5000000000000004 1.5000000000000002 52.500000000000007 26.500000000000004 0.056393195944902816 0.00095066746622329715
decision_type=2 2 2 2 2 2 10 2 2 8 2 10 2 2 10 10 2 2 2 2 8 8 8 2 10 2 10 8 2 2 8 8 10 2 2 2 10 10 2 2 10 2 8 10 2 8 8 2 2 2 2 2 10 2 8 2 2 2 2 2 10 10
left_child=1 33 4 21 14 6 7 8 9 12 -10 -9 13 -6 15 -3 17 -4 19 -19 -11 -2 23 24 27 26 -26 -23 -29 -24 -31 -32 -21 34 35 43 -37 38 39 -36 41 -41 -40 44 46 -46 49 48 -48 -1 51 -47 53 -45 55 57 -57 61 -59 -58 -49 -54
right_child=3 2 16 -5 5 -7 -8 11 10 20 -12 -13 -14 -15 -16 -17 -18 18 -20 32 -22 22 29 -25 25 -27 -28 28 -30 30 31 -33 -34 -35 37 36 -38 -39 42 40 -42 -43 -44 52 45 50 47 60 -50 -51 -52 -53 54 -55 -56 56 59 58 -60 -61 -62 -63
leaf_value=0.042645865695935398 0.025416934648720281 0.0074313053713503142 0.016009488464731308 -0.032895610278589393 0.012445550022560304 -0.047081682478523623 -0.042324902570415934 0.0060180502795518847 0.03593033051263194 0.044114585701660512 -0.027020575469401942 -0.019306778011219494 0.019656294152046106 -0.035212756843637422 -0.011275512287133227 0.037661717058084576 -0.048600222176778882 -0.039233369620032155 -0.039689437655716059 0.035058409321916097 -0.007490908815877698 -0.019304328461716397 -0.046695057566174633 -0.055437645383479096 0.047866976367037933 -0.011871785045537455 -0.010384260393128722 -0.023805487992306223 0.019733019756480528 -0.033507082418663327 0.041554114049958527 -0.022925816950336585 -0.0167156317638785 -0.02785350102106814 0.021050686258600897 0.053258051599659212 -0.011156498617544204 0.03221235382243292 -0.042454431039102174 -0.01598914280162737 -0.033992692934332061 0.038659927411042162 0.00056694475397668881 -0.011693994305554335 -0.055646806745786051 0.016821323724687781 -0.0044927511857388493 0.053543260436113488 -0.058832892820404915 0.0027582760106883769 0.028544496644472707 -0.039633017989661679 -0.00011322788856559917 0.038414362990312194 0.035920181759223888 -0.033102712299763047 -0.011973822454515386 0.019809876687618428 -0.029145695119085199 0.05403940030556123 -0.0064466128954459544 0.040359155744732082
leaf_weight=133.59607413038611 31.790687743574381 647.45464588701725 51.721668109297752 188.1079712882638 29.765312723815441 71.967813970521092 39.244353465735912 203.60715728253126 169.89187606982887 51.587032098323107 28.681586500257254 220.02790613472462 39.28665360994637 116.31039395369589 113.28806349821389 79.399461725726724 48.925439080223441 41.749468646943569 94.031553611159325 36.787372194230556 25.143885906785727 203.3661088142544 66.693797348067164 21.662252563983202 45.552439112216234 47.091695226728916 20.138130929321051 42.769178068265319 79.907916944473982 52.686388745903969 22.514120504260063 21.707731865346432 27.877053145319223 29.989716082811356 112.24457014352083 74.777610138058662 25.603876579552889 39.423372521996498 49.126963183283806 48.364417176693678 72.633725818246603 47.683600846678019 44.593107338994741 34.275232493877411 47.298777513206005 73.106032855808735 43.209942497313023 58.008062046021223 55.82579593360424 42.768870037049055 46.008577413856983 65.196522515267134 35.451471738517284 159.43720574304461 83.527990171685815 81.17551963031292 22.34047394990921 39.421839371323586 49.578040860593319 22.142053693532944 16.884063687175512 98.330747909843922
leaf_count=1316 216 5934 336 2771 196 984 366 1574 2148 460 199 2275 351 1278 1133 1101 1180 496 1574 250 178 2020 625 145 470 316 201 471 742 369 217 187 224 344 629 732 224 238 322 275 513 268 233 232 354 458 223 742 354 251 242 371 219 1081 823 481 134 347 257 271 160 603
internal_value=-4.11852e-05 0.00328703 -0.00148826 -0.0153763 0.00158854 -0.00362462 -0.000238202 0.00162956 0.00968973 -0.00330243 0.0268378 -0.00713518 -0.0159306 -0.0255016 0.0077658 0.0107336 -0.0202465 -0.0147453 -0.022681 -0.00765171 0.027204 -0.0103518 -0.0121738 -0.00685315 -0.00445482 0.0125221 0.0300095 -0.0103274 0.0045541 -0.0271497 -0.0136983 0.00990205 0.0127384 0.00911093 0.00975468 0.0127101 0.0368281 0.000418993 -0.00292657 0.00343132 -0.008293 0.0111417 -0.0219844 0.0107053 0.00457281 -0.0115407 0.0152269 -0.00276798 -0.0351239 0.032973 -0.000221924 -0.00979154 0.0164087 0.0295483 0.0105164 0.00442658 -0.013991 0.0148149 -0.00746119 0.0208856 0.0400188 0.0296342
internal_weight=4732.76 3888.77 2136.75 843.988 1835.66 995.514 923.546 884.302 460.667 262.093 198.573 423.635 185.362 146.076 840.142 726.854 301.093 252.167 200.445 106.414 76.7309 655.88 624.09 460.488 438.825 112.782 65.6906 326.043 122.677 163.602 96.9082 44.2219 64.6644 1752.02 1722.03 1307.96 100.381 414.07 374.646 280.926 168.682 96.048 93.7201 1207.58 581.903 231.61 350.293 173.928 99.0357 176.365 184.311 138.303 625.681 193.712 431.968 348.44 125.658 222.782 88.9999 44.4825 74.8921 133.782
internal_count=43684 34934 22237 8750 18177 10009 9025 8659 4810 2463 2347 3849 1825 1474 8168 7035 4060 2880 2544 970 638 5979 5763 4365 4220 987 671 3233 1213 1398 773 404 474 12697 12353 9875 956 2478 2240 1685 1056 543 555 8919 4471 1425 3046 1479 577 1567 1071 829 4448 1313 3135 2312 886 1426 604 405 902 822
is_linear=0
shrinkage=0.05


Tree=67
num_leaves=63
num_cat=0
split_feature=29 4 29 29 4 11 18 14 11 1 10 32 1 10 12 12 17 20 41 41 11 21 20 7 11 1 41 11 10 11 18 26 7 20 11 11 1 6 18 20 10 18 41 11 9 19 32 9 18 10 32 18 28 12 11 10 41 21 6 18 21 1
split_gain=94.7594 50.0183 36.2422 26.4313 28.7471 24.3616 24.2883 25.6609 23.3452 23.4768 22.752 26.819 22.4676 22.3461 22.1858 21.6272 21.3365 21.1811 19.3987 19.2775 19.0904 18.055 17.655 38.995 22.5108 23.5287 17.392 20.8401 16.96 23.5933 16.845 16.4303 16.0712 37.5503 29.9588 54.7481 37.7956 35.5368 25.9295 24.0373 39.9372 24.686 24.0223 23.1313 19.8113 19.5708 19.3416 16.0502 15.3793 24.7752 17.6047 15.329 14.8272 15.7453 22.5364 33.814 16.833 14.6529 14.2775 17.1946 13.973 13.4513
threshold=0.31893670235251886 372.02500000000003 0.52166327337360341 0.095936122428622095 573.20000000000016 1.5000000000000002 0.00072331057962082845 -0.16250501334843045 1.5000000000000002 9.5000000000000018 0.30967885671986123 0.026148696063305835 64.500000000000014 0.55325197617219712 19.500000000000004 24.500000000000004 -0.0044964151081078154 57.791201890659167 0.040740533228435898 0.10456164763761995 1.5000000000000002 0.00038529835608652952 44.694254144541155 0.3128448711163026 1.0000000180025095e-35 21.500000000000004 0.036447226799566843 1.0000000180025095e-35 0.46241767641417902 1.5000000000000002 -0.01005217979854711 -0.022000004440408633 0.37381301103016262 63.385145023036976 1.0000000180025095e-35 1.5000000000000002 22.500000000000004 0.13136672169120928 0.0016088624885667315 50.422199370149997 0.20210279382504601 -0.0073964915476310558 0.037694823608621253 2.5000000000000004 0.20718718680132608 4.2923503583036655e-05 -0.064335241425560449 0.02114254050289403 -0.0020989019196334664 0.467357392444817 0.018126506425500625 0.0020608631125936809 0.16468170186733913 31.500000000000004 3.5000000000000004 0.10366680234218449 0.038778806532396078 0.0016723951175247962 0.16180012516219416 0.0030508539798334016 0.00053526076131943021 23.500000000000004
decision_type=2 2 2 2 2 2 10 2 2 2 10 10 2 10 2 2 10 8 8 10 2 8 10 8 2 2 10 2 10 2 8 2 8 10 2 2 2 10 10 10 8 8 10 2 8 10 10 8 8 10 8 10 8 2 2 8 8 8 8 10 10 2
left_child=3 2 6 57 14 -4 21 51 9 -9 11 12 17 16 19 18 -12 -7 -10 32 -3 28 26 -24 25 -25 -16 -28 29 -2 -23 -6 33 34 46 -36 37 43 -38 41 -41 42 -34 -37 -42 -43 -5 -31 49 50 -22 -8 53 54 55 60 -56 58 -1 -60 -26 -32
right_child=1 20 5 4 31 10 7 8 15 -11 13 -13 -14 -15 22 -17 -18 -19 -20 -21 48 30 23 24 52 -27 27 -29 -30 47 61 -33 39 -35 35 36 38 -39 -40 40 44 45 -44 -45 -46 -47 -48 -49 -50 -51 -52 -53 -54 -55 56 -57 -58 -59 59 -61 -62 -63
leaf_value=0.011239810759445773 -0.022389427773151657 -0.047871206174909572 -0.029766947873193169 -0.00080427534522813809 0.0056356605419222794 -0.0145145676379368 -0.026605763134169864 0.0078234885405371463 -0.012336517213857029 -0.044197574627259012 -0.0078368966845926893 -0.054753683672318643 -0.052280850008521368 -0.030748138120831315 0.015045499693233155 -0.028837169668000592 0.049682152931023932 0.023476017322544129 0.030000303361428188 0.052411077261221767 -0.026142296628212259 0.026653285629947635 -0.028187754400528633 0.016852794959696181 0.05572667161700149 -0.045833088792040837 0.032069142971580193 -0.015245275773224959 0.04778253032391893 -0.013133330962387205 -0.011576142391306637 -0.040209811708097128 0.044224340863464995 -0.026757940082302346 -0.031946551013383839 0.054251432324528184 0.042537402472396027 -0.047303950852240532 -0.0089660736094750761 0.036035031648429958 -0.023236778412677239 -0.0055858985724420874 -0.015239455762117458 -0.010238689983542319 0.027776254569838538 -0.037907432518604095 0.047145181020421367 0.041134803899891242 -0.036013049796489324 -0.054119323826925449 0.030763608920401593 0.019552057344594365 -0.016425461023118784 0.047213077190121966 -0.040892489660254334 -0.0149358738874122 0.015158174364810473 -0.014403364168244646 0.020023225735444239 0.054517241272551122 0.018196986623781254 0.0033628111314427641
leaf_weight=326.37048071995378 37.816556036472321 91.156683234497905 211.02312057465315 25.758321642875671 29.479698725044727 110.29996868036687 22.728770582005382 27.090602528303862 57.69984620064497 108.75233205780387 26.212108921259642 37.733303710818291 25.524191098287702 21.674623813480139 242.43513214960694 65.622974902391434 41.887224551290274 54.975625140592456 50.947181969881058 25.442681750282645 20.47170608304441 56.587473921477795 156.09078290872276 22.740797324106097 45.300449557602406 43.802187765017152 28.586869157850742 125.20264947414398 39.322781015187502 18.578899972140789 229.25614875927567 57.980176113545895 41.768871795386076 49.533777631819248 61.106238316744566 24.808200910687447 146.93340679258108 32.849845807999372 29.313042752444744 110.50606784969568 65.80870895087719 193.86357663199306 28.623437143862247 31.635275553911924 26.77600947022438 61.752704303711653 114.60065692849457 51.096528744325042 69.509246584028006 18.729115519672632 40.437144488096237 86.222377920523286 51.618408029899001 29.672861650586128 33.973126035183668 50.706948857754469 22.114032249897718 38.171382911503315 152.01410119980574 47.391296572983265 54.808836400508881 439.65311438590288
leaf_count=2015 424 1847 2178 201 347 1039 238 281 558 1395 237 300 198 199 1557 724 389 504 581 517 354 534 1440 152 459 450 379 883 372 194 2307 733 313 369 466 283 1541 337 240 1088 548 1399 221 230 190 497 929 590 1354 200 292 821 367 176 307 416 202 282 997 335 412 4323
internal_value=-0.000377015 -0.00840431 -0.00557452 0.0059147 0.0032954 -0.016593 -0.0010581 -0.0109513 -0.018285 -0.0338232 -0.0078592 -0.0162375 -0.00862042 0.0134691 0.00453568 -0.00617298 0.0275425 -0.00187776 0.00751623 0.00940855 -0.0298448 0.00369467 -0.00121837 -0.00736195 0.00180177 -0.0244104 0.00670217 -0.00645033 0.0196853 0.00940676 0.000458735 -0.0247569 0.0083622 0.0146359 0.0190264 0.0107249 0.0205445 -0.00595734 0.0339714 0.00223748 0.01574 -0.00617405 0.0200447 0.0181062 -0.00848353 -0.0133943 0.0383456 0.0266642 -0.0188273 -0.00382722 0.0116373 0.00992287 0.00785407 0.0131516 0.0082667 0.0183299 -0.0187928 0.0155085 0.0176802 0.0282212 0.0351795 -0.00175724
internal_weight=4690.55 2061.01 1820.71 2629.54 2065.59 529.33 1291.38 419.064 310.113 135.843 318.307 228.533 190.8 89.774 1978.13 174.27 68.0993 165.276 108.647 1071.08 240.304 872.312 907.053 510.828 354.738 66.543 396.225 153.79 146.815 107.492 725.497 87.4599 1045.64 516.539 467.005 326.646 265.54 89.2933 176.246 529.099 203.091 326.009 70.3923 56.4435 92.5847 255.616 140.359 69.6754 149.147 79.638 60.9089 108.951 288.195 236.576 206.903 150.816 56.0872 563.947 525.776 199.405 100.109 668.909
internal_count=43711 22433 18386 21278 17649 5044 13342 4598 3539 1676 2866 2041 1741 825 16569 1863 626 1543 1139 9369 4047 8744 7200 4381 2941 602 2819 1262 1580 1208 7164 1080 8852 4596 4227 3097 2631 850 1781 4256 1826 2430 534 513 738 1896 1130 784 2200 846 646 1059 2339 1972 1796 1287 509 3629 3347 1332 871 6630
is_linear=0
shrinkage=0.05


Tree=68
num_leaves=63
num_cat=0
split_feature=29 23 29 41 11 12 22 1 11 34 1 13 14 32 12 23 22 1 41 1 12 11 14 37 1 16 0 23 21 29 39 1 18 21 37 23 11 29 41 11 22 10 1 34 10 6 18 21 7 1 31 11 14 10 11 11 18 12 18 40 42 34
split_gain=84.2914 66.6442 45.3667 25.9237 27.6361 45.0652 78.8177 74.062 67.2702 58.8146 42.6757 28.7721 27.6811 37.4979 37.1227 27.6412 27.1494 25.9293 25.7497 25.5926 23.2076 37.604 29.7778 27.3283 22.4629 43.077 21.2405 19.8114 19.463 19.303 18.537 32.6672 17.7193 17.3766 25.7178 16.1982 15.8473 15.3272 15.1323 15.1278 14.8553 17.2881 14.8235 34.2731 30.5381 23.4742 35.8253 27.9654 29.9666 24.371 21.5872 20.9602 22.5175 21.5408 20.3749 18.9715 18.459 22.1067 18.0068 26.0817 15.7729 14.4595
threshold=0.21046336914226302 5.9069273771508151 0.5481127322933802 0.089118621510165863 1.5000000000000002 24.500000000000004 1.0000000180025095e-35 39.500000000000007 2.5000000000000004 0.54378927826394996 27.500000000000004 0.023024412356533897 0.0078838667581561783 0.1292483922957384 13.500000000000002 5.0204205812113356 1.0000000180025095e-35 72.500000000000014 0.032492166333564755 59.500000000000007 31.500000000000004 3.5000000000000004 -0.031259040487625185 2.4163659861123836 9.5000000000000018 -0.04007249568998391 0.0055245826768997751 3.541683437125497 0.00094344563536411202 0.067206739156221121 0.040609215430151425 46.500000000000007 -0.0070507878909625279 0.00074060219793037406 33.300443374123397 6.2923558659741294 1.5000000000000002 0.33962700681310926 0.039528585160474812 1.0000000180025095e-35 1.0000000180025095e-35 0.17582768893510584 19.500000000000004 0.36062131965202765 0.467357392444817 0.22960863628437561 -0.00080186657620123769 0.0010211601010804996 0.35850071715915338 64.500000000000014 0.099273721095261905 1.5000000000000002 -0.031259040487625185 0.24983649512323494 2.5000000000000004 2.5000000000000004 0.0020608631125936809 24.500000000000004 0.0013603590692775616 0.041731174414670731 0.0015637828827403581 -0.13868799916323618
decision_type=2 2 2 10 2 2 2 2 2 10 2 2 2 10 2 2 2 2 10 2 2 2 2 8 2 10 2 2 10 2 10 2 10 10 10 2 2 2 8 2 2 10 2 10 10 10 10 10 10 2 10 2 2 10 2 2 10 2 10 10 10 10
left_child=29 2 3 4 11 6 9 8 -8 17 -11 12 14 -14 16 18 -2 33 20 24 21 23 -22 -7 25 -16 -26 -20 -12 -1 -5 -32 -10 34 -6 -3 -4 -34 -35 -21 -28 -42 43 50 45 46 47 48 60 58 61 53 54 -48 -53 -51 57 -54 59 -47 -44 -31
right_child=1 35 36 30 5 15 7 -9 32 10 28 -13 13 -15 19 -17 -18 -19 27 39 22 -23 -24 -25 26 -27 40 -29 -30 42 31 -33 37 38 -36 -37 -38 -39 -40 -41 41 -43 44 -45 -46 49 51 -49 -50 55 -52 52 56 -55 -56 -57 -58 -59 -60 -61 -62 -63
leaf_value=0.02261247323696321 -0.015699000755117553 -0.018718874542924837 -0.031562186875948119 0.042690176036826809 0.047485564311528804 0.034315105322173793 -0.05369738447185185 -0.048715455911152047 0.044653851968414378 -0.048178733938243887 -0.01386812181047083 -0.023613980938561416 0.032382070741540141 -0.022092981390453768 0.026274817505097192 -0.041840913232637909 0.039336888297069217 -0.018520293748739203 0.016351445691193945 -0.015869415747498821 0.057132753809406057 -0.040344925032309679 -0.004009749030959543 -0.030674799396713477 0.010921288511048352 -0.039603466927828859 -0.044182161127045372 -0.033713909385647819 0.049750487647033596 0.011495630321251352 -0.043755386327095178 0.023659475702552151 0.035135631382766083 -0.011097839015751315 -0.0066861729543875705 -0.042095606939490882 -0.010275740729965246 -0.011949234161198096 0.029363110673269952 0.023867607382823133 -0.037597769287438597 0.0096241292260021774 0.0029417304141922218 -0.039830972525294925 0.037640495399028369 0.043163891438793178 -0.035608839698213601 -0.012648222743841251 -0.0024485740395037807 0.017735293083743296 0.033166835648981804 0.040554382535569894 0.025511890504824698 0.0085122072118488084 -0.0012223286637594857 -0.036902674639504293 -0.040541297095543223 -0.02413337366934731 0.046702392038155675 -0.012859146857871219 0.041252885513986495 -0.0087428976250758812
leaf_weight=213.28920328617096 34.678109228610992 278.283816434443 146.26901241950691 56.994828961789608 224.29043051414192 54.500320337712765 34.713093649595976 87.38017462939024 59.795607961714268 44.586477175354958 22.797895066440105 216.95136421360075 106.16775705851614 44.971360944211483 60.228456038981676 57.660536788403988 63.331965044140816 24.498190920799971 25.14191473275423 39.617212850600481 41.051395803689957 50.734615549445152 38.673375625163317 23.002858027815819 29.656715910881758 42.201254738494754 136.62223959900439 92.3042376562953 25.434727974236012 148.52379837632179 24.040050435811281 71.163999978452921 29.682577151805162 30.843747742474079 24.281172879040241 100.99831270240247 217.37931359373033 41.377677610144019 92.143533006310463 60.568696662783623 44.25242399610579 34.486914629116654 33.038595251739025 50.285459786653519 90.403198214247823 40.197468172758818 98.885558687150478 72.402927652001381 82.163688603788614 38.108086954802275 54.621021203696728 51.346124269068241 42.963639345020056 38.408677820116282 67.622476443648338 27.246595192700624 42.032879821956158 46.904013995081186 87.467761186882854 42.997118756175041 143.79774281196296 217.48703943938017
leaf_count=1381 328 3500 1479 760 2824 437 478 1019 401 480 226 2054 904 474 365 694 384 140 199 396 195 648 218 239 232 479 1720 1014 315 981 212 727 194 213 230 2268 1919 287 1124 361 660 248 215 355 1192 291 735 529 516 337 478 431 422 231 414 149 295 332 672 325 982 1535
internal_value=-0.0002245 -0.00538652 -0.0024827 0.00023201 -0.0012541 0.00399268 0.0111842 -0.0114734 0.0081814 0.0229075 -0.0129165 -0.00771339 -0.00276256 0.016173 -0.00800758 -0.00993397 0.019864 0.0313031 -0.00428025 -0.0141101 0.0062896 -0.00688025 0.0274734 0.0150262 -0.0205299 -0.000867173 -0.0287499 -0.0229963 0.0196802 0.00852835 0.0201377 0.0066365 0.0245964 0.0345881 0.0421939 -0.0249438 -0.0188377 0.00771858 0.019216 0.00815412 -0.0342129 -0.0169151 0.00654801 -0.000818412 0.00986447 0.00723671 0.00274856 0.0148228 0.0225022 0.0209202 0.00384544 -0.00756006 0.00103527 -0.0232658 0.0168082 -0.00504347 -0.0131913 -0.000399125 0.0308629 0.0142097 0.0340952 -0.000530291
internal_weight=4663.95 2933.76 2554.48 2190.83 2038.63 1124.89 741.825 252.949 165.569 488.876 92.8191 913.734 696.783 151.139 545.644 383.069 98.0101 396.057 325.409 447.634 207.963 128.238 79.7248 77.5032 347.448 102.43 245.018 117.446 48.2326 1730.19 152.199 95.2041 130.856 371.559 248.572 379.282 363.648 71.0603 122.987 100.186 215.362 78.7393 1516.9 470.917 1045.99 955.583 719.566 331.403 259 236.017 420.632 388.163 250.869 137.294 118.969 65.3547 131.901 89.8677 170.662 83.1946 176.836 366.011
internal_count=43843 31045 25277 21879 20180 11575 7931 2379 1360 5552 1021 8605 6551 1378 5173 3644 712 4531 2950 4461 1737 1324 413 676 3704 844 2860 1213 541 12798 1699 939 882 4391 3054 5768 3398 481 1337 757 2628 908 11417 3349 8068 6876 5102 2242 1713 1774 2994 2860 1894 966 845 486 1049 754 1288 616 1197 2516
is_linear=0
shrinkage=0.05


Tree=69
num_leaves=63
num_cat=0
split_feature=29 22 0 26 29 4 1 34 41 11 12 12 40 4 10 21 4 10 0 20 26 7 22 35 36 7 10 1 1 9 12 20 10 29 21 17 7 10 27 7 34 12 34 1 18 7 16 1 12 37 26 41 21 11 16 12 36 11 21 1 36 26
split_gain=78.1978 33.048 30.3309 30.285 29.8424 35.6101 27.3625 23.9083 35.6545 23.384 23.4787 22.9556 32.5921 38.0188 28.6285 31.0793 28.5973 30.9379 25.5061 25.1919 24.4513 31.8336 22.5183 29.8897 21.9681 33.4303 21.1028 22.9058 20.8214 20.8125 20.2863 22.4826 20.9689 20.2283 19.5599 28.869 18.9715 20.4814 18.1686 18.1806 18.0352 17.4494 17.161 26.506 22.3099 28.9771 21.1584 39.2427 16.0908 23.1136 16.4907 16.0146 16.7556 63.8497 44.0994 21.0079 16.0635 15.7096 31.1746 15.5457 15.3685 17.2389
threshold=0.45968303832328578 1.0000000180025095e-35 0.050579316332719733 0.020183877320390991 0.11356162398240797 648.10000000000014 32.500000000000007 1.290231945859325 0.089118621510165863 1.5000000000000002 26.500000000000004 13.500000000000002 0.041532365398676059 225.02500000000003 0.32332063588653687 0.0010195018299908834 98.375000000000014 0.21098101627176716 0.0039990106498227467 30.662045646611251 0.015743468713991033 0.70403404415574011 1.0000000180025095e-35 -0.01431173573088451 78.513876612331259 0.19480869582969318 0.58298339701689406 67.500000000000014 62.500000000000007 0.13663176755234083 19.500000000000004 45.538177027792251 0.12042656601382898 0.20590122573565306 0.001117208216489238 0.00075887491145492476 0.13241523543969932 0.38609157790822507 1.6346013794285226 0.047719058050383331 0.38406066367092989 18.500000000000004 -0.28252699887917615 34.500000000000007 0.0015662271537487673 0.16322953106743635 -0.01984039524809424 36.500000000000007 21.500000000000004 -27.018731946269771 -0.0020181657116088141 0.04670226720071409 0.00074060219793037406 2.5000000000000004 -0.0045391127649920303 24.500000000000004 57.670218113381345 3.5000000000000004 0.00063777209433832913 9.5000000000000018 16.685722335340099 -0.010898982924408733
decision_type=2 2 2 2 2 2 2 10 10 2 2 2 10 2 10 8 2 10 2 8 2 8 2 10 8 10 10 2 2 10 2 10 10 2 8 10 10 10 8 10 10 2 8 2 8 10 10 2 2 10 2 10 10 2 10 2 10 2 10 2 10 2
left_child=4 9 -3 6 -1 7 -4 8 11 24 26 42 14 38 15 16 20 18 -18 -16 21 48 30 33 25 34 27 51 -27 -19 32 -32 -20 -24 35 -2 -10 -38 39 40 -14 -35 43 -6 46 -46 47 -44 49 -13 -50 52 53 -11 -54 56 -55 -41 -59 -33 -23 -62
right_child=1 2 3 -5 5 -7 -8 -9 36 10 -12 12 13 -15 19 -17 17 29 22 -21 -22 60 23 -25 -26 28 -28 -29 -30 -31 31 59 -34 41 -36 -37 37 -39 -40 57 -42 -43 44 -45 45 -47 -48 -49 50 -51 -52 -53 54 55 -56 -57 -58 58 -60 -61 61 -63
leaf_value=0.012232185657575867 0.015041411970752342 -0.046118312099341786 0.029753955905398741 -0.05420898220611238 0.029112526151781844 -0.041133931868493678 -0.030606248993957585 -0.04615405206548745 0.045809318324822268 0.054788700499239888 -0.026682194499210943 0.045810812558426041 0.04616724244380279 -0.032450566418242871 -0.01701177537631168 0.01975785666601429 -0.04687150017387548 0.031053320347744141 0.045249818255056799 0.033859182193101516 0.036500991572628941 0.0014305967321840058 0.017460840090087023 -0.039487758744579438 -0.055890126018225419 -0.042653838557626902 -0.035709137213901239 -0.022472160071780028 0.002297780641692559 -0.015825621689427853 0.021780626833744848 0.014532056665918548 -0.0085334749701375095 -0.0019666551856806539 0.037259911155306129 -0.03494987467386685 0.041246045786398733 -0.025379701559731918 -0.037734564030325858 -0.0090865288144146485 -0.0096825564851339713 -0.051436567212604846 -0.028363297796075146 -0.029065120007391296 -0.034990723159906652 0.011548939458264596 0.037052510431944151 0.034274220193565935 -0.037892432585703809 -0.0087981859956854543 -0.0048150800268445954 0.028279675967164044 0.019742487556457043 0.03665222543576882 -0.064423395423319915 -0.038497144318201677 -0.018199264178674842 -0.040810795477711576 0.037880527791527764 -0.031189637249208743 0.00088028803695769169 0.048558444774480403
leaf_weight=756.60447036847472 66.750471048057079 121.28610777296126 48.228733029216528 28.070314206182957 29.218516618013382 49.148146789520979 30.744568943977356 25.751994835212827 69.845731064677238 58.251047700643539 72.565765380859375 28.000848088413477 36.744550000876188 150.84826286882162 30.497134529054165 180.81034187413752 54.353278692811728 69.988353006541729 42.24963641166687 120.47674829140306 60.544569002464414 62.333403132855892 57.616935402154922 116.98570512980223 34.016547406092286 102.00382286123931 30.671650975942612 54.824444510042667 34.464828386902809 35.779695324599743 41.245663503184915 23.619794979691505 31.735113266855478 43.883309088647366 32.450445767492056 50.900858599692583 20.981286227703094 25.620181433856487 37.112650092691183 366.43871591612697 23.829097252339125 30.019098788499832 44.115084109827876 59.338442593812943 41.849274080246687 166.57373861595988 140.94013158977032 57.724316094070673 64.135130783542991 62.911936836317182 91.351049164310098 107.20567034184933 35.654885277152061 26.459416292607784 27.618771061301231 41.332877852022648 26.93540221080184 16.988239750266075 48.569432025775313 87.322518512606621 27.440518468618393 61.336654642596841
leaf_count=5022 447 2717 275 243 279 1078 309 206 1183 518 651 242 300 1517 217 1293 702 538 296 1381 578 398 351 1422 234 1652 322 334 226 356 325 183 305 385 197 509 195 255 250 3448 209 484 438 493 378 1345 1318 599 646 603 906 1156 289 216 183 531 195 137 661 956 224 529
internal_value=-7.30057e-05 -0.0122153 -0.0289982 -0.00960023 0.0034094 0.00105584 0.00625553 0.00179981 0.00224702 -0.00743785 -0.000471921 0.00105489 -0.00130376 -0.0103052 0.0029961 0.000555818 -0.00262112 -0.00949168 -0.0144272 0.0235831 0.00690052 0.00239208 -0.0107122 -0.0211016 -0.0179006 -0.0133912 0.00417889 0.00741306 -0.0313014 0.0151949 0.000703093 -0.00973768 0.0221799 -0.00474715 0.00289233 -0.0065869 0.0293244 0.00461708 -0.0039984 -0.00145656 0.0241965 -0.0220613 0.0102541 -0.00986997 0.0142038 0.00220424 0.0245053 0.00714072 -0.00868862 0.00802121 -0.0184589 0.0124785 0.0046451 0.013596 -0.0169957 -0.0117347 0.00898199 -0.00505357 0.0174889 -0.0214554 0.0204601 0.0338214
internal_weight=4623.32 1030.44 228.33 107.044 3592.88 2836.28 78.9733 2787.13 2761.38 802.107 481.52 2644.93 2105.17 680.531 1424.64 1273.66 1092.85 634.799 529.031 150.974 458.054 397.51 474.678 248.505 320.587 286.57 408.954 378.283 136.469 105.768 226.173 152.188 73.9847 131.519 150.102 117.651 116.447 46.6015 529.683 492.57 60.5736 73.9024 539.76 88.557 451.203 208.423 242.78 101.839 246.399 90.9128 155.486 323.458 216.252 152.979 63.2737 94.7277 53.3948 431.996 65.5577 110.942 151.111 88.7772
internal_count=43835 11204 3544 827 32631 27609 584 26531 26325 7660 4395 24692 19842 6522 13320 11722 10429 6303 5409 1598 4126 3548 4707 2642 3265 3031 3744 3422 1878 894 2065 1464 601 1220 1153 956 1633 450 5005 4755 509 869 4850 772 4078 1723 2355 1037 2397 845 1552 3088 1932 1460 472 942 411 4246 798 1139 1151 753
is_linear=0
shrinkage=0.05


Tree=70
num_leaves=63
num_cat=0
split_feature=29 4 4 12 29 12 11 37 41 21 21 10 29 41 12 11 21 16 1 11 14 40 34 20 40 4 21 11 32 21 20 18 12 41 22 21 4 34 11 7 14 37 12 40 6 11 11 7 21 37 21 43 4 20 4 11 7 1 21 37 18 34
split_gain=77.9566 51.4919 29.2778 29.6124 21.6734 20.4864 23.697 40.8795 20.7645 23.4352 23.0247 19.3659 19.1286 20.1068 19.0956 17.8637 23.2614 20.5623 17.8541 20.5372 16.8218 17.3546 19.822 16.3681 16.2572 30.6739 21.7325 21.6241 16.2316 37.9518 20.1896 18.6609 20.4628 28.3288 30.3473 43.6148 31.8206 23.7808 34.6604 20.4761 20.3385 15.8397 15.5134 15.3929 15.2286 19.5651 23.8604 36.0655 32.9354 29.6336 15.1128 19.1836 15.1096 15.0912 15.0306 15.0083 22.4219 21.7162 21.1451 20.7328 16.8004 14.9782
threshold=0.32098814571882167 98.375000000000014 476.47500000000008 13.500000000000002 0.069311114718295611 24.500000000000004 3.5000000000000004 20.546666422306924 0.080441358379491762 0.0016723951175247962 0.0014390624818419061 0.39059569480670325 0.5481127322933802 0.086881954587912077 32.500000000000007 1.5000000000000002 0.00036269713125871179 -0.012208580084841254 21.500000000000004 2.5000000000000004 -0.31852715262510056 0.061300448381250462 0.044467679562974156 42.944453479736339 0.033770979024327054 18.675000000000001 0.00064858103451909024 3.5000000000000004 -0.21939090970271038 0.0010312531769764515 58.550254245846361 0.0081293932136566899 13.500000000000002 0.035329445827806297 1.0000000180025095e-35 0.00052171852292526852 67.475000000000009 -0.15194684870410621 1.0000000180025095e-35 0.9301053758847756 -0.029072270146285235 -97.622346996659047 21.500000000000004 0.040942388483397062 0.32228659289970069 1.5000000000000002 1.0000000180025095e-35 0.36801981937685491 0.00090617932838173469 -11.296972748488489 0.00053526076131943021 2.7571017826301722 414.0750000000001 49.533179070652295 180.97500000000002 1.5000000000000002 0.33676635147246786 16.500000000000004 0.00048118012480803581 15.293891368293604 0.0023093248869168197 0.24178076022338316
decision_type=2 2 2 2 2 2 2 10 10 10 10 10 2 10 2 2 10 8 2 2 2 10 8 8 10 2 8 2 8 10 10 10 2 8 2 8 2 10 2 10 2 10 2 10 10 2 2 8 10 8 10 8 2 8 2 2 8 2 10 10 10 10
left_child=4 11 3 20 -1 6 8 -8 9 28 43 24 13 15 41 16 17 -5 61 -20 -3 22 53 -24 25 -2 -26 -28 29 30 -6 32 39 34 36 -36 42 -37 -39 54 -40 -7 -34 -10 45 46 47 -35 -49 -48 -51 -52 -38 -22 -30 57 59 -43 -59 -57 -58 -13
right_child=1 2 -4 12 5 14 7 -9 10 -11 -12 18 -14 -15 -16 -17 -18 -19 19 -21 21 -23 23 -25 26 -27 27 -29 31 -31 -32 -33 33 44 35 37 52 38 40 -41 -42 55 -44 -45 -46 -47 49 48 -50 50 51 -53 -54 -55 -56 56 60 58 -60 -61 -62 -63
leaf_value=0.020004788931866947 0.066639243313097826 0.044409989381487436 -0.039197597852289545 0.040016180441695644 -0.011033955242934273 -0.042075200739182687 0.036666832022634287 -0.040072074569806382 0.045971909482195664 -0.038645755379644188 0.054769845202637203 0.019578775890090244 -0.032059646163715053 0.017363977054333898 0.033876304107753663 -0.0071635949719664862 -0.030883980656038292 -0.027810981340966819 0.0020534016399160345 0.04540669307539949 -0.029605684768670315 -0.030722333351825927 0.0469383307138709 0.0013115142219431988 -0.028091396708338941 0.0029682793045314616 -0.0066170783355577857 0.034782460999496653 0.034926295238939711 0.048913254337904263 0.029264724052863803 -0.035635181226756012 0.018010598097160838 0.029634064740898705 -0.04912376543128591 0.043267097117897668 0.046374281321175374 0.041868652682823526 0.00535108611793772 -0.03010697080087707 -0.048193433617405787 -0.022563667478920971 -0.02449651259270947 -0.0081166282959699056 -0.038189219124406676 0.0097950170066534448 0.013142412565428791 -0.043080407913855021 0.019396065846696751 -0.0036767186259977105 -0.052708968620264231 -0.0025630957960580698 0.00419789944021261 0.0055615780286302641 0.010571580258314525 -0.035079109104283711 -0.0068109531752840388 0.0021139498507926333 0.052536489669802677 0.0076240489770869127 0.026097591929475368 -0.039641320740316725
leaf_weight=244.22187713161111 20.358866263180971 22.170399494469166 104.85134697519243 24.001374065876007 90.50138758867979 29.471647497266531 126.82813336513937 20.105792144313455 18.487516371533275 31.966415764763951 43.044165084138513 21.779505927115679 156.31306072697043 51.613821778446436 31.076293453574181 322.25912687182426 231.33506777882576 20.907338047400117 44.923296026885509 69.702491480857134 47.490787615999579 41.150962056592107 40.249950800091028 38.417251089587808 101.39355412311852 266.87834079563618 225.98187717050314 36.658453330397606 89.479680286720395 65.999657049775124 47.337196461856365 31.215146537870169 47.549794774502516 68.927601424977183 43.295436905696988 36.114034123718739 104.94961935095489 29.150428296998143 33.65455218218267 24.182092543691397 37.49195684120059 33.954100988805294 39.127255149185658 45.592637903988361 38.274884700775146 147.73383778147399 42.404100745916367 53.837957195937634 34.684405725449324 31.871429339051247 93.626790311187506 23.951026681810617 26.621582005172968 85.298365857452154 216.94654460437596 111.44412857107818 161.9582407772541 46.171212889254093 37.826478276401758 38.15489480830729 50.994556289166212 20.945885308086872
leaf_count=1562 250 154 2353 189 668 183 1402 183 396 282 681 174 1746 458 168 3547 2993 325 469 874 541 428 356 362 1072 2724 1992 392 981 513 400 233 478 547 497 236 912 156 240 159 357 218 309 370 279 1582 249 523 214 172 804 201 191 780 1696 930 1177 292 225 360 344 227
internal_value=7.89333e-05 -0.00733809 -0.0139713 -0.0115249 0.00583507 0.00434731 0.00693078 0.0261662 0.00520531 0.00371615 0.0264867 0.00239124 -0.0163551 -0.0125791 -0.00417567 -0.0151613 -0.0244913 0.00843911 0.0181333 0.028416 0.0026508 -0.00101425 0.00476716 0.0246564 -0.00141214 0.00748116 -0.00842931 -0.00083867 0.00461957 0.0177346 0.00280561 0.00255536 0.00349859 -0.000288058 0.00981535 -0.00540089 0.0223444 0.0084763 -0.00405086 0.0141878 -0.0228652 -0.00649444 -0.00117772 0.00748825 -0.007799 -0.00545877 -0.0119102 0.00251499 -0.0186012 -0.0237486 -0.0342159 -0.0424941 0.0378405 -0.00701566 0.0176834 -0.00431209 -0.00935238 0.0111804 0.0248206 -0.0241878 0.00106946 -0.00945355
internal_weight=4564.91 1994.68 1186.06 1081.21 2570.23 2326 1784.95 146.934 1638.02 1530.89 107.124 808.622 806.43 650.117 541.052 598.503 276.244 44.9087 157.351 114.626 274.778 252.607 211.456 78.6672 651.271 287.237 364.034 262.64 1498.93 203.838 137.839 1295.09 1263.88 933.267 397.955 179.706 218.248 136.411 100.297 330.608 71.1465 509.975 86.677 64.0802 535.312 497.037 349.303 157.45 88.5224 191.853 149.449 117.578 131.571 132.789 306.426 480.504 362.552 117.952 83.9977 149.599 212.953 42.7254
internal_count=43776 22406 14232 11879 21370 19808 15911 1585 14326 12879 1447 8174 9258 7512 3897 7054 3507 514 1744 1343 2621 2467 2039 718 6430 2974 3456 2384 12597 1581 1068 11016 10783 7947 3376 1486 1890 989 753 2836 597 3729 787 766 4571 4292 2710 1284 737 1426 1177 1005 1103 1321 2677 3546 2811 735 517 1290 1521 401
is_linear=0
shrinkage=0.05


Tree=71
num_leaves=63
num_cat=0
split_feature=29 22 1 18 41 29 4 11 2 10 17 41 34 41 4 10 17 1 37 29 24 10 37 17 18 32 20 9 32 34 1 11 14 11 34 37 11 4 10 18 34 9 20 29 22 18 5 11 37 1 1 29 10 20 31 20 10 34 8 31 14 37
split_gain=68.7177 35.0841 35.183 35.0519 45.9424 25.4394 28.5091 25.3969 25.3071 32.2973 26.4528 27.9872 21.5181 28.5119 20.0113 19.6106 30.7514 52.1047 25.698 18.5083 17.5711 27.4326 27.0186 25.4651 21.0199 22.8114 16.5927 27.8575 22.7741 15.263 15.1921 23.6786 16.4249 13.9405 14.6432 18.2967 21.0668 19.8088 15.7054 14.7218 13.0916 19.9806 12.8597 12.2959 16.6043 11.9721 25.5125 14.1047 31.6145 19.8314 17.048 13.3803 15.086 11.9363 14.7009 13.3694 11.8926 11.5955 11.4096 10.8206 12.1283 10.5086
threshold=0.41480574381557073 1.0000000180025095e-35 42.500000000000007 -0.0078374599564886554 0.042768359334235846 0.10935726490855696 623.07500000000016 1.5000000000000002 0.75524490340188999 0.45762827527190536 -0.17761711129704019 0.03693636385777898 1.290231945859325 0.10456164763761995 18.675000000000001 0.5674835806952826 0.030187679082270939 67.500000000000014 42.787658608120985 0.55669641067268916 0.00032900148940958631 0.2526175846701853 -11.296972748488489 -0.0047554602276722192 0.0013802648079579429 0.24900406390834964 42.254081081229096 0.13132545512159896 0.010836196065281968 -0.090322017087080916 22.500000000000004 1.0000000180025095e-35 0.037198815877625573 1.0000000180025095e-35 -0.0033268171293804878 -40.314884373895147 3.5000000000000004 154.57500000000002 0.082568807339449532 -0.0073964915476310558 0.33333333333333343 0.3973118603251054 48.7410908475916 0.18642260477297054 1.0000000180025095e-35 0.0036028559410987708 0.10999999999999997 1.0000000180025095e-35 -26.538950336737695 19.500000000000004 41.500000000000007 0.078062083359420789 0.12843700551410911 60.00120786695792 0.029304216796483765 50.664094420692912 0.16052210884353743 -0.20257895054859512 0.011436538397429358 0.1573467136112148 0.052395907952120381 -0.29988380722005398
decision_type=2 2 2 8 10 2 2 2 10 8 10 10 10 10 2 10 10 2 10 2 2 10 8 10 10 10 8 8 10 8 2 2 2 2 10 10 2 2 8 8 10 10 10 2 2 10 8 2 10 2 2 2 10 10 8 10 8 8 10 10 2 8
left_child=5 7 3 -3 -5 45 12 8 9 10 -2 42 13 14 29 16 17 18 26 -11 21 22 23 33 25 30 -9 -28 -29 -7 31 -23 61 57 35 36 37 -35 -38 -39 -27 -42 58 -37 56 47 -47 48 -1 51 -50 -49 -53 54 55 -24 -45 -16 -12 60 -56 -32
right_child=1 2 -4 4 -6 6 -8 15 -10 19 11 -13 -14 -15 20 -17 -18 -19 -20 -21 -22 24 53 -25 -26 40 27 28 -30 -31 32 -33 -34 34 -36 43 38 39 -40 -41 41 -43 -44 44 -46 46 -48 49 50 -51 -52 52 -54 -55 59 -57 -58 -59 -60 -61 -62 -63
leaf_value=-0.037112246097804565 0.036978978798588691 0.030208624333197667 -0.051294078066686469 -0.041614366242271224 0.012537640379997869 0.010482228502190938 -0.034392805729256029 0.026804665133356883 -0.048435605321428626 0.020405647446330725 0.038238567547576791 -0.042128878265420028 -0.045222751915862544 0.041516728582015661 -0.036539412984256996 -0.030062826575688345 0.035848641384317717 -0.045259696564662028 -0.04657764926326443 -0.019910802025713568 0.0073008668853423095 0.037537302572866062 -0.029500297332950877 -0.020616794773966159 -0.021730530826947009 0.023617763807009664 0.0098765225870871623 -0.002186957979112625 -0.064774470943610482 0.062637950547865848 0.028395658804024344 -0.029836152378385623 0.048067609603069661 0.027952105825226378 -0.024961892358969499 0.037937004818134883 -0.058144390330532883 0.01415352882932961 -0.0050470552103020387 -0.032808533705269483 -0.030258328971773652 0.018042698013483863 -0.025392575589367208 0.012672617107345643 -0.016986851435062556 0.0024886462000061247 0.058619725781312672 0.014120957006437724 -0.0028586862997360607 0.021414555586232377 0.041843658279982016 0.0044346551783543547 -0.040232036282370716 -0.037476664373789687 -0.0020356875961999184 -0.0037151172510909492 0.04932226341628395 0.00027356777445782481 -0.010406223487971539 -0.025800066567647856 0.035781056998340263 -0.01561823862481539
leaf_weight=47.045771218836308 17.839729137718678 37.753599815070629 86.605302816256881 113.66933743096888 59.758604157716036 35.38340468890965 53.178659094497561 94.130266606807709 48.497202636674047 100.06580353155732 22.466393990442157 121.57138442248106 23.290024006739259 47.278969183564186 32.381527673453093 45.604407649487257 66.937243584543467 56.955856043845415 22.471216794103384 39.785373464226723 852.34875859133899 24.806897073984146 145.71312163025141 115.81450927071273 45.503468472510576 35.888660412281752 269.0415117777884 35.567610438913107 24.578842345625162 23.240951154381037 41.460850575938821 27.496327787637711 83.085008896887302 77.05492658354342 30.030482120811939 72.565669424831867 22.061290320008993 33.476130155846477 37.76852835714817 33.276938950642943 56.748545449227095 34.383692000061274 43.131194612011313 86.375408345833421 35.552633790299296 40.291498553007841 40.684584870934486 79.063360724598169 59.291132088750601 321.98967922478914 33.310616981238127 43.032484322786331 33.713579136878252 53.035315031185746 105.46932542137802 76.748300917446613 29.761770915240049 63.022506034001708 26.009096693247557 34.7292819917202 26.536012569442391 20.153366450220346
leaf_count=243 98 195 1854 2234 394 377 1054 873 419 711 148 1855 184 870 337 486 667 339 164 233 7788 289 1289 1192 364 307 2825 305 173 215 400 197 989 543 263 512 263 241 284 328 564 338 644 883 327 220 283 458 421 2232 307 259 212 600 982 759 219 618 289 272 204 207
internal_value=0.000213566 -0.00933347 -0.0244568 -0.0134508 -0.022955 0.00417146 0.00182759 -0.00498079 -0.0144695 -0.0100278 -0.0215081 -0.0264026 0.0026098 0.00306653 0.0023065 0.00148648 0.00401207 -0.00022676 0.00552683 0.00893628 0.00158157 -0.00171024 -0.00563428 0.000703497 0.0100916 0.0145604 0.00829272 0.00299928 -0.0277633 0.0311588 0.0252131 0.0021184 0.033561 0.00516595 0.00878842 0.0111571 0.000307041 0.0106801 -0.0246258 -0.00925744 -0.00196134 -0.0120346 -0.00553219 0.0210096 0.0129118 0.0126138 0.0306904 0.0102431 -0.00373534 0.0143286 0.0132216 -0.000315009 -0.0151869 -0.015224 -0.0121917 -0.0206045 0.0220646 -0.0122213 0.0121386 -0.000967009 0.00556632 0.0139992
internal_weight=4546.48 1332.44 297.787 211.182 173.428 3214.04 2515.62 1034.65 419.366 370.869 231.018 213.178 2462.44 2439.15 2391.87 615.287 569.683 502.745 445.789 139.851 2333.25 1480.9 1111.37 669.142 369.527 324.023 423.318 329.188 60.1465 58.6244 197.002 52.3032 144.699 553.328 457.924 427.893 203.638 143.808 59.8298 66.7531 127.021 91.1322 91.6067 224.255 151.69 698.423 80.9761 617.447 139.648 477.799 92.6017 155.809 76.7461 442.231 389.196 222.461 116.137 95.404 48.4755 166.735 132.005 61.6142
internal_count=43800 14906 4677 2823 2628 28894 24259 10229 4397 3978 3034 2936 23205 23021 22151 5832 5346 4679 4340 944 21559 13771 10116 6010 3655 3291 4176 3303 478 592 2082 486 1596 4818 3863 3600 1659 1112 547 569 1209 902 1081 1941 1429 4635 503 4132 971 3161 728 929 471 4106 3506 2048 1102 955 437 1458 1186 607
is_linear=0
shrinkage=0.05


Tree=72
num_leaves=63
num_cat=0
split_feature=29 23 29 18 34 5 18 11 29 34 11 11 2 7 12 21 1 18 14 12 1 1 1 12 23 12 36 21 9 1 18 21 21 40 1 6 32 11 34 1 37 19 19 16 11 23 21 21 1 39 17 41 7 1 41 17 21 41 23 7 25 32
split_gain=74.7702 46.6819 28.0959 19.7911 40.9118 29.0094 29.9634 22.4855 19.8505 19.745 32.2569 41.508 36.3719 31.4377 29.9139 28.0917 26.5406 24.2303 23.9093 34.3194 23.1998 22.7097 19.7806 22.5217 18.4182 18.1021 23.1663 23.1417 25.2346 21.3525 26.3688 23.5491 20.5757 18.4304 17.8912 36.9133 36.2339 47.3423 38.6329 32.113 42.3183 28.7407 27.2856 18.7323 17.2258 17.2227 18.0463 16.1434 15.6951 15.5213 15.5122 15.4063 15.2017 15.1933 15.1703 14.8329 14.6867 14.1833 13.8459 13.5967 13.5386 22.4899
threshold=0.23500150782096366 6.2097462977430711 0.51936631391710042 0.00076243254926022807 -0.016551094890510872 0.15886753241404353 0.0022119441635224395 1.5000000000000002 0.33538678105065922 -0.028823998582063078 1.0000000180025095e-35 1.5000000000000002 0.021327204701275564 0.020411523186818353 27.500000000000004 0.0010438115251357614 51.500000000000007 -0.0019602503657637489 0.21951765968047371 25.500000000000004 27.500000000000004 12.500000000000002 66.500000000000014 25.500000000000004 6.5759819243403106 19.500000000000004 21.570252767634852 0.00045643157867146912 0.040762570460677459 30.500000000000004 -0.00026137734745546032 0.0010211601010804996 0.00029948117179153807 0.011797512787794897 18.500000000000004 0.068921216799706794 -0.023837225820155013 2.5000000000000004 -0.26542059745629898 42.500000000000007 28.750442993781668 0.0007351649134564876 0.0012486582842661245 -0.024665077743621925 1.5000000000000002 5.1338848317352115 0.001117208216489238 0.00048905701451156739 64.500000000000014 0.031579437813440574 -0.028128148981689905 0.039084204528720724 0.13979664892961388 59.500000000000007 0.040890632943870756 -0.0096602799141251496 0.0010225345205602252 0.039693314315908786 5.4774045262047713 0.47401008117970339 607.50000000000011 0.026148696063305835
decision_type=2 2 2 10 10 10 10 2 2 8 2 2 8 10 2 10 2 8 2 2 2 2 2 2 2 2 10 8 8 2 10 10 10 8 2 10 8 2 8 2 10 10 10 10 2 2 8 10 2 8 10 10 8 2 10 10 10 10 2 8 2 10
left_child=24 2 3 9 5 7 57 8 -5 15 13 14 21 58 -12 17 -17 -2 19 -14 -20 -13 23 -23 25 26 -1 32 48 50 31 -31 -27 -34 35 -28 38 39 43 42 41 -41 -38 -36 45 46 49 -21 55 -4 -30 -46 -53 -19 -9 -29 -45 -7 -11 -39 -54 -62
right_child=1 -3 44 4 -6 6 -8 54 -10 10 11 12 18 -15 -16 16 -18 53 20 47 -22 22 -24 -25 -26 27 34 28 29 30 -32 -33 33 -35 36 -37 37 59 -40 40 -42 -43 -44 56 51 -47 -48 -49 -50 -51 -52 52 60 -55 -56 -57 -58 -59 -60 -61 61 -63
leaf_value=-0.017730819243741064 -0.025937827610493999 -0.035462166619494959 -0.0059405677950065874 -0.0039815895152427762 -0.02944630667241916 -0.050408752236696566 0.028252836638148274 -0.0077182740400982639 -0.047057452385314689 0.011180007040631445 -0.03903431787469766 -0.051140798430660363 0.039478047310110037 0.034917994884707926 0.010939997568357545 0.050199951288197854 -0.0045328554755308731 -0.0058782407386735033 -0.030583672451131055 0.0215232512190804 0.023901004465703309 0.035535807148799996 -0.039826853484422109 -0.030459363869651243 -0.032726911671280633 -0.01277572870759619 0.038766532521295319 0.023730212036363281 -0.0014438104965873667 0.044142622018105315 -0.021949196039216853 -0.0038019224097024136 -0.010772130886541722 0.025808960702157165 0.039340569439939632 -0.0057841172876381373 -0.038844156063870802 0.041945879084575088 0.044536703090050311 0.048923820710012528 -0.032209523378775945 -0.0092635378611753711 0.017529367666751582 -0.032583418550337417 -0.017851575359260515 -0.045360747476201183 0.011863884873733218 -0.037152762425302854 -0.021972663623205352 -0.044409739921525762 -0.036637955569221121 0.027738425717482074 -0.040188186504960963 0.028129509901304951 0.027042131780521089 -0.01040321141572222 0.014699170890625328 0.0073586697939451058 -0.036914104183532095 -0.0053960151013861674 0.014963502809875712 -0.039885332497605633
leaf_weight=58.800434911623597 155.98187605291605 124.60615979880095 49.153894264250994 47.425630236044526 170.613092020154 20.424928110092878 124.16295959241688 126.73501190729439 61.333250746130943 41.263059364631772 93.062215393409133 31.188944514840841 152.40031390823424 163.09032234735787 44.151272919028997 41.191039849072695 47.91211648657918 270.37389597855508 41.03883015923202 22.254032231867313 37.291512206196785 40.219764981418848 23.571639413014054 19.05101416260004 28.053520299494267 59.626288302242756 59.385645087808371 138.49696960300207 44.790691949427128 43.296889994293451 82.2257134988904 62.701533393934369 41.103796150535345 212.12796256504953 28.861964281648397 214.21501992642879 81.299401545897126 98.982249105349183 200.46351375617087 65.231718592345715 38.123901393264532 31.454813284799457 29.164706245064735 32.907559983432293 165.59505835361779 70.02874767780304 43.355656787753105 24.770012568682432 32.292293258011341 56.199278067797422 104.0221502520144 47.022780198603868 23.069643946364522 37.383518991991878 41.721137501299381 41.324616504833102 32.786273147910833 22.146970361471176 23.480945141986012 17.910719975829124 79.930669827386737 24.392732866108418
leaf_count=392 1735 2745 511 453 1964 222 1170 1399 915 324 1232 348 1816 1497 282 301 454 3130 430 174 328 507 160 176 368 512 492 855 296 288 583 482 330 1527 271 1625 653 1226 1763 439 401 202 205 203 1664 1107 266 267 223 627 724 472 140 277 528 283 233 254 271 101 749 222
internal_value=-0.00011882 -0.0055986 -0.00409993 -0.00123388 -0.00863631 -0.000638879 0.0158415 -0.0105512 -0.0282737 0.00223969 0.00748676 0.000712479 0.0090011 0.0232157 -0.0229541 -0.00494348 0.0207693 -0.00988395 0.0187624 0.0279563 -0.00464461 -0.0147753 -0.00108428 0.0143234 0.00748315 0.00809237 0.0127065 0.00279533 -0.00338825 -0.0118912 -0.000700954 0.0157819 0.0136492 0.0198712 0.0146293 0.0038857 0.0191021 0.00850582 0.0321102 -0.00397399 0.012403 0.0299939 -0.0239604 0.00576523 -0.0139701 -0.0249156 -0.0152878 -0.00938446 0.0101224 -0.0264614 -0.026045 -0.00692858 0.00344201 -0.00174729 0.000890754 0.015886 -0.00898577 -0.0203567 -0.00626246 0.034692 -0.00552618 0.00213883
internal_weight=4487.24 2607.59 2482.99 1924.24 614.563 443.95 166.735 277.215 108.759 1309.68 756.834 529 391.786 227.834 137.213 552.842 89.1032 463.739 277.755 199.424 78.3303 114.031 82.8424 59.2708 1879.65 1851.6 989.588 862.009 549.151 337.037 188.224 105.998 312.858 253.232 930.787 273.601 657.187 362.168 295.019 245.275 134.81 96.6865 110.464 94.5558 558.748 218.738 148.709 47.024 212.114 105.353 148.813 340.011 174.416 307.757 168.456 179.822 65.6938 42.5719 64.744 116.893 127.393 104.323
internal_count=43794 29117 26372 20614 6905 4941 1646 3295 1368 13709 7812 5720 4206 2092 1514 5897 755 5142 3015 2257 758 1191 843 683 14677 14309 8206 6103 3734 2373 1353 770 2369 1857 7814 2117 5697 3227 2470 1900 1042 641 858 707 5758 2511 1404 441 1361 1138 1020 3247 1583 3407 1927 1138 436 476 595 1327 1111 971
is_linear=0
shrinkage=0.05


Tree=73
num_leaves=63
num_cat=0
split_feature=29 4 12 0 22 10 22 18 7 11 41 29 26 11 14 22 1 41 12 7 10 22 26 37 27 10 41 17 0 21 14 21 21 21 7 21 10 37 18 40 10 1 11 37 21 21 21 10 6 34 18 7 21 12 0 34 6 22 1 18 34 18
split_gain=61.83 54.5383 26.8504 34.9621 31.8918 32.3266 30.2383 29.5802 27.5043 22.9054 21.8147 19.8364 19.6808 32.0548 32.3312 30.8073 35.3876 22.0171 21.9388 20.8688 17.785 25.6308 31.9666 17.7224 16.6541 18.1168 22.2641 17.1881 16.2516 23.1225 21.2418 30.9792 29.3937 29.3209 28.8122 25.3983 23.7892 26.3606 20.896 18.4998 19.4896 17.3093 24.9947 30.605 22.5 18.6627 21.5196 28.5419 23.4494 16.9642 16.5966 16.1714 15.7944 15.2271 22.6492 32.764 15.1182 21.0384 38.464 33.9109 20.2496 14.6661
threshold=0.26431420575001763 310.02500000000003 18.500000000000004 0.041315803556354135 1.0000000180025095e-35 0.5674835806952826 1.0000000180025095e-35 -0.0081017807388367707 0.54728761713002394 1.5000000000000002 0.022341457951260694 0.5481127322933802 0.020183877320390991 1.5000000000000002 -0.38543719979868329 1.0000000180025095e-35 43.500000000000007 0.042954416776443495 14.500000000000002 0.32484774740274991 0.48788499850143691 1.0000000180025095e-35 -0.0086787786212087544 -24.99216775972188 3.4305019305019311 0.25720831743982486 0.029542307145830136 -0.030294983600472843 0.026192781652016248 0.00048905701451156739 0.006768400912335863 0.0017223780046719309 0.0010937494334962137 0.0016723951175247962 0.35341559087544144 0.001315179386981932 0.28341906902935737 40.507081811803005 -0.0082220610274075217 0.036190436787678242 0.31999328164153384 28.500000000000004 2.5000000000000004 -0.93712440082496296 0.00074575894059003502 0.00058254321212568142 0.00074575894059003502 0.1818181818181818 0.19064192894972373 0.28040872546191326 0.0012574199219358431 0.46966028362251561 0.00065172652381213011 25.500000000000004 0.0049144085883491406 0.22612535388082891 0.53716487658438072 1.0000000180025095e-35 34.500000000000007 -0.0091042627995783203 -0.29366279178367066 -0.00014884959637379011
decision_type=2 2 2 2 2 10 2 8 10 2 8 2 2 2 2 2 2 10 2 10 10 2 2 10 10 8 10 10 2 8 2 10 10 8 8 10 10 10 10 10 10 2 2 8 10 10 10 10 10 8 10 10 8 2 2 10 10 2 2 8 10 10
left_child=28 2 3 6 5 7 -2 -4 11 -3 -11 24 13 14 -5 17 19 -16 23 -17 21 -12 -23 -19 25 26 27 -9 39 51 33 32 34 35 36 38 -32 -38 -31 40 -1 45 43 50 -44 -40 48 -48 -47 -34 -43 -30 -8 -27 -55 -56 57 59 60 -15 -59 -29
right_child=1 9 4 12 -6 -7 52 8 -10 10 20 -13 -14 56 15 16 -18 18 -20 -21 -22 22 -24 -25 -26 53 -28 61 29 30 31 -33 49 -35 -36 -37 37 -39 41 -41 -42 42 44 -45 -46 46 47 -49 -50 -51 -52 -53 -54 54 55 -57 -58 58 -60 -61 -62 -63
leaf_value=0.001915130914019601 0.039880159413067433 -0.035932558315290644 0.034606357932126963 0.045868477924201678 -0.049947768891627164 -0.044937494932089546 -0.042754656135179418 0.051073652106084944 0.019157352529372049 -0.05380555920143746 0.016063505596409424 -0.025589885117413436 -0.022811199346916045 -0.033265745731029452 0.019566991578362038 -0.0010081702600943266 -0.030503068756994767 -0.0020276077561630526 0.016316736703729042 0.052196359521918215 -0.045582198267585611 0.0082155896227705406 -0.050411934599506741 -0.050238261447672031 -0.049898128004079355 0.013240454163241358 -0.022703156688837441 0.014202191398554668 0.047296649174005001 0.049193923487766578 -0.015049684765913516 0.047034265584066717 -0.0069670995332957071 -0.024937733204961093 -0.03421353610988459 0.046638049791723063 0.036508549506762016 -0.0090498547731697934 0.033301969463018326 -0.013604423016384629 0.030669176946548811 0.050983733534420234 0.016224833163190858 -0.0176899653011095 -0.028968547964798363 0.0068167113007971515 0.044253887991517006 -0.012599914947485231 -0.045265366254375015 -0.054524676976693734 0.020193356909274443 0.00092418888566359438 0.012479595367258442 -0.039175015867903812 0.021087126235017503 -0.039142850332430347 -0.021706308984845185 0.051092905252501257 -0.046842847886479022 0.037554511274154045 -0.0074316029202144938 -0.020817191025460959
leaf_weight=706.10882733576 111.0321120172739 177.87767907604575 47.3756491728127 24.967793691903353 42.822706554085016 50.550203839316964 18.210564911365509 16.617094930261374 98.405512886121869 28.139346916228533 98.392948318272829 145.26426999457181 89.331295058131218 19.167106075212359 22.003381529822946 34.8080990370363 41.543612528592348 23.299697428941727 18.839527981355786 39.171759210526943 26.293522149324417 47.400395939126611 45.635432014241815 104.8179716411978 20.338668089359999 195.92707887105644 203.11751967854798 60.178529618307948 65.177405728027225 36.352863665670156 66.804984822869301 29.453653603792191 33.330522166565061 47.634034659713507 45.856856813654304 60.188202489167452 94.07052712701261 47.927740700542927 33.664235398173332 177.15357778035104 64.297380080446601 89.631842225790024 71.539640173316002 31.352862048894167 44.77923172712326 35.851202979683876 36.354958105832338 56.201155662536621 54.414497200399637 42.869248386472464 85.524927735328674 26.421869253739715 44.74271934479475 41.822928890585899 79.562533587217331 31.526311781257391 25.835386283695698 30.197651982307434 30.282164173200727 143.09540116228163 28.949502855539322 59.41712056286633
leaf_count=5238 1326 3137 535 186 772 499 305 129 1233 866 698 1307 747 169 218 251 376 137 199 260 281 424 1202 1413 161 1783 2344 626 733 311 488 498 228 289 306 538 1177 331 234 1281 715 746 482 228 249 263 372 384 356 365 791 298 398 370 520 294 264 196 365 1673 221 932
internal_value=-0.000483501 -0.0060124 -0.00246824 0.00419514 -0.00765234 -0.00592756 0.0241846 -0.00395472 -0.00587332 -0.0222655 -0.0123776 -0.00875835 -0.000947274 0.00238016 -0.00868509 -0.013473 0.00642573 -0.0270784 -0.0340624 0.0271632 -0.0070233 -0.00172708 -0.0205421 -0.0414706 -0.00530741 -0.00398954 -0.0122151 0.00342453 0.00579923 0.00983388 0.00772015 -0.00210372 -0.00647806 0.012899 0.00167408 0.0157334 0.00955562 0.0211315 0.0125023 0.000964759 0.00431492 0.010029 0.0173643 0.0278058 -0.00117325 -0.000909532 -0.00720913 0.00973159 -0.0245797 -0.0337225 0.0359495 0.0339205 -0.00349808 0.00401178 -0.00781299 0.00399424 0.0147183 0.0184571 -0.00101486 0.0291889 0.0224482 -0.00319602
internal_weight=4449.92 2366.96 1943.22 850.296 1092.93 1050.1 173.985 999.553 952.178 423.739 245.862 853.772 676.31 586.979 309.452 284.484 115.523 168.961 146.957 73.9799 217.722 191.429 93.0358 128.118 708.508 688.169 339.33 136.213 2082.96 1135.4 1043.8 360.314 330.86 683.49 254.66 635.856 208.803 141.998 575.667 947.56 770.406 539.315 322.829 206.51 116.319 216.486 182.822 92.5561 90.2657 76.1998 175.157 91.5993 62.9533 348.839 152.912 111.089 277.527 251.692 89.4293 162.263 59.1472 119.596
internal_count=43718 26817 20209 8704 11505 10733 2029 10234 9699 6608 3471 8466 6675 5928 3040 2854 887 1967 1749 511 2605 2324 1626 1550 7159 6998 4031 1687 16901 9667 8636 3393 2895 5243 2302 4954 1996 1508 4416 7234 5953 4105 2496 1765 731 1609 1375 756 619 593 1537 1031 703 2967 1184 814 2888 2624 782 1842 417 1558
is_linear=0
shrinkage=0.05


Tree=74
num_leaves=63
num_cat=0
split_feature=29 29 4 34 22 17 4 21 34 21 12 37 18 25 8 11 34 14 9 22 26 6 11 0 27 9 7 4 21 8 7 34 26 25 6 25 11 7 34 25 11 20 34 18 25 18 9 11 17 2 21 40 12 37 17 29 25 17 21 12 7 9
split_gain=61.7914 28.4349 34.8373 27.8463 24.6341 22.966 20.9165 27.3423 22.1945 21.3748 26.9231 33.9775 36.7507 39.735 25.1413 22.0364 26.6011 21.2303 24.1458 21.1466 20.0783 20.7319 20.051 18.812 18.2079 17.2409 16.725 17.1761 16.6128 15.7568 18.428 21.134 15.5563 15.5421 15.1136 20.7937 17.9697 30.8482 19.6126 55.9668 43.3022 17.9577 39.4379 44.2069 25.5029 22.6224 25.2456 14.9024 15.8703 14.6351 16.6698 14.7194 14.4594 14.0862 23.8359 19.6168 25.8892 13.8087 13.7801 13.727 19.4757 23.553
threshold=0.49341712206090466 0.095936122428622095 573.20000000000016 1.290231945859325 1.0000000180025095e-35 0.10624000019654926 18.675000000000001 0.00029657002292457306 -0.090322017087080916 0.00038993681660104965 19.500000000000004 -23.038084315980317 -0.00028832854870775021 812.50000000000011 0.0060108155030029579 1.0000000180025095e-35 -0.074351695884542587 0.0078838667581561783 0.20718718680132608 1.0000000180025095e-35 0.0024222428947911468 0.28206205559146741 1.5000000000000002 0.057506453363667491 0.43761895051658511 1.0000000180025095e-35 0.042132593640065295 28.375000000000004 0.00046032967489619594 0.24597609598612899 0.06869622555944184 0.14044184501642223 -0.017559595834008675 827.50000000000011 0.84263860119653422 562.50000000000011 3.5000000000000004 0.20947079832910251 0.14588562697806409 737.50000000000011 2.5000000000000004 49.151443361066107 -0.074351695884542587 -0.0073964915476310558 762.50000000000011 0.00072331057962082845 0.061335008024596648 1.5000000000000002 0.039361660727288132 0.91457163181005963 0.001117208216489238 0.030214200203487838 27.500000000000004 -18.840329069335777 0.0091237017602572613 0.37911381268305572 812.50000000000011 0.00099500401236419091 0.0016723951175247962 18.500000000000004 0.09375565644986121 0.081158732451524607
decision_type=2 2 2 10 2 10 2 8 8 8 2 8 10 2 8 2 10 2 10 2 2 10 2 2 8 10 8 2 10 10 8 10 2 2 10 2 2 10 10 2 2 8 8 10 2 8 10 2 8 10 10 10 2 10 10 2 2 8 8 2 8 10
left_child=1 58 3 5 22 6 8 33 32 14 29 15 13 17 24 25 20 -13 52 26 21 -17 49 -6 -9 -12 -16 -28 -15 30 31 -11 -3 -8 35 -32 38 -38 41 40 -40 42 43 44 -37 -43 -47 48 -31 50 51 -2 -19 -48 -55 56 -56 -21 -1 -24 -61 -62
right_child=4 2 -4 -5 23 -7 7 9 -10 10 11 12 -14 28 19 16 -18 18 -20 57 -22 -23 59 -25 -26 -27 27 -29 -30 47 34 -33 -34 -35 -36 36 37 -39 39 -41 -42 45 -44 -45 -46 46 53 -49 -50 -51 -52 -53 -54 54 55 -57 -58 -59 -60 60 61 -63
leaf_value=0.015291125973178707 -0.0090665422920602774 -0.017827991849208111 -0.027572224670676732 -0.049187054741474584 -0.044648767975155247 0.045318212607409092 -0.041256702916079496 0.0056113412536043412 0.063887791919365569 -0.021267187971635945 0.013158192718228996 -0.019300433103251406 -0.030940178593310465 -0.0022331906063372668 -0.0017987720790747987 -0.02079828568991083 -0.036239513767231293 0.020413115943469201 0.0008678381637754742 0.018909135890132246 0.026879399940454712 0.025326247839892697 0.012809060466136857 -0.0088139314129260272 -0.044862874607951055 -0.047920709224689155 -0.0096151041570590942 0.043162350722752076 -0.035836994559771178 0.0022680876967234552 -0.037152697031233521 0.038470538542953632 0.039286393961337401 0.016920785774386726 0.040376224371755351 -0.0096803888439007651 -0.025432410260305474 0.052225451523560278 -0.010072789679033998 -0.039152924366472691 0.053094144448900996 0.029148649010134101 0.021294104283883779 -0.022784367709978045 0.042150678233994127 0.024418538393077782 0.026098556065389245 0.0034214909834299153 -0.052880438453652694 -0.062469133478437626 0.009830248790855119 -0.039392816557813244 0.064898887059942165 -0.023469473174495204 -0.014364168700371181 -0.024511026345720929 0.038776509480083432 -0.053559651532169551 -0.016710015118676824 0.029440972163200702 -0.0011649468408028915 -0.036494218201623393
leaf_weight=515.39416386187077 81.477992165833712 26.910307606682181 103.97333179600537 26.473404305055737 95.162495441734791 30.734677528962493 56.592286141589284 73.033243078738451 27.280297884717584 18.304402062669396 18.590241307392716 50.633366080000997 201.69824623130262 57.791298253461719 33.815983507782221 58.210955822840333 26.633454110473394 44.424698641523719 95.588219678029418 12.93574435636401 165.30398732796311 41.896507671102881 119.15644841827452 59.536828206852078 23.654301276430488 30.523509526625276 17.419252377003431 134.04103947430849 101.15837551094592 20.988273989409208 30.608071360737085 77.454985976219177 21.4056058190763 14.401265522465108 28.506447022780776 44.761480711400509 17.757686516270041 45.692502645775676 76.412024760618806 95.039218546822667 42.068310441449285 144.51034413650632 136.44008769281209 226.83140309900045 50.517577385529876 130.06227430514991 38.135227749124169 63.838617952540517 34.470947789028287 18.674089280888438 47.281370719894767 78.621091783046722 31.021367080509663 112.83370957709849 36.321812737733126 34.789934741333127 62.114012582227588 13.364837700501086 35.98940696194768 30.356444291770458 135.90083990618587 72.258729545399547
leaf_count=3385 734 249 1870 224 2241 376 859 727 270 212 170 429 2203 420 284 460 268 466 867 117 1296 348 1077 415 203 372 205 1573 1054 166 217 1007 263 169 297 397 189 707 679 1054 834 1230 1226 2200 436 1144 373 618 367 158 334 1208 164 1041 323 314 379 285 274 306 1264 618
internal_value=7.5816e-05 0.00273819 0.000881741 0.00186658 -0.0131179 0.0023205 0.00187204 0.00118851 0.027833 0.00196542 0.000428966 -0.00634415 -0.0136851 -0.00454121 0.0143857 0.00618594 0.0113972 0.00913894 0.0175582 0.0240385 0.0161774 -0.00149446 -0.00841649 -0.0308575 -0.00673702 -0.0248015 0.0299942 0.0370925 -0.0236192 0.00441683 0.00585471 0.0270517 0.00747564 -0.0294552 0.00435493 0.0035799 0.00454316 0.0304915 0.00320552 -0.0105712 0.0123556 0.00609705 -0.00123607 -0.0107794 0.0178008 0.0121149 0.00617286 -0.0130498 -0.0320097 -0.020073 -0.0162554 -0.0239591 0.0387045 -0.0021773 -0.0065596 0.00776197 0.0191681 -0.0179164 0.0132024 -0.00104939 -0.00797271 -0.0134288
internal_weight=4397.78 3659.35 3107.97 3004 738.426 2977.52 2946.79 2871.19 75.5962 2800.2 2491.93 923.474 582.316 380.617 308.264 341.159 292.045 221.668 171.034 211.577 265.411 100.107 583.727 154.699 96.6875 49.1138 185.276 151.46 158.95 1568.46 1449.16 95.7594 48.3159 70.9936 1353.4 1324.9 1294.29 63.4502 1230.84 213.52 118.48 1017.32 458.551 322.11 95.2791 558.767 414.257 119.298 55.4592 226.055 207.38 160.099 75.4461 284.195 246.059 133.226 98.4358 26.3006 551.384 357.672 238.516 208.16
internal_count=43615 35260 31601 29731 8355 29507 29131 28349 782 27321 23927 8517 5603 3400 3394 2914 2372 1926 1497 2464 2104 808 5699 2656 930 542 2062 1778 1474 15410 14259 1219 512 1028 13040 12743 12526 896 11630 2567 1513 9063 4259 3033 833 4804 3574 1151 533 2434 2276 1942 630 2430 2057 1016 702 402 3659 3265 2188 1882
is_linear=0
shrinkage=0.05


Tree=75
num_leaves=63
num_cat=0
split_feature=29 4 29 4 12 10 16 4 21 10 28 8 26 7 11 11 14 12 11 36 7 21 5 18 16 18 10 10 1 10 41 26 7 41 16 14 14 32 0 26 7 1 29 5 1 41 8 16 4 7 41 4 40 41 12 11 20 40 21 32 24 1
split_gain=59.2757 28.2618 26.6112 32.3794 21.6952 18.9194 18.0223 18.9574 18.6175 25.2597 28.0773 24.341 21.0668 22.7048 23.7316 36.7907 19.7783 18.3849 17.9287 17.4198 17.3392 40.3429 29.8138 29.0496 30.099 29.7681 28.8604 26.6932 29.0717 23.2817 22.2508 20.0283 19.8378 18.1865 16.2422 16.0721 15.9059 17.2787 15.7823 15.7209 17.4289 16.8514 15.7493 15.6125 15.3806 14.1176 13.9814 13.5996 13.5723 13.543 12.8339 13.2869 12.1923 15.6979 12.9426 16.9543 22.6668 12.4501 15.5295 13.8332 15.8265 14.8648
threshold=0.49341712206090466 144.62500000000003 0.17196170964554072 458.02500000000003 19.500000000000004 0.57568690835319092 -0.13772199316418579 18.675000000000001 0.0007773214026626751 0.31614987080103368 0.46359496561894659 0.10831837709932564 -0.0020181657116088141 0.33676635147246786 1.0000000180025095e-35 2.5000000000000004 0.006768400912335863 31.500000000000004 1.5000000000000002 68.016652362749667 0.53242499321690218 0.00098503399877528076 0.13156963095663929 0.0020608631125936809 -0.11833443632315806 -0.0089508836848661826 0.2136329966329967 0.082568807339449532 21.500000000000004 0.20210279382504601 0.037078123521236635 0.0090828558043910892 1.080988629815552 0.069468742904672212 -0.030235101955999665 0.33261538239491117 -0.094365354926968251 0.59304217908826018 0.053676590984145955 -0.015339391530808695 0.06869622555944184 39.500000000000007 0.29646474908657672 0.017932908545727152 22.500000000000004 0.032641966555090572 0.011918305468642025 -0.1523869603982573 476.47500000000008 0.10526315789473688 0.055884162883280887 53.025000000000006 0.012762736318347491 0.020901667970333163 24.500000000000004 1.5000000000000002 60.426611432648372 0.070615081963210494 0.0016723951175247962 0.11189643689643704 0.0069030236673215334 35.500000000000007
decision_type=2 2 2 2 2 10 8 2 8 8 8 10 2 10 2 2 2 2 2 10 8 10 8 10 10 8 10 10 2 10 10 2 10 10 10 2 2 10 2 2 8 2 2 10 2 8 10 10 2 8 10 2 8 8 2 2 10 10 8 10 2 2
left_child=2 50 52 4 20 6 -6 46 9 12 11 16 -9 19 -15 -16 17 -11 -3 -14 23 22 -22 24 -4 33 38 -25 34 31 -23 44 -32 -26 -29 -28 -10 43 -27 41 -41 42 -5 -38 -24 -45 -8 -30 49 -20 -2 -52 -1 -54 57 -56 -57 58 59 61 -61 -55
right_child=1 18 3 39 5 -7 7 8 36 10 -12 -13 13 14 15 -17 -18 -19 48 -21 21 30 29 27 25 26 35 28 47 -31 32 -33 -34 -35 -36 -37 37 -39 -40 40 -42 -43 -44 45 -46 -47 -48 -49 -50 -51 51 -53 53 54 55 56 -58 -59 -60 60 -62 -63
leaf_value=-0.0088495365785005772 -0.010268397966621212 -0.039949983197613517 -0.020171091107254284 0.04941126231401332 -0.028707436503419767 -0.050728516324528662 0.055511069458652668 -0.036604977417329147 0.030640792410711739 -0.013245364738502378 -0.025792056403926927 -0.024098963661230311 -0.028387276767858245 -0.029795257534307479 0.046266051106027932 -0.021459060933414029 0.035902910818668587 0.0342839236102737 0.015650022883882061 0.023628219893529579 -0.041429994377925973 0.040395320914406639 -0.0058992330504169218 0.041445392585439264 -0.034927199409795925 0.0019642714966040995 0.038741298200461877 0.03868527787735896 0.0019621839940429245 -0.041066987293739456 -0.012624439419536849 -0.021893091560444198 0.026456500772036203 0.027942911046125476 -0.0076240562338512801 -0.010500167744096532 0.013518589767268802 0.038700103869926401 0.040620105096858122 -0.0034443536533578486 -0.043223232381811048 -0.039827308144093077 -0.01333337060905466 0.015566010271148224 0.039067216193484598 -0.038631283903869468 0.0011424429984001555 -0.042316337583132822 -0.054685323916331186 -0.018157296972242557 0.030335532229637974 -0.003588371880259832 0.028693449019389968 0.0067823555382464235 0.024004021277008212 -0.016617470888406382 0.027224228358539423 0.029662860089439431 -0.019524513154945185 -0.010884344042338481 0.019221718579247246 0.023190102089082901
leaf_weight=97.676287140697241 308.96420109272003 117.66569918207824 51.097797675058246 20.493161972612143 65.784580729901791 21.643188931047916 24.432683728635311 93.819086194038391 63.837643815204501 59.425057366490364 62.837837496772408 38.430905502289534 130.84551958553493 31.364340769127011 53.816381307318807 31.96295958943665 92.665517767891288 30.938786543905735 38.110112329944968 18.353787932544947 79.029763909056783 57.885217979550362 31.562988631427288 26.004353379830718 36.460917828604579 144.73268366977572 236.98926041834056 29.457062710076571 22.834036897867918 32.624360036104918 79.601139863952994 40.846430893987417 54.844006422907114 16.804106224328279 53.00375497341156 17.816919472068548 47.481470696628094 24.050669815391302 32.296670392155647 40.294700106605887 86.967240822501481 17.674554280936718 19.534201476722956 16.242891257628798 47.840790418908 46.169107880443335 22.915194984525442 72.089135002344847 19.469933959655464 133.02245996147394 45.318747101351619 79.493471205234528 98.063946895301342 290.14977132156491 49.388110302388668 163.58829849213362 35.963219035416842 78.741459552198648 45.5551787763834 131.03328626975417 65.461755538359284 263.30708892270923
leaf_count=723 3037 2004 685 174 561 154 228 1041 562 579 464 294 1610 576 606 428 858 190 347 145 1082 441 256 298 366 1455 3201 246 157 353 641 336 487 291 455 186 381 265 298 590 1680 332 269 111 521 633 292 880 487 1422 430 716 594 2192 264 952 210 829 264 954 492 2251
internal_value=-0.000146972 -0.0130281 0.00247554 -0.000741776 0.000992304 -0.00450123 -0.00345399 -0.00158652 -0.00331712 -0.00743531 0.00370631 0.0120763 -0.0162301 -0.00905304 0.00742223 0.0210304 0.019672 0.00302772 -0.0246031 -0.0219886 0.00560408 -0.00245402 -0.0164957 0.0102263 0.0163293 0.0201741 0.0245241 -0.00586332 -0.0127987 -0.00360576 0.0144769 0.00655761 0.00331779 -0.0150929 0.00891879 0.0352982 0.0101018 0.000312899 0.00901652 -0.0208127 -0.0306281 0.000835437 0.0187906 -0.00808831 0.0211931 -0.0245263 0.029198 -0.031665 -0.015129 -0.0106286 -0.00480213 0.00872924 0.00814897 0.00950852 0.00783351 -0.0022248 -0.00871631 0.0106976 0.00882035 0.0105421 -0.000854596 0.0145883
internal_weight=4386.78 742.045 3644.73 2325.8 2140.84 977.018 955.374 889.59 842.242 644.46 284.298 221.46 360.162 266.343 117.144 85.7793 183.029 90.3638 308.268 149.199 1163.82 424.235 231.904 739.587 536.198 485.101 431.836 203.388 177.384 152.875 192.33 120.25 134.445 53.265 82.4608 254.806 197.782 133.944 177.029 184.964 127.262 57.7019 40.0274 109.893 79.4038 62.412 47.3479 94.9232 190.603 171.133 433.776 124.812 1318.93 1221.25 1123.19 248.94 199.552 874.249 795.507 749.952 196.495 553.457
internal_count=43826 8443 35383 25658 22613 9978 9824 9263 8743 6791 2385 1921 4406 3365 1610 1034 1627 769 4260 1755 12635 4117 2548 8518 6482 5797 5140 2036 1738 1466 1569 1113 1128 657 701 3387 1952 1390 1753 3045 2270 775 443 1125 777 744 520 1037 2256 1769 4183 1146 9725 9002 8408 1426 1162 6982 6153 5889 1446 4443
is_linear=0
shrinkage=0.05


Tree=76
num_leaves=63
num_cat=0
split_feature=4 0 18 27 17 21 18 37 20 7 34 1 37 37 22 34 21 1 11 34 1 21 18 1 0 22 20 1 19 1 18 21 1 21 7 21 9 11 36 21 9 37 4 14 1 4 39 32 18 1 5 21 21 14 21 27 21 32 36 11 18 1
split_gain=34.1911 29.0785 24.2454 17.869 17.0804 48.9409 30.1606 29.9206 26.354 22.1251 36.2197 41.4348 23.9099 21.5243 24.2201 64.9187 32.9338 66.5355 34.6511 31.8918 19.5033 17.3403 42.3951 24.2995 20.032 17.654 18.3781 28.5055 17.2484 17.2182 16.4123 14.497 23.6951 21.2075 26.3792 30.2829 22.591 20.7289 27.6965 24.3615 15.6058 14.4896 14.3905 17.8746 20.6578 16.3554 14.3499 14.283 23.3954 14.0638 13.921 13.9034 15.0025 13.8342 25.8989 29.4702 13.7974 14.2404 13.5054 13.1014 12.9459 15.611
threshold=88.875000000000014 0.00014467090763259081 -0.0098965020976357048 1.4562020460358058 -0.0047554602276722192 0.0016723951175247962 -0.0082220610274075217 -22.655408932392145 64.052440186866946 0.13004606497894933 0.14588562697806409 36.500000000000007 34.662079902928163 -84.371881638501279 1.0000000180025095e-35 -0.05214203643924064 0.00076499582110669759 62.500000000000007 2.5000000000000004 -0.048002704530087863 73.500000000000014 0.0015783519193362629 -0.0083781113654329813 62.500000000000007 0.057506453363667491 1.0000000180025095e-35 36.06654495350292 41.500000000000007 0.00077986559120812881 63.500000000000007 -0.000534647237687924 0.00029657002292457306 28.500000000000004 0.00047064002705104042 0.16322953106743635 0.00063699932709936297 0.49866418518861849 1.5000000000000002 57.670218113381345 0.00032577087150599109 0.01433153249148352 3.0273966826110459 85.675000000000026 -0.030144797277873479 32.500000000000007 58.675000000000004 0.078045739780310611 -0.0059958518973728383 0.0013802648079579429 58.500000000000007 0.039735437643674328 0.00062800019686952739 0.00069742727572456723 0.05061583946635393 0.00080787100185868144 0.3471288485419432 0.00074357879551946026 0.10292910890508301 24.557139869077648 1.0000000180025095e-35 -0.0063177112579803065 24.500000000000004
decision_type=2 2 8 10 10 10 8 10 10 8 10 2 10 8 2 10 10 2 2 10 2 8 10 2 2 2 10 2 10 2 10 8 2 8 10 8 8 2 8 10 8 10 2 2 2 2 10 10 10 2 10 10 10 2 10 10 10 10 10 2 10 2
left_child=2 -2 -1 31 5 6 29 -6 20 -8 12 -12 13 -11 15 58 18 -18 19 28 21 22 -9 24 47 26 -26 -28 -16 -3 -25 32 -4 37 36 49 42 38 39 -33 -39 -23 43 -35 -45 -46 -37 48 51 -36 -43 -24 -53 56 55 60 -49 -58 -15 -60 -55 -62
right_child=1 4 3 -5 7 -7 9 8 -10 10 11 -13 -14 14 16 -17 17 -19 -20 -21 -22 41 23 30 25 -27 27 -29 -30 -31 -32 33 -34 34 35 46 -38 40 -40 -41 -42 50 -44 44 45 -47 -48 53 -50 -51 -52 52 -54 54 -56 -57 57 -59 59 -61 61 -63
leaf_value=0.048561178330288828 -0.04629243833281077 0.044658920323962653 0.01098330149435363 -0.020852614391595269 -0.035434548785656154 -0.045625558173499628 0.022150190705730495 -0.037259976212668376 -0.034426672613824386 -0.027355578472959993 -0.049165710678715821 -0.0023348701258577649 -0.034914325327301751 0.0020532040211587595 -0.051104325507849428 -0.017908042456321768 0.029557118877951895 -0.047089488268835529 0.013065667702081724 0.0025804069800812401 0.039808588481458879 -0.01707025520671927 -0.0089183893209762843 0.049782278230367023 0.036565030782092077 0.037203605713630794 -0.045463805407840029 0.0162244511209707 0.0034722332816412207 0.0036117541859752335 -0.0024310077850601877 -0.01074808363726322 -0.042580760868416306 0.052831627562509843 -0.015402270468420695 0.00067491785478660741 -0.0090130602750886548 0.0055077594241073457 -0.024100260102975932 0.02938843211696951 0.039001968930822466 0.0052759468866574177 0.063859933042319739 -0.015380232558765859 0.046500594072274019 0.0015108743685872967 0.028977930555425475 -0.028175267395653819 -0.041534733553652455 -0.056712572306768141 0.042964671950825317 0.039350336876580648 0.00025849904997185861 0.046228919021816139 -0.032808898047248097 -0.047660686693358052 0.0097806637006729383 -0.024324320619251282 0.0089683987372478138 0.033990796317913956 -0.006468978307813936 0.023407920102008463
leaf_weight=32.759851958602667 38.928568443283439 64.234778778627515 44.304428737610579 63.581409193575382 85.33595884218812 54.251406453549862 109.91174711752683 99.484747974202037 71.350390017963946 51.246649539098144 78.12278039380908 119.45337357372046 40.793018594384193 57.600637087598443 94.698125053197145 122.18143143691123 138.70354846399277 35.576975984498858 78.634808553382754 59.383668871596456 25.838305762037635 30.188206989318132 54.999010320752859 35.154532536864281 25.707070492208004 46.83037219569087 34.937849318608642 40.359702171757817 17.089530201628804 42.420113923028111 26.317363465204835 55.122294049710035 38.665782881900668 34.134347502142191 114.08490835502744 429.38566607609391 62.046770738437772 47.696611478924751 54.238642985001206 120.34992012381554 128.38333538733423 53.570624284446239 21.970996722579002 44.484554171562195 46.416558805853128 35.767635783180594 49.998760528862476 181.78623748105019 24.260176791809499 25.143485244363546 45.152275348082185 56.551180990412831 43.36251213774085 21.853357285261154 62.155059853568673 24.991747604683042 64.213103826157749 58.484287738800049 67.156507248058915 236.65331679955125 109.12840351462364 72.948741381987929
leaf_count=356 617 519 528 522 1139 638 1315 1014 865 597 833 1133 549 465 1250 1153 1122 309 727 560 207 243 634 346 234 340 427 405 187 308 321 482 521 230 1155 4116 453 502 447 994 1605 547 140 361 574 378 565 2244 292 251 450 535 422 235 650 243 521 605 640 2108 946 739
internal_value=-0.000237907 -0.00336954 0.00603602 0.00505202 -0.00278593 0.00097854 0.00276679 -0.0067478 -0.00487856 0.000680835 -0.00129005 -0.0208521 0.00257602 0.00417087 0.00595083 0.0135994 -0.00277094 0.0139108 -0.0144092 -0.0270309 -0.00317597 -0.00409202 -0.00615452 -0.00300982 -0.00503797 0.0118284 6.32274e-05 -0.0123987 -0.0427609 0.0283331 0.0274287 0.00627008 -0.0139786 0.00759376 0.00316296 -0.00233499 0.0170552 0.0170215 0.00712753 0.0167801 0.029929 0.0132438 0.0259046 0.0207187 0.012065 0.0269205 0.00362686 -0.00825641 0.00412102 -0.0228626 0.0225134 0.011271 0.0223845 -0.0119801 -0.00418609 0.00358533 -0.019431 -0.00647564 0.0242511 0.0284596 0.00986555 0.00550112
internal_weight=4350.54 2902 1448.54 1415.78 2863.07 1468.11 1413.86 1394.96 1309.63 1307.21 1197.29 197.576 999.718 958.925 907.679 483.592 424.087 174.281 249.806 171.171 1238.27 1212.44 1083.53 984.041 922.569 147.835 101.005 75.2976 111.788 106.655 61.4719 1352.19 82.9702 1269.22 863.434 618.613 244.821 405.791 229.711 175.472 176.08 128.911 182.774 160.803 126.669 82.1842 479.384 774.734 179.173 139.228 98.7229 154.913 99.9137 595.561 291.077 228.922 304.484 122.697 361.41 303.81 203.931 182.077
internal_count=43814 29634 14180 13824 29017 14413 13775 14604 13465 12948 11633 1966 9667 9118 8521 4366 4155 1431 2724 1997 12600 12393 11153 10139 9472 1406 1066 832 1437 827 667 13302 1049 12253 8223 6087 2136 4030 1923 1476 2107 1240 1683 1543 1313 952 4681 8066 1883 1406 997 1591 957 6183 2813 2163 3370 1126 3213 2748 1920 1685
is_linear=0
shrinkage=0.05


Tree=77
num_leaves=63
num_cat=0
split_feature=29 23 11 1 12 12 2 18 5 11 12 41 37 11 1 13 10 1 6 34 32 1 29 1 34 26 29 16 1 32 41 34 29 20 5 36 23 18 41 29 26 6 17 12 32 41 1 5 1 37 10 17 10 41 1 37 11 20 34 23 16 11
split_gain=60.2215 38.7692 28.4569 25.2059 24.8938 33.7994 24.1969 22.7103 31.0405 25.8049 24.774 30.7225 21.7496 21.734 53.9485 54.3923 38.742 55.8508 47.5206 44.4176 39.8389 33.5365 30.5549 30.2859 21.5455 20.4498 20.3865 19.6471 26.4156 18.1428 17.4395 25.7054 17.4361 17.3194 17.0914 16.5129 16.3395 14.2546 20.0944 14.1806 13.2405 12.9277 12.8103 12.4526 24.8661 11.0517 14.1162 20.8676 16.6199 16.4786 21.5104 15.1741 18.457 17.8617 15.6442 24.6223 14.8021 14.6753 17.9154 14.4079 13.3045 12.9027
threshold=0.31667131706475365 6.1047374257292875 1.5000000000000002 73.500000000000014 26.500000000000004 31.500000000000004 0.9551194587355426 0.00076243254926022807 0.56061534674687596 1.0000000180025095e-35 27.500000000000004 0.024564819365142317 -6.062189286900467 2.5000000000000004 38.500000000000007 -0.020159722047129323 0.08768403639371386 34.500000000000007 0.2885809458526683 0.20945169176002756 0.014560244353347797 26.500000000000004 0.50454403471254394 21.500000000000004 -0.035642510812172339 0.020183877320390991 0.54582088274980578 0.047461547277575691 65.500000000000014 -0.22535397471200849 0.087904361996094485 1.290231945859325 0.48921512630115149 57.671589718037644 0.13691931540342303 18.292671727105226 6.5759819243403106 -0.0011189040332675868 0.060826462357201246 0.18642260477297054 0.022404081623590973 0.22960863628437561 0.0203724287069879 14.500000000000002 0.021774413050731359 0.025820634586968091 18.500000000000004 0.22811731980321723 59.500000000000007 36.114248925653889 0.12422000948316742 -0.021199676328453786 0.25489729260850963 0.04670226720071409 33.500000000000007 -24.192605545462602 2.5000000000000004 55.652540699191654 0.095017116774438928 4.6702554052082217 0.018209023263535823 2.5000000000000004
decision_type=2 2 2 2 2 2 10 10 10 2 2 10 8 2 2 2 8 2 10 10 8 2 2 2 10 2 2 8 2 8 10 10 2 10 10 8 2 8 10 2 2 10 10 2 10 8 2 10 2 10 10 8 8 10 2 10 2 10 10 2 10 2
left_child=30 2 6 4 13 -6 7 9 -9 24 11 -11 -7 14 29 33 18 19 -15 25 27 -20 -17 -21 35 32 34 28 -19 -4 36 -32 -18 -16 37 -2 39 38 -26 45 -3 -13 -8 44 -37 -1 57 48 51 50 61 53 54 -48 59 -56 60 -47 -59 -53 -54 -50
right_child=1 40 3 -5 5 12 42 8 -10 10 -12 41 -14 16 15 22 17 20 21 23 -22 -23 -24 -25 26 -27 -28 -29 -30 -31 31 -33 -34 -35 -36 43 -38 -39 -40 -41 -42 -43 -44 -45 -46 46 47 -49 49 -51 -52 52 56 -55 55 -57 -58 58 -60 -61 -62 -63
leaf_value=0.017510947967343423 0.029348873496113294 -0.045376329001568322 -0.01221625840001192 -0.043822503678958798 -0.054934911574516798 0.018837735423671988 -0.017348594958703244 -0.028888654244996443 0.038569465170346484 0.028203059903126743 0.017163615699734434 -0.045982790027223275 -0.031647409759244093 -0.055157216383837096 0.0020083755749536717 -0.0041517028060576852 0.032400206195949882 0.045747631760081273 0.032536766754150001 -0.064661421753325385 0.051963997593304501 -0.033699846519639032 -0.064953117154183546 -0.0067016956773557658 -0.020661770447057304 -0.034635237072013401 -0.012094884856818283 -0.026058436147038923 -0.026716036820049329 0.046806262613457494 0.03653235575694088 -0.037830183163735737 -0.0059260456262958464 0.051206609054675639 0.06214507195584254 0.034998709623214996 -0.032660940563283072 0.040078575705580058 0.029347318471266173 -7.0950476390394909e-05 -0.0077262582756599963 -0.015771282797036747 -0.062567565532724898 -0.051676667785184538 -0.046071034963600252 -0.010290062725176843 0.044978400160371468 0.031210530652514612 0.0048465576095575585 -0.038121544108512845 0.026986190861070621 0.0064832951432995242 -0.0084822282015455368 -0.0032740559671082282 -0.030271387431322946 0.018488368767780393 0.030999595468576904 0.026611635519243518 -0.020772755820319795 -0.036988371237739549 0.024938326185899196 -0.033817393314962502
leaf_weight=245.89711913838983 16.597078053280711 83.570122194476426 14.679947646334766 31.040817704051733 42.527212336659431 54.79442522674799 28.858227215707302 198.16600291989744 18.658623263239861 23.126645622774959 42.856090223416686 87.742283895611763 34.935300819575787 63.921318009495735 33.356314210221171 47.031801277771592 71.008968837559223 39.01613044179976 42.995758611708879 46.371790774166584 88.522786846384406 34.39915456622839 36.854761470109224 43.852991284802556 40.051056044176221 23.410879908129573 51.162212612107396 32.874288812279701 18.558716595172882 115.13656175509095 81.951463213190436 13.541615124791859 50.980911046266556 38.576691918075085 25.065539073199034 17.933341531082988 29.702117139473557 43.037020239979029 40.297916097566485 938.30682889930904 32.406341077759862 59.367631888017058 34.252485757693648 28.089833209291101 20.015648066997528 219.7010405138135 60.227701779454947 95.965953262522817 43.241974130272865 34.487271282821894 49.170699946582317 30.456539575010538 72.194285789504647 28.139651615172625 34.075357479974627 107.79332523234189 103.0345616210252 69.532864969223738 27.972746998071671 50.938360832631588 50.686326852068305 43.069960247725248
leaf_count=1619 181 2369 249 223 681 311 255 2689 138 175 282 1455 265 1176 323 427 673 562 396 625 1121 365 255 341 271 230 325 375 147 1535 1382 94 426 401 177 113 521 426 375 9295 428 524 339 693 363 1517 437 776 325 256 417 219 556 279 254 705 958 535 172 327 324 225
internal_value=-0.00016702 -0.00684543 -0.00502052 0.000532347 0.00194619 -0.0182194 -0.0122177 -0.00958811 -0.0230836 -0.00368077 -0.0168149 -0.0253688 -0.000818111 0.00511539 0.0163252 -0.00350867 -0.000644356 0.00706183 -0.023253 -0.008932 0.0281185 0.00309706 -0.0308642 -0.0364906 0.00623522 0.00816879 0.0151236 0.00478089 0.0223896 0.0401319 0.00504388 0.0259872 0.0163832 0.0283927 0.0245041 -0.0152353 0.00418723 0.0168574 0.0044196 0.00466207 -0.0348561 -0.0337906 -0.0418906 -0.0264403 -0.00776036 0.0079118 0.00580559 0.00933149 0.00636387 -0.00726433 0.000590414 0.010673 0.00694699 0.0296129 -0.00324842 0.00677679 0.0170227 -0.00312549 0.0130178 -0.020722 0.00530323 -0.0144469
internal_weight=4326.19 1896.1 1780.13 1004.85 973.807 132.257 775.278 712.167 216.825 495.342 213.093 170.237 89.7297 841.55 285.636 155.82 555.914 414.597 141.316 235.626 178.972 77.3949 83.8866 90.2248 282.25 145.401 199.614 90.4491 57.5748 129.817 2430.09 95.4931 121.99 71.933 148.452 82.6359 2334.59 123.386 80.349 2304.89 115.976 147.11 63.1107 66.0388 37.949 1366.59 1120.69 803.482 707.516 169.97 135.483 537.546 449.179 88.3674 223.264 141.869 225.915 317.207 97.5056 81.3949 122.881 86.3119
internal_count=43878 22685 19888 11107 10884 1257 8781 8187 2827 5360 2436 2154 576 9627 3190 1406 6437 4500 1937 2295 2205 761 682 966 2924 1329 1574 1084 709 1784 21193 1476 1099 724 1249 1350 19717 1072 646 19196 2797 1979 594 1169 476 9901 8282 6058 5282 1223 967 4059 3343 716 1505 959 1838 2224 707 546 880 550
is_linear=0
shrinkage=0.05


Tree=78
num_leaves=63
num_cat=0
split_feature=29 4 12 11 37 21 41 21 31 29 12 11 21 4 41 12 36 7 26 11 10 4 10 39 39 16 19 21 24 12 33 1 12 21 9 41 14 36 21 12 21 2 7 1 22 21 10 18 41 18 18 21 41 14 10 21 26 4 8 18 29 4
split_gain=60.8644 38.4323 26.3304 28.5806 36.3978 37.9255 21.7301 28.6379 22.3682 23.1844 21.6007 19.8778 17.9838 17.4245 20.6519 18.6861 41.5136 22.4841 19.4972 17.9535 19.7794 16.4052 16.1683 15.8956 16.0686 15.725 19.1926 18.064 16.5703 15.0961 14.3959 15.1264 15.063 20.3877 19.9034 18.5697 16.8784 17.4829 15.5767 20.1202 17.1593 14.538 13.9596 12.982 17.6643 12.9467 12.6111 12.1773 17.6954 12.1072 11.8942 11.8658 11.8323 11.8248 13.73 15.2271 12.7254 15.7173 15.3027 12.6813 11.5383 11.1192
threshold=0.39146325857412956 222.37500000000003 24.500000000000004 3.5000000000000004 5.6100808482380407 0.00037889197119452114 0.078681036414704766 0.0017223780046719309 -0.26107563431562175 0.15190654191521105 32.500000000000007 1.5000000000000002 0.0014390624818419061 22.525000000000002 0.045950742277082353 27.500000000000004 17.581579935858702 0.40868381294517658 -0.0020181657116088141 3.5000000000000004 0.10555058636453983 383.87500000000006 0.41654975650548481 0.013329563503671689 0.027892457237148751 -0.11097568334443318 0.001902189709288238 0.0014253560323163519 0.0080466710156352084 16.500000000000004 0.030275436640037737 72.500000000000014 26.500000000000004 0.0017370826834338484 0.19651752081681209 0.047460452684950492 -0.032393397743819038 56.623535437277923 0.00045207265151346978 20.500000000000004 0.00080286336505340581 -0.4854969844368266 0.12319738616755949 25.500000000000004 1.0000000180025095e-35 0.00035149862780182664 0.2468784977614327 -0.0045893473569029166 0.026795996011949798 0.0041121453075003709 -0.0031261915390157764 0.00094344563536411202 0.10930075170365137 0.27399061761407906 0.35229838248163448 0.0011859367795189742 -0.019779800137208654 550.05000000000007 0.0080464024404390353 -0.0083781113654329813 0.50635927927429247 512.97500000000014
decision_type=2 2 2 2 10 8 10 10 8 2 2 2 10 2 10 2 8 10 2 2 10 2 10 8 8 8 10 10 2 2 10 2 2 10 10 10 2 10 10 2 10 8 10 2 2 10 8 10 8 8 8 8 10 2 10 10 2 2 10 10 2 2
left_child=2 30 3 6 21 -6 7 8 -1 -10 13 45 42 -4 15 17 -17 19 -19 20 23 -5 -16 -15 -25 26 -11 28 53 -13 31 32 33 34 35 38 41 -38 39 -2 46 -34 50 -42 -45 -3 -40 -18 -49 -37 -8 -44 60 54 55 56 58 -58 -27 -56 -32 -31
right_child=1 11 10 4 5 -7 12 -9 9 25 -12 29 -14 14 22 16 47 18 -20 -21 -22 -23 -24 24 -26 27 -28 -29 -30 61 52 -33 36 -35 -36 49 37 -39 40 -41 43 -43 51 44 -46 -47 -48 48 -50 -51 -52 -53 -54 -55 59 -57 57 -59 -60 -61 -62 -63
leaf_value=0.036562231379573727 0.042314720916179147 -0.0025931059511393657 0.032246638454466799 0.046628599659511542 0.039015861900818294 -0.05069109633299277 -0.012191153524345313 -0.038797029490493309 0.010672276611712148 -0.0058680901837408952 0.031752789145991014 0.0030674310354024824 0.044476350837078057 -0.034170648075522343 -0.041647448675258304 -0.029529708533131128 -0.0037959857543088896 -0.017837454531794323 0.031230148295587096 -0.050502749741845376 -0.033135902263949212 -0.0067355033328254862 0.0043001051725101037 0.034317107039678191 -0.0063328440889840803 0.046837997176564033 -0.047741144165993857 -0.030432843135839133 0.014541098869662292 -0.017475194348713294 -0.0065287627794778785 -0.03806499744646509 -0.016830511496236641 0.052165277361023124 -0.023852117558130187 0.026779577182654037 -0.054457892076535785 -0.0063928865114619834 -0.030709631065319834 0.00059288088539166347 0.032245292971882986 0.033259258290825003 -0.0311587826336043 0.025829897867860635 -0.036036819001836931 -0.043098219396282694 0.0024176654541372038 0.0013157692802619942 0.047242623674685159 -0.0091449225564963783 0.052376764912422026 0.016318321657948876 0.02198761620607538 -0.038289322807256498 -0.022320738311552377 0.041014155071657024 -0.0048478101360080799 -0.048724922630237179 -0.0059492005872737834 0.026682709950793571 -0.028982634518761055 -0.057573180068995367
leaf_weight=52.479334462434053 40.150082126259804 23.38946986105293 27.384627308696508 112.01895928941667 20.998001087456942 26.84451802726835 10.05625396966934 39.207859390415251 686.30518596246839 110.05091410502791 38.53224628418684 86.928737978450954 60.085565783083439 30.205445472151041 72.457918109372258 50.868123222142458 30.15425806120038 34.25173525698483 49.507669843733311 37.755936594679952 79.649146379902959 16.526807757094502 26.022031769156456 35.807498779147863 75.716802744194865 25.660248273983598 36.422443216666579 42.851810185238719 225.96065207384527 107.28215075656772 117.2509620282799 25.711281886324286 31.770645212382078 21.491398582234979 63.447280189022422 127.83206647820771 36.826349601149559 38.906162418425083 90.031491551548243 103.09573070146143 34.632607318460941 26.626389212906361 26.171267062425613 20.993978474289179 25.615360306575894 126.01540717482567 42.192643454298377 30.788077041506767 65.79112971201539 28.723045371472836 24.53222974576056 26.471828747540712 20.701442448422313 20.674948815256357 16.001525958999991 19.245229793712497 488.47629262879491 21.299956660717726 29.528177099302411 75.471853595227003 111.7354324515909 20.610371539369226
leaf_count=400 559 324 181 1458 294 252 100 375 4980 941 216 988 982 325 521 398 178 276 403 439 735 163 262 267 497 262 368 400 2249 1350 1267 189 274 234 800 1495 458 342 1356 1035 256 209 218 162 285 2577 302 260 423 302 616 187 209 152 189 145 5141 467 318 1041 1051 601
internal_value=-0.000154832 -0.00883092 0.00395224 0.00660329 0.0259113 -0.0113189 0.00493133 0.00348939 0.00438538 0.00344619 -0.00461509 -0.0227508 0.0234271 -0.00678313 -0.00850988 -0.00453725 0.00862644 -0.0113554 0.0111649 -0.0186345 -0.0131994 0.0397677 -0.0295064 -0.00199558 0.00671878 -0.00101505 -0.0162804 0.0013016 0.00277601 -0.0130096 -0.00379985 -0.000370066 0.000953351 0.00434888 0.00256699 0.00583277 -0.0141904 -0.0297654 -0.00046774 0.012287 -0.00902678 0.00600814 0.00892833 0.00905831 -0.00817055 -0.0367571 -0.0201387 0.0239415 0.0326018 0.0201885 0.0336043 -0.0072847 -0.0142126 -0.00104163 9.80949e-05 -0.00272222 -0.00421207 -0.00668113 0.0185946 0.0181105 -0.0174853 -0.0239371
internal_weight=4270.19 1371.96 2898.23 2213.34 176.388 47.8425 2036.95 1889.64 1850.43 1797.95 684.893 364.226 147.317 646.36 618.976 520.496 177.602 342.894 83.7594 259.135 221.379 128.546 98.4799 141.73 111.524 1111.64 146.473 965.171 922.319 214.821 1007.73 758.047 732.335 598.206 576.714 513.267 134.13 75.7325 356.712 143.246 213.466 58.397 87.2316 81.2419 46.6093 149.405 132.224 126.733 96.5792 156.555 34.5885 52.6431 249.688 696.358 675.683 584.21 564.965 509.776 55.1884 91.4734 228.986 127.893
internal_count=43704 16625 27079 21698 2167 546 19531 17428 17053 16653 5381 5840 2103 5165 4984 4201 1259 2942 679 2263 1824 1621 783 1089 764 11673 1309 10364 9964 2939 10785 8258 8069 6786 6552 5752 1283 800 3955 1594 2361 483 1121 703 447 2901 1658 861 683 1797 716 405 2527 7715 7563 6333 6188 5608 580 1230 2318 1951
is_linear=0
shrinkage=0.05


Tree=79
num_leaves=63
num_cat=0
split_feature=29 4 29 4 12 21 10 22 12 21 9 12 34 37 11 4 22 21 12 10 14 1 5 4 40 13 10 4 0 26 4 26 26 10 29 1 34 12 36 11 10 14 9 29 37 0 6 12 10 4 39 14 36 21 40 22 10 1 26 1 0 4
split_gain=57.2685 26.2852 20.0102 20.7852 19.3937 20.7128 26.0246 23.1769 21.6526 21.6088 21.3703 21.1011 38.2411 21.4551 18.2881 22.9461 18.3991 28.3175 24.1201 21.91 24.7508 46.6105 16.4993 16.1548 15.9254 15.8293 15.7739 15.3947 40.4809 18.6215 15.5365 20.6943 15.3199 15.0288 14.959 14.905 21.9262 21.8774 14.2506 16.4257 25.7714 13.9179 13.808 13.4981 13.3942 13.149 12.6788 12.5728 14.2901 19.2685 19.8403 15.5154 13.9875 19.6205 12.6093 12.4425 52.5213 32.6896 32.1216 24.4208 35.4889 23.8157
threshold=0.44304260361860009 476.47500000000008 0.11356162398240797 648.10000000000014 19.500000000000004 0.00047064002705104042 0.54880290202625592 1.0000000180025095e-35 20.500000000000004 0.00029657002292457306 0.3973118603251054 27.500000000000004 0.26931118753004385 -52.415392950042225 1.5000000000000002 154.57500000000002 1.0000000180025095e-35 0.0010438115251357614 26.500000000000004 0.60067260293796176 0.12992122294710795 66.500000000000014 0.033450349203226488 28.375000000000004 0.0056489929804275684 0.041328830442464028 0.47655595686767177 142.82500000000002 0.041315803556354135 -0.013119187227608716 458.02500000000003 0.020183877320390991 0.022404081623590973 0.18835997236732541 0.2870918951549622 13.500000000000002 0.20195414733523678 18.500000000000004 47.173249079279195 2.5000000000000004 0.099901977334473716 -0.032393397743819038 0.011248242736644791 0.27674655810080023 -18.44580247378758 0.0049144085883491406 0.40725358346339885 26.500000000000004 0.33775961345570354 258.27500000000003 0.036534141524640157 -0.07416838454888118 30.385188337952957 0.00082446070880960373 0.037331975013096062 1.0000000180025095e-35 0.11806981796331541 62.500000000000007 0.01130306010759107 38.500000000000007 0.035616207173198716 317.02500000000003
decision_type=2 2 2 2 2 10 10 2 2 8 10 2 8 8 2 2 2 10 2 10 2 2 8 2 10 2 8 2 2 2 2 2 2 10 2 2 8 2 10 2 8 2 8 2 8 2 10 2 8 2 8 2 10 10 10 2 10 2 2 2 2 2
left_child=2 14 -1 4 27 7 10 8 -6 44 11 13 -13 43 15 24 18 46 19 20 21 25 26 -24 -2 35 33 28 -4 34 55 -32 -30 -11 -29 36 -16 -37 39 -39 -41 -20 -25 -7 -10 -28 -18 48 51 50 -50 52 54 -54 -15 56 -31 58 61 60 -58 -57
right_child=1 -3 3 -5 5 6 -8 -9 9 22 -12 12 -14 47 16 -17 17 -19 41 -21 -22 -23 23 42 -26 -27 45 29 32 30 31 -33 -34 -35 -36 37 -38 38 -40 40 -42 -43 -44 -45 -46 -47 -48 -49 49 -51 -52 -53 53 -55 -56 57 59 -59 -60 -61 -62 -63
leaf_value=0.010685921949901428 0.034090664180072804 -0.04904669242921933 0.044666117038110922 -0.03382846880150267 0.055427076695746917 0.028995362336667874 -0.063428874444481739 -0.038338789131117906 -0.038153531902309003 0.0075837473905768201 0.038843432224595027 0.034178979422561158 -0.019441697123466165 -0.0042322525693089096 0.017556818097959958 -0.032316659094474467 -0.053843749386103257 0.0094395338670549694 -0.0015435942216818846 -0.037126917488318173 0.037781408493100604 -0.044081948338320451 -0.0071439091502955542 0.0028602888042198312 -0.011369227154206121 -0.022089970380846244 -0.0087630425002785239 0.0401931164430267 0.010408436817774612 0.048570413977585492 -0.038884815834427398 0.0095820844187888485 -0.017698974469864102 -0.028462869409846409 -0.0021206970641941231 0.046279841050295312 -0.05125000791931527 0.042249993846023161 -0.01368581511485608 -0.046121574515048218 0.032565128584769613 -0.045593081063370441 0.038767696711225687 -0.015276797546844766 0.017623222630913076 0.034093213048426836 -0.0013198264426219145 -0.047110679146602177 0.051611913818538926 -0.036690175582070474 -0.0068987370357767482 -0.036131899519321442 -0.016060276413394765 0.033685934811659948 -0.054264059926820984 0.027605494352062734 0.027732929181797719 -0.037654118848691298 -0.020916089003461508 0.01560083921428429 -0.029660030354189189 -0.0059752758945916451
leaf_weight=718.10155312903225 20.965429004281759 41.72681216429919 83.544763304293156 41.60930634662509 22.427414258942008 41.747445542365313 21.333662990480661 29.326062666252255 41.863585827872157 52.745462294667959 24.153293021023273 68.839335758239031 64.318595394492149 22.767078274860978 29.804245501756668 149.02248208597302 51.289289997890592 44.723079890012741 33.214084398001432 27.432808313518763 62.951998699456453 44.350082520395517 40.454651668667793 36.922263041138649 237.55998000316322 31.615974931046367 29.529139157384634 53.770156349986792 331.90083660744131 67.203995436429977 55.892971893772483 36.34606771543622 56.771358603611588 64.003754571080208 34.154273400083184 61.867191443219781 18.93323764577508 46.155197812244296 42.280457159504294 18.067330721765757 24.538713682442904 38.973827935755253 97.402170376852155 29.300365019589663 14.488592820242046 45.439505487680435 14.806386532261966 36.524350726976991 24.244883097708225 23.552049081772566 36.00312771461904 111.07119871117175 57.731993732973933 30.184512820094824 28.181317780166864 123.17132927291095 36.149566588923335 61.072185283526778 101.37497915513813 120.23527306877077 105.66724000312388 92.411638773977757
leaf_count=5039 127 1328 1413 1064 522 268 159 545 635 423 303 463 470 233 406 2283 1032 307 233 328 666 265 267 350 2545 254 231 332 3797 589 684 341 420 450 276 711 186 451 336 317 186 474 796 289 137 392 158 535 223 310 298 1459 551 352 246 980 477 554 1000 1387 1171 838
internal_value=3.02941e-05 -0.0101665 0.00333076 0.00121453 0.00180865 -0.00314518 -0.00916324 0.00471596 0.00755156 0.0050123 -0.00722931 -0.00916643 0.00827886 -0.0144303 -0.00854176 -0.0166902 -0.00292271 -0.0212869 0.00131543 0.0060291 0.00913998 0.00346314 0.00944443 0.0205554 -0.0076826 0.0111796 -0.000684905 0.00579657 0.0130902 0.00191562 -0.000486222 -0.0197868 0.00630293 -0.0121776 0.0237563 0.0155325 -0.00917283 0.0217742 0.0102046 0.0215845 -0.000802407 -0.0253257 0.0288977 0.0107374 -0.0238129 0.0172127 -0.0420776 -0.0192596 -0.0162116 0.00165656 0.016647 -0.0222025 -0.011061 0.00101917 -0.0319066 0.00203082 0.00913677 -0.00415831 0.00229574 -0.0009761 -0.0150304 0.0132108
internal_weight=4254.21 1040.28 3213.93 2495.83 2454.22 1094.56 619.953 474.603 445.277 422.849 598.62 574.466 133.158 441.308 998.552 407.548 591.004 110.819 480.185 407.997 380.564 317.612 366.497 174.779 258.525 273.262 191.718 1359.67 472.217 887.45 799.525 92.239 388.672 116.749 87.9244 241.646 48.7375 192.909 131.042 88.7612 42.606 72.1879 134.324 71.0478 56.3522 74.9686 66.0957 370.261 333.736 83.8001 60.248 249.936 138.865 87.9165 50.9484 707.286 329.256 378.03 316.958 262.052 141.817 215.583
internal_count=43862 12593 31269 26230 25166 10907 6159 4748 4203 3681 6000 5697 933 4764 11265 4955 6310 1497 4813 4106 3778 3112 2909 1413 2672 2847 1496 14259 5630 8629 8021 1025 4217 873 608 2593 592 2001 1290 954 503 707 1146 557 772 623 1190 4207 3672 831 521 2841 1382 903 479 6996 3624 3372 2818 3035 1648 1818
is_linear=0
shrinkage=0.05


Tree=80
num_leaves=63
num_cat=0
split_feature=29 4 12 4 10 10 6 29 36 21 21 41 36 29 26 21 41 21 10 11 22 21 17 37 18 1 21 34 18 18 10 17 5 11 1 11 39 11 22 12 1 21 18 12 36 10 6 12 11 41 12 39 1 12 26 14 41 18 41 11 36 41
split_gain=44.8326 35.023 20.215 25.0496 21.7211 21.2945 19.9206 17.9003 17.34 21.2874 28.9686 17.2871 17.457 15.3893 14.5929 15.0292 14.3626 19.0816 21.4266 19.7325 37.0553 85.5027 49.2572 33.1157 37.5838 59.0392 28.8425 28.8285 23.5813 20.0004 18.7812 19.3284 16.4068 19.7433 16.2952 17.5882 14.2605 13.8253 13.6739 28.0123 25.0433 27.0147 28.6556 20.3884 19.3872 17.5733 13.6499 19.7129 13.548 18.8842 18.9465 15.5015 14.7487 13.3076 13.0423 13.6418 17.8838 16.551 14.7058 12.8688 12.7686 12.6942
threshold=0.28285532603017577 431.05000000000007 13.500000000000002 87.675000000000026 0.2986136670347197 0.20210279382504601 0.031088487631061461 0.5481127322933802 23.557721991811423 0.0017223780046719309 0.0010312531769764515 0.080441358379491762 70.540140733532823 0.078062083359420789 0.0068626515011911077 0.0010777912731372481 0.013156706864373396 0.00045643157867146912 0.37783878869302073 1.0000000180025095e-35 1.0000000180025095e-35 0.00096829543842269332 0.04639848191410495 -9.9916048723470823 0.0023093248869168197 26.500000000000004 0.0010738979199818861 0.0061248205176851487 -0.0060418928758193538 -0.00087455043592693505 0.2136329966329967 -0.0013124067333620431 0.021162480393697627 1.0000000180025095e-35 63.500000000000007 2.5000000000000004 0.069326159318591915 1.5000000000000002 1.0000000180025095e-35 18.500000000000004 43.500000000000007 0.00064858103451909024 0.001483004695016499 14.500000000000002 21.570252767634852 0.08768403639371386 0.22960863628437561 26.500000000000004 3.5000000000000004 0.03421409639156725 19.500000000000004 0.03426562165914878 16.500000000000004 24.500000000000004 0.020183877320390991 -0.34593594456377119 0.073140739142154312 0.0039265169791955499 0.037836615451613119 1.0000000180025095e-35 77.985472971868447 0.025458368262932556
decision_type=2 2 2 2 8 8 10 2 8 10 8 10 8 2 2 8 8 8 10 2 2 10 8 8 10 2 10 8 10 10 10 10 8 2 2 2 10 2 2 2 2 10 10 2 10 10 10 2 2 10 2 10 2 2 2 2 10 10 8 2 10 10
left_child=8 2 54 4 5 6 -4 11 9 10 -1 12 38 -10 15 36 -15 18 32 20 21 27 -22 30 25 28 29 -19 -25 -27 31 34 37 -34 -21 -36 -8 -18 43 40 41 -40 -43 45 -45 -5 47 -6 49 51 52 -46 -51 -50 55 -2 57 58 -57 -16 -13 -61
right_child=1 -3 3 7 46 -7 14 -9 13 -11 -12 60 -14 16 59 -17 17 19 -20 23 22 -23 -24 24 -26 26 -28 -29 -30 -31 -32 -33 33 -35 35 -37 -38 -39 39 -41 -42 42 -44 44 48 -47 -48 -49 53 50 -52 -53 -54 -55 -56 56 -58 -59 -60 61 -62 -63
leaf_value=-0.0077856685669048025 0.040877604993174284 -0.02922993606219533 0.035916714768452943 0.017517861580457404 0.026525348618901663 -0.038347477919295547 -0.024858780147247368 -0.027270075174162391 0.017269899434752007 -0.049214802090133618 0.046529234576531631 0.028733226015535341 -0.032589698020253306 -0.032748337998058777 -0.027350135577563175 0.025230354977011222 -0.022680190270749377 -0.045179017447401153 0.051067143956364358 0.022337457189637547 0.044607643994272334 0.043227421704050951 -0.029274057286533813 0.0031283165295847137 -0.038402374217770957 0.040902932233220536 -0.015110696943359633 0.0067476797064801673 -0.033064618337494592 0.0068309440007408677 -0.031196923777184637 -0.014189284084341121 -0.0079255094266202451 0.034511300983666456 0.02229769568994136 -0.034807264234862585 0.018896523858112434 0.016217150011505581 -0.042675699264311813 -0.051620622095545465 -0.04041460463631863 0.040282180576621598 -0.023474318983272874 -0.03281481869114191 0.026365677454078407 -0.045849061783397219 -0.016119393204622332 -0.0048448934744352414 0.039263844209540516 -0.033943016391891775 -0.036850230078296901 -0.015165317548459413 0.016352183103283704 -0.0072599024601269898 -0.01570911359181992 -0.011161561422754868 -0.027219292061548307 -0.016998585484264403 0.02218654373600705 0.049134133590465888 -0.015718110541054136 0.0042662371719913031
leaf_weight=237.94926925189793 32.522101011127234 143.63163308240473 31.222101053223014 14.578268144279717 159.17299324460328 46.205733669921756 143.86873318254948 151.10421093925834 288.8936009965837 26.457168711349368 27.372722022235394 50.448820069432259 81.734986137598753 25.171023352071643 17.500835653394461 21.515868231654167 49.6597073469311 77.976964555680752 40.306272570043802 271.19636573828757 125.73275334760547 67.140338249504566 27.492806177586317 64.484339190647006 90.696190541610122 90.57651193626225 61.763983065262437 40.669479288160801 148.98274069838226 82.120832040905952 26.115727122873068 57.147740606218576 38.136108314618468 97.427443144842982 25.650232519954443 28.427880097180605 21.390073696151376 42.304759522899985 22.644136887043715 48.855751519091427 41.808051859028637 53.334201300516725 26.321576060727239 36.043196443468332 81.985007863491774 43.856762818992138 36.801557809114456 73.06725344248116 49.852205488830805 19.928518733009696 50.537946356460452 30.950114764273167 54.2701365519315 22.222092885524035 57.265768434852362 39.961290258914232 34.281848724931479 44.094897676259279 191.38988621346653 24.908707542344928 23.765839174389839 42.94039324298501
leaf_count=1808 267 3421 339 87 1849 566 1980 1781 1983 209 201 556 812 326 292 142 328 591 739 2161 924 776 221 540 790 985 650 362 1308 956 186 387 343 865 279 184 239 419 412 1149 619 341 273 390 768 817 318 548 554 254 819 258 540 266 419 503 373 423 2036 287 184 434
internal_value=-0.000147883 -0.00541362 -0.00363415 -0.00626037 0.00149287 -0.00672694 -0.0019105 -0.0115644 0.004889 -0.00644682 -0.00218211 -0.00841329 -0.0109178 0.00665957 -0.00625059 -0.0140777 0.00471853 0.0053254 0.0174668 0.00279707 0.0131488 -0.0018634 0.0313513 -0.000908083 -0.0090504 -0.00310724 0.0142135 -0.0273796 -0.0221314 0.0247011 0.00982691 0.0126284 0.0115145 0.0225732 0.0173401 -0.00772134 -0.0191954 -0.00478695 -0.00795169 -0.0189022 -0.00780993 0.00551498 0.0192144 -0.00272427 0.00189189 -0.0300404 0.0121724 0.0166557 0.00593049 0.000172036 -0.0132386 0.014984 0.00284373 0.0249195 0.00637622 0.0100716 0.00683688 0.0110755 0.0164263 0.0108777 0.0144985 0.0207381
internal_weight=4225.84 2065.98 1922.35 1522.84 618.594 349.552 303.347 904.242 2159.85 291.779 265.322 753.138 678.923 1868.07 272.125 186.775 1579.18 1554.01 267.834 1286.17 339.012 185.787 153.226 947.163 538.625 447.928 234.461 118.646 213.467 172.697 408.538 382.422 227.528 135.564 325.274 54.0781 165.259 91.9645 597.188 192.964 144.108 102.3 79.6558 404.224 345.789 58.435 269.042 232.24 309.746 237.672 124.737 112.935 74.1987 72.0743 399.516 342.25 309.728 275.446 231.351 85.3499 74.2147 67.8491
internal_count=43837 25316 21895 17874 6994 4279 3713 10880 18521 2218 2009 9099 8359 16303 3374 2361 14320 13994 2694 11300 2874 1729 1145 8426 5229 4439 2591 953 1848 1941 3197 3011 1955 1208 2624 463 2219 747 7547 2794 1645 1026 614 4753 3849 904 2715 2397 3459 2639 1613 1026 794 820 4021 3602 3335 2962 2539 1013 740 721
is_linear=0
shrinkage=0.05


Tree=81
num_leaves=63
num_cat=0
split_feature=29 4 11 12 22 12 21 11 1 21 12 39 5 4 21 40 41 14 29 41 10 18 22 42 16 7 34 12 14 0 20 34 21 25 12 6 12 39 21 32 21 14 12 41 29 18 13 12 37 41 1 11 10 39 12 11 37 10 7 21 5 7
split_gain=47.0534 31.5329 24.8588 22.4414 34.3677 33.3127 29.9545 29.7378 33.0821 28.6103 27.5268 22.3365 22.0448 20.304 17.4624 16.9657 16.6055 20.4782 17.1255 16.5448 17.8631 20.3807 39.857 23.4047 18.7323 16.4769 26.9528 20.1565 19.7264 15.7273 15.7163 15.4666 15.2477 17.1121 15.0783 14.7834 16.2999 14.7416 14.409 14.0715 36.058 19.3987 13.8771 14.1726 13.7743 13.7539 21.2717 15.4449 13.6786 29.4885 13.5626 13.3363 13.1392 12.7162 17.1741 29.4028 19.694 15.3773 14.1169 17.2512 20.6905 12.2366
threshold=0.36586285889942433 88.875000000000014 1.5000000000000002 18.500000000000004 1.0000000180025095e-35 19.500000000000004 0.00047064002705104042 2.5000000000000004 20.500000000000004 0.00029657002292457306 25.500000000000004 0.0047366540584074064 0.015899735114827718 320.22500000000008 0.00037889197119452114 0.037840965824456778 0.033466165469855112 -0.026821254998597954 0.21046336914226302 0.021455868530562642 0.58298339701689406 -0.006392237563876745 1.0000000180025095e-35 0.041150784767001479 0.12620689302025573 0.066292464089211314 0.30683946021325598 25.500000000000004 -0.07416838454888118 0.013366016135258301 57.352423338514726 0.012155243640584736 0.00062101855290404805 672.50000000000011 27.500000000000004 0.021940081606777833 24.500000000000004 0.097225509822033276 0.00068498468964292884 0.30345397935048662 0.0010256050219386965 0.10742132825706757 25.500000000000004 0.038928873750347558 0.095936122428622095 -0.010365815655684283 0.022360848893190451 13.500000000000002 36.114248925653889 0.057775149549549397 28.500000000000004 1.5000000000000002 0.10366680234218449 0.035939803764257851 21.500000000000004 1.0000000180025095e-35 -40.926079294511887 0.29538574691286346 0.18943863054547513 0.00066101306762885012 0.1230831115786868 0.31861875620122337
decision_type=2 2 2 2 2 2 10 2 2 8 2 8 8 2 10 10 10 2 2 8 10 8 2 8 10 10 8 2 2 2 8 10 10 2 2 8 2 10 8 10 10 2 2 10 2 10 2 2 8 10 2 2 8 10 2 2 8 8 8 8 10 10
left_child=3 53 13 37 5 7 9 -5 -9 50 16 -4 -11 14 31 29 17 18 -6 -13 21 -21 23 35 -24 26 -8 48 32 30 -14 -3 33 -27 -30 -23 38 39 -37 41 51 -1 43 -34 -19 -16 47 -47 -28 -50 -7 -41 -25 54 56 -56 -2 61 -55 -60 -61 -58
right_child=1 2 11 4 10 6 25 8 -10 12 -12 19 15 -15 45 -17 -18 44 -20 20 -22 22 24 52 -26 28 27 -29 34 -31 -32 -33 42 -35 -36 36 -38 -39 -40 40 -42 -43 -44 -45 -46 46 -48 -49 49 -51 -52 -53 -54 58 55 -57 57 -59 59 60 -62 -63
leaf_value=0.0085580717429562404 0.064763569808774013 -0.025809240715732585 -0.055582471226232437 0.053071265724709188 0.012205493952858023 0.0023135909368975781 0.034937297140100736 -0.034204170725528053 0.048693876499712463 0.00018502153966292389 0.026052886669877068 -0.047381330730458207 0.031256033350649949 -0.045139735449259033 0.013735293361146261 -0.0050869548302275389 -0.047708027855921258 -0.0077005620636226655 -0.031077270568584489 0.021205865895465977 -0.037905568041538655 -0.022231811355285284 -0.05187637948240742 0.019075765044386243 0.0011991561199529027 -0.053892769059974678 0.033194882123262721 -0.025224882511329674 -0.030844744940661469 0.040197813787281128 -0.017358515490288044 0.029972501698401113 -0.043169966331365044 -0.00023275855054547391 0.010741062247802828 0.04639895695862619 -0.0070373897416921606 0.04577886141812091 0.011853608434574867 -0.0062282937468476733 -0.030801733413571876 0.043343035656938173 0.024575065941523602 0.0078508061636433282 -0.052285930711905432 0.010208078991794966 -0.048625921834915077 -0.024860504464969735 -0.04366053618266412 0.03713152811224215 -0.041600605654355055 0.033698820910431686 -0.023286111219807445 0.016328000605984997 -0.054196813189654747 0.0076003062244142635 -0.040092491714095159 0.038090207440063452 -0.031755005547203341 -0.030747194140944834 0.0098238189262666621 0.011376557652120265
leaf_weight=1024.8931911587715 23.54377550445497 19.743932704441249 21.817786376923323 60.013232104480267 72.126161063089967 35.33228905685246 52.777508608996868 28.596549019217491 20.780494248494506 152.94885712489486 32.831128742545843 21.052511380985379 39.370469588786364 79.028593700379133 24.275409147143364 40.636932162567973 52.137356825172901 27.512441635131836 33.453544315882027 93.724763154052198 32.655556600540876 24.017574928700924 56.302613700740039 23.065380884334445 23.589392555877566 25.368284359574318 37.068138567730784 74.497046522796154 158.59330162405968 134.87493104301393 28.775932462885976 33.52991852723062 20.197532750666142 35.858447121456265 25.270418677479029 60.362224543467164 42.003587108105421 26.140851870179176 60.378361131995916 36.794655291363597 76.596296755596995 41.711352067068219 62.747200980782509 41.73924994841218 46.774109858088195 42.074522549286485 71.262127573601902 123.71839517354965 25.357799727469683 20.364345170557499 34.997854556888342 48.457647621631622 88.683076100423932 59.217303585261106 22.524408726021647 132.33965665102005 15.653101822361348 39.514562426134944 69.746616989374161 44.011570863425732 109.88724266923964 44.034256130456924
leaf_count=9289 172 295 533 813 446 381 357 244 530 1146 411 597 314 2030 223 288 510 153 437 976 383 190 1384 208 185 239 285 501 1511 1247 205 269 199 241 155 564 541 396 518 260 802 593 423 449 821 356 930 1734 180 278 429 517 777 682 475 1313 193 514 736 380 1086 583
internal_value=-0.000224532 -0.00730766 -0.0128984 0.00375109 -0.00055159 0.00316997 0.000426331 0.0294244 0.00068375 0.0098517 -0.0167985 -0.00600961 0.0150636 -0.0224826 -0.0167911 0.0244031 -0.0228624 -0.0156605 -0.0015089 -0.00395275 -0.00214151 0.000332174 -0.00483794 0.003557 -0.036205 -0.0071638 0.00401886 -0.00635577 -0.0135166 0.0303059 0.0107277 0.00929911 -0.00203182 -0.0224659 -0.0251291 0.0143868 0.0197909 0.00862447 0.029124 0.00783384 -0.00590367 0.0099184 0.00800244 -0.00878702 -0.0357735 -0.0221098 -0.0257805 -0.0159609 0.0106232 -0.00767628 -0.0195391 0.0164664 -0.0145424 0.00208169 0.00968393 -0.00138786 0.0236528 0.0138959 -0.00537937 -0.0111271 -0.00177857 -0.00212128
internal_weight=4177.35 1501.76 941.286 2675.6 1421 1156.17 1046.78 109.39 49.377 466.937 264.835 547.653 396.607 393.633 314.604 243.658 232.004 179.866 105.58 525.835 504.783 472.127 378.402 298.51 79.892 579.839 210.065 157.287 369.774 203.021 68.1464 53.2739 185.911 61.2267 183.864 186.762 162.744 1254.59 120.741 1228.45 161.849 1066.6 124.684 61.9368 74.2866 261.33 237.055 165.793 82.7903 45.7221 70.3301 85.2523 111.748 560.472 277.61 154.864 122.746 99.2019 282.863 223.645 153.899 59.6874
internal_count=43877 18827 12693 25050 13193 10415 8828 1587 774 4010 2778 6856 3200 5837 3807 2054 2367 1857 883 6323 5726 5343 4367 2798 1569 4818 1601 1244 3217 1766 519 564 1551 480 1666 1813 1623 11857 1082 11461 1579 9882 1071 648 974 3243 3020 2090 743 458 810 777 985 6134 3250 1788 1462 1290 2884 2202 1466 776
is_linear=0
shrinkage=0.05


Tree=82
num_leaves=63
num_cat=0
split_feature=29 4 12 22 7 18 32 21 9 1 34 12 21 29 11 8 12 17 26 6 41 21 1 5 34 17 18 7 7 21 9 27 29 32 12 12 5 4 12 13 1 21 4 26 7 26 27 21 9 18 2 11 22 11 33 7 12 26 34 1 11 12
split_gain=41.1023 37.7122 21.8991 25.4365 22.9632 32.2603 21.7798 20.2822 27.1067 26.4617 21.216 47.1166 18.907 18.3687 17.3757 21.8363 18.8397 15.1195 14.9526 14.6794 14.0896 13.827 13.7532 24.507 18.9889 25.1831 15.7176 30.9336 30.7294 20.9894 23.8315 23.526 20.8789 18.2137 17.5522 16.2996 23.6689 14.7134 14.0446 13.7089 14.9456 13.5528 13.2018 14.7514 16.2915 19.0501 13.1611 12.8206 19.5382 31.7152 22.9689 18.6694 12.6926 50.8542 12.685 12.4699 27.4945 21.4254 25.855 12.4641 12.1347 34.1711
threshold=0.25722739275830381 317.02500000000003 18.500000000000004 1.0000000180025095e-35 0.53242499321690218 0.0041121453075003709 -0.22535397471200849 0.001117208216489238 0.16569480310784782 72.500000000000014 0.044467679562974156 26.500000000000004 0.00098139251852490702 0.54582088274980578 1.5000000000000002 0.13756613756613764 12.500000000000002 0.09584080193319916 0.024624285926790956 0.032113248597274706 0.013156706864373396 0.00029657002292457306 18.500000000000004 0.22484566040848439 0.373054070971159 0.01977735007444725 0.0018395452002647474 0.4899390206495467 0.35850071715915338 0.0010211601010804996 0.38808687478096487 1.0625776976628545 0.087163797743180685 0.21877909683426447 19.500000000000004 27.500000000000004 0.0028005470507786851 264.22500000000008 19.500000000000004 0.090218960873810178 60.500000000000007 0.00050092691370590516 534.97500000000014 -0.013119187227608716 0.16723710535304739 0.01130306010759107 0.99908340971585707 0.00084991904341544765 0.078128106361829056 -0.0010683167450901696 -0.33527360377019116 1.5000000000000002 1.0000000180025095e-35 1.0000000180025095e-35 0.0058128990923483901 0.62326407323199284 21.500000000000004 0.015743468713991033 -0.35800815217391296 9.5000000000000018 1.5000000000000002 24.500000000000004
decision_type=2 2 2 2 10 10 10 10 10 2 8 2 10 2 2 10 2 8 2 8 8 8 2 10 10 10 10 10 10 10 10 8 2 10 2 2 8 2 2 2 2 10 2 2 8 2 8 10 10 8 8 2 2 2 10 10 2 2 10 2 2 2
left_child=20 2 4 7 5 12 -6 8 9 13 -9 19 52 60 -8 16 -16 39 42 -12 -1 -22 24 26 25 47 28 32 29 31 33 34 -28 -31 -24 36 -36 55 -27 40 -14 -38 43 -3 45 -45 -10 48 49 50 -23 59 -2 54 -54 56 -30 58 -57 -51 -4 -62
right_child=1 18 3 -5 6 -7 14 10 46 -11 11 -13 17 -15 15 -17 -18 -19 -20 -21 21 22 23 -25 -26 38 27 -29 37 30 -32 -33 -34 -35 35 -37 41 -39 -40 -41 -42 -43 -44 44 -46 -47 -48 -49 -50 51 -52 -53 53 -55 -56 57 -58 -59 -60 -61 61 -63
leaf_value=-0.02095864846580657 0.028389586558076191 0.010903956199697189 -0.00770733239861272 -0.046575206264555129 0.0069113398699860154 -0.027164174256573553 -0.037103017587447239 0.061637355244281516 -0.021619743864381893 -0.058973186495551416 0.0027528766281598198 -0.057361540105107557 -0.017926104265910656 -0.0194485525315722 -0.059685234007676106 0.032617000080054935 -0.0010504610759215136 0.034658198494782799 0.0058480569460684813 0.05753692992217975 -0.01899816617794357 -0.049637765466898937 0.037220496808770959 0.028016824249565909 -0.02725087415020095 0.043426986098887108 0.014632532998583456 0.032492671302618403 0.037109746369339384 0.0071093125644348942 0.032719257518382373 -0.0044983672705357549 -0.021948156898717056 -0.037669550698869847 -0.018082828126791507 0.052129096132545655 0.037137223507201132 -0.022635553804654096 -0.004201396685472595 -0.052379171717238007 0.037540904093877392 0.0043923233156767712 -0.04628627882619335 -0.045243307096053058 -0.035241249607811671 0.0048478686691945808 -0.066468232255781509 0.026197889922178058 -0.02213785814521986 0.038064441715630504 0.0032610372683119712 -0.006291291512034238 0.047513712287506372 -0.038349707069690223 0.0060995364572023966 0.045200392409747929 -0.022055869143585857 -0.040359833518688902 -0.018433655284967231 0.0026317010015068907 0.026244721753983132 -0.0046088163693546952
leaf_weight=50.073697978630662 217.42151532508433 35.882213829085231 227.39955681934953 38.516058971174061 163.15750091336668 49.159078616648912 72.763075370341539 20.817880690097809 120.43176606856287 21.070104222744703 23.458258524537086 21.579491684213281 43.242699669674039 127.01675509288907 20.675033295527101 27.766385436058044 40.604399442672729 20.355170879513025 50.445206457749009 25.540506286546588 54.070376146584749 40.566869590431452 188.02950142510235 156.85836925171316 57.147903580218554 53.869601214304566 52.538511913269758 46.93617107719183 58.284297628328204 45.425500962883234 36.159894032403827 74.293765699490905 151.45301839150488 45.409172868356109 51.287766261026263 27.22178016975522 69.031595913693309 76.022458851337433 21.718241849914193 17.728912964463234 16.887478502467275 58.275275334715843 52.791854844428599 25.696916500106454 129.45510431472212 72.624097660183907 18.929401503875852 37.553771192207932 110.15771070867777 78.324680812656879 41.526511562988162 67.604677304625511 47.529883375391364 39.34686990454793 30.262152502313256 27.452486027032137 29.611847136169672 34.750304736196995 38.139261214062572 36.332175988703966 142.87701375037432 241.3018513340503
leaf_count=537 2881 283 2434 828 1444 561 1037 116 1508 144 200 275 499 1265 232 196 511 192 573 340 508 316 2190 1315 472 580 284 505 642 375 577 517 1250 388 426 164 556 506 168 185 253 458 1942 492 2423 774 160 457 781 460 294 465 307 576 214 152 216 275 336 232 1831 2649
internal_value=-0.000140332 -0.00479883 -0.00187411 -0.00671005 0.00429256 0.0112189 -0.00597934 -0.00515975 -0.00744112 -0.0037225 0.0172811 0.00419771 0.0155788 -0.00214635 -0.0189775 -0.0041663 -0.0208332 -0.00370979 -0.0194333 0.031309 0.00521496 0.0059173 0.00666079 0.00951703 1.73304e-05 0.00321287 0.00690352 -0.00410581 0.010118 0.0164183 -0.0016101 0.021309 -0.0125267 -0.0152761 0.0261772 0.0160882 0.0105948 -0.00407064 0.0297422 -0.0137406 -0.00234827 0.0221481 -0.0234633 -0.0188936 -0.0235876 -0.00824383 -0.0277115 -0.00165356 -0.00444633 0.0029258 -0.0228792 0.0145488 0.0212412 0.00797314 0.031403 0.00342705 0.0171771 -0.00861752 0.00819946 0.0268366 0.00144709 0.00686569
internal_weight=4118.86 2202.73 1835.84 1028.94 806.9 481.934 324.966 990.423 899.026 759.665 91.3961 70.5783 432.775 738.595 161.809 89.0458 61.2794 98.2143 366.895 48.9988 1916.13 1866.05 1811.98 1267.18 544.802 487.654 1110.32 250.928 859.395 595.134 126.995 468.14 203.992 90.8347 393.846 205.816 178.595 264.261 75.5878 77.8591 60.1302 127.307 316.45 263.658 227.776 98.321 139.361 412.066 374.513 264.355 82.0934 182.262 334.56 117.139 77.792 188.238 87.8961 100.342 65.5917 114.657 611.578 384.179
internal_count=43727 27325 20838 11750 9088 5668 3420 10922 9991 8323 931 815 5107 8179 1976 939 743 1129 6487 540 16402 15865 15357 11132 4225 3753 9817 2039 7778 5651 1340 4311 1534 763 3794 1604 1440 2127 748 937 752 1014 5914 3972 3689 1266 1668 3005 2548 1767 610 1157 3978 1097 521 1621 858 763 488 692 6914 4480
is_linear=0
shrinkage=0.05


Tree=83
num_leaves=63
num_cat=0
split_feature=41 41 21 4 0 21 1 21 17 18 1 22 6 1 18 10 11 32 22 21 10 21 24 10 11 11 10 27 1 26 0 34 37 11 20 1 34 20 21 8 4 21 17 40 4 39 21 10 37 41 1 40 4 18 42 34 1 4 4 33 21 11
split_gain=21.0229 39.6531 18.8778 17.922 30.1679 26.7515 23.738 22.0163 24.286 36.1246 24.6205 24.1838 19.1798 18.1892 26.8283 23.1431 33.2232 24.9984 29.0948 23.3247 20.7224 19.4485 17.1021 16.8626 28.3911 61.5794 28.3053 27.3055 25.1899 24.0356 19.4481 17.0665 16.835 30.8075 16.5167 15.2444 49.2974 47.2607 25.9439 17.9487 14.7925 14.3052 13.5523 13.475 13.2557 19.2402 12.9073 12.7222 28.5014 18.9174 13.7986 12.6535 12.5815 12.4927 15.2193 12.248 12.2278 12.9486 12.094 12.0405 12.0218 18.9614
threshold=0.090993535599196221 0.15364559918408813 0.0019994888060118261 89.675000000000026 0.00087780771363815192 0.0017223780046719309 73.500000000000014 0.0016072420169554234 0.0024998369746048405 -0.0082220610274075217 64.500000000000014 1.0000000180025095e-35 0.42035639818576559 73.500000000000014 -0.0086428926599783611 0.23845532496582583 1.5000000000000002 0.37349520396852393 1.0000000180025095e-35 0.00097965667205536142 0.49214702972309948 0.00074357879551946026 0.027494736225680775 0.39478453450644552 2.5000000000000004 1.5000000000000002 0.098225142009680036 0.4091063226363329 41.500000000000007 -0.0020181657116088141 0.0092275751399791637 0.017364765573035127 -39.727199207113884 3.5000000000000004 49.364627118398246 19.500000000000004 0.14044184501642223 40.033784475954036 0.00092877662542263162 0.054003484320557509 61.975000000000009 0.00029657002292457306 -0.010597694794066781 0.05834370901050865 67.475000000000009 0.020028944195175088 0.00066320082014647717 0.36633673252338955 -2.9049832510214504 0.050486200270703163 43.500000000000007 0.063731342814564398 40.57500000000001 -0.0024515784812701997 0.025126287881571108 0.14588562697806409 22.500000000000004 242.02500000000003 209.40000000000001 -0.023876253440996083 0.00063699932709936297 1.5000000000000002
decision_type=10 10 10 2 2 10 2 10 10 8 2 2 8 2 8 10 2 10 2 10 10 10 2 8 2 2 10 8 2 2 2 10 10 2 10 2 10 8 10 8 2 10 8 10 2 10 10 10 10 10 2 10 2 10 8 10 2 2 2 10 10 2
left_child=2 22 3 5 -5 6 12 8 9 10 -6 -9 23 14 -10 19 17 18 58 59 34 -20 -2 24 25 29 -27 43 32 30 -1 44 -26 40 -18 36 37 42 39 60 -34 -37 -11 -25 45 -31 -35 48 50 -49 55 -32 -29 54 -52 -43 -22 -58 -17 -16 61 -39
right_child=1 -3 -4 4 7 -7 -8 11 13 35 -12 -13 -14 -15 15 16 20 -19 21 -21 56 -23 -24 27 28 26 -28 52 -30 31 51 -33 33 46 -36 41 -38 38 -40 -41 -42 47 -44 -45 -46 -47 -48 49 -50 -51 53 -53 -54 -55 -56 -57 57 -59 -60 -61 -62 -63
leaf_value=0.016924010418776763 0.031006055073817776 -0.046100708114083788 -0.044140723555456979 -0.041032323699047454 0.050034121712228312 0.058972179019243925 -0.043940630193544786 0.0024020444189307207 -0.034842157243111453 -0.054207710321602591 -0.0014976793423858797 -0.05526989233580272 0.018924283743575618 0.040194234959180251 -0.0050330047339082308 -0.0044285598091461991 0.042412764869988046 -0.04920006815547482 0.057472114700196121 0.020209441769620182 -0.033077042280715833 0.0047718078506307363 -0.014423266861956906 0.031178163435096259 -0.039378691985415396 0.045903488314158879 0.0018961586935942829 -0.041718497365841233 -0.045890774139843112 -0.030192068474583292 -0.031823890551610973 -0.020042007853645946 -0.04453667331189947 0.0085082826359578791 -0.010200754383401692 -0.037970687273222274 -0.049443482069758668 0.01599632475361466 0.04871962355198263 -0.018183560037993367 0.0037265052348329159 0.018300948220726001 -0.009132472852787241 -0.0001306208066580625 0.032091143514900715 0.015749080941963877 0.055158501580165865 0.044125162180955198 -0.016496438082136782 -3.848792165924358e-05 0.014031511915773434 0.0085431506596947739 0.0020682656847421346 0.0057225962759454201 -0.031476734745513553 -0.01862127991874955 0.037453420871857428 -0.012953048163234285 -0.032387503980724867 -0.024597232286803231 0.033103397971693371 -0.022056503518333402
leaf_weight=31.214240841567516 143.95825037173927 22.578980227932334 25.062720992602408 51.110166561789811 64.449113788083196 21.933696331456304 26.069853983819485 33.152071448042989 88.107641447335482 44.40035457815975 36.196099205873907 40.243379953317344 189.12865940108895 19.524404423311353 113.82696552015841 96.119671501219273 85.547556139528751 33.760296268388629 25.171368964016438 43.388777188025415 21.648029450327158 57.491690498776734 24.198878848925233 135.10926812142134 32.491400932893157 102.81547003611922 56.683461613953114 25.102633008733392 57.009051507338881 31.95158221013844 139.01535685546696 52.239377237856388 36.390771146863699 40.82157015055418 18.06677401997149 19.867497601546347 59.778963858261704 102.6407365584746 34.648309248499572 74.201952364295721 28.163186583667994 276.81170539092273 26.704957107082009 46.089969063177705 57.760785868391395 79.483081055805087 23.285399792715907 48.509986072778702 154.23376977723092 48.481219530105591 27.625837443396449 22.564286410808563 47.350711949169636 302.23293753433973 54.845839004032314 24.444433672353625 25.01011567004025 25.97044369392097 64.72302276827395 254.42114379070699 45.829875658266246 48.06793372053653
leaf_count=193 2261 155 190 996 545 206 175 341 993 613 280 570 1541 168 1271 860 979 451 187 368 280 516 223 1510 334 1592 774 164 603 362 1278 412 315 504 179 346 686 875 369 802 209 2699 282 600 506 647 317 685 1751 608 292 183 409 2943 491 278 239 202 735 3252 398 555
internal_value=-9.33528e-05 0.0161146 -0.000886237 -0.000606398 -0.00299911 0.00422735 0.00327493 -0.00223384 -0.0014309 0.00257243 0.0315012 -0.02922 0.00427188 -0.00757912 -0.00855761 -0.00588076 0.00191038 -0.00887922 -0.00328903 -0.0144644 0.0188846 0.0208193 0.0244685 0.00162139 -0.00197236 0.00386565 0.030264 0.0128409 -0.0173254 -0.00629903 -0.0192069 0.00493928 -0.00722008 0.000901094 0.0332388 0.000482793 -0.00726338 -0.000566113 0.00798191 0.00276846 -0.0234807 0.00401389 -0.0372788 0.0232144 0.0126523 0.00257641 0.0254529 0.00490393 0.00292461 0.0220499 0.00729131 -0.0261867 -0.0131024 0.0010159 -0.0162327 0.015305 -0.00159352 0.0117754 -0.0156792 -0.0185499 0.0106788 0.00385953
internal_weight=4089.73 190.736 3898.99 3873.93 2591.26 1282.67 1260.74 2540.14 2466.75 1493.97 100.645 73.3955 1234.67 972.778 953.253 865.146 453.509 277.266 243.506 411.637 176.243 82.6631 168.157 1045.54 791.889 573.728 159.499 253.653 218.161 414.229 192.794 221.435 161.152 128.661 103.614 1393.33 436.273 376.494 305.389 270.74 64.554 957.053 71.1053 181.199 169.195 111.435 64.107 937.186 840.195 96.9912 685.961 161.58 72.4533 384.705 82.4717 301.256 72.6286 50.9806 160.843 368.248 196.539 150.709
internal_count=43748 2639 41109 40919 28085 12834 12628 27089 26178 15498 825 911 12453 10680 10512 9519 4628 2749 2298 4891 1879 703 2484 10912 8229 5947 2366 2683 2282 3581 1654 1927 1679 1345 1158 14673 4580 3894 2999 2630 524 10093 895 2110 1515 1009 821 9747 8454 1293 6703 1461 573 3726 783 2977 721 441 1595 4523 1828 1430
is_linear=0
shrinkage=0.05


Tree=84
num_leaves=63
num_cat=0
split_feature=41 41 19 12 40 26 0 12 21 10 2 4 10 40 20 27 34 7 4 26 4 4 6 26 26 0 37 37 12 12 25 26 14 0 27 25 4 14 10 7 16 12 4 34 25 37 4 21 25 2 12 26 21 27 7 40 40 17 0 22 25 12
split_gain=21.8045 33.1492 25.8177 19.4536 38.2146 28.0412 25.2076 32.5967 30.1723 23.8644 36.6249 23.0917 21.7022 24.688 24.4368 19.8468 17.7183 18.9595 17.1875 26.8164 25.055 23.4331 26.7234 18.7602 17.6113 17.0632 20.5922 15.7319 15.2571 26.2533 20.3339 17.0513 14.7712 14.1549 14.7288 13.5615 13.3082 12.6915 15.4417 13.9596 12.6263 16.1297 12.5574 12.6276 14.4425 35.9336 12.4887 12.4705 11.8356 12.2766 11.6563 11.4616 11.1482 11.6767 11.1389 10.7801 10.5654 10.3586 9.7208 9.5049 29.2196 31.4977
threshold=0.087904361996094485 0.15364559918408813 -0.0094271408131456052 13.500000000000002 0.041349291553785431 -0.024220208743608616 0.00014467090763259081 31.500000000000004 0.0010211601010804996 0.2136329966329967 -1.0000000180025095e-35 225.02500000000003 0.13484949038493257 0.011797512787794897 42.061370430735941 1.6346013794285226 0.54378927826394996 0.047719058050383331 16.025000000000002 -0.013119187227608716 83.625000000000014 236.27500000000003 0.19247995325692924 0.017963673017191012 -0.0020181657116088141 0.072727194431191591 -3.9124828425867286 -32.712336278503379 25.500000000000004 21.500000000000004 797.50000000000011 0.004642447197991127 -0.047284236522170432 0.023564475826044925 0.17058363251403855 562.50000000000011 100.52500000000002 -0.12484172603664646 0.42004222115096873 0.78606837958152465 0.07552343255324391 19.500000000000004 447.97500000000008 -0.40883498725623901 902.50000000000011 -4.3741503841520784 58.675000000000004 0.00075910203043738059 817.50000000000011 0.35600486664200309 24.500000000000004 -0.013119187227608716 0.0014390624818419061 0.36564190642455913 0.55926880488736186 0.060888364176973096 0.016629221955810913 -0.0039685544882981537 0.025929114818397117 1.0000000180025095e-35 632.50000000000011 12.500000000000002
decision_type=10 10 10 2 10 2 2 2 10 10 10 2 8 8 8 8 10 10 2 2 2 2 10 2 2 2 10 10 2 2 2 2 2 2 10 2 2 2 10 10 10 2 2 8 2 10 2 10 2 8 2 2 10 8 10 10 8 10 2 2 2 2
left_child=3 2 -2 42 5 -5 51 8 9 12 -11 15 18 -14 48 16 17 50 -8 -20 24 22 36 -23 54 58 -27 -24 29 -26 -31 -30 -9 34 -19 -35 -22 39 -39 -37 41 47 43 -1 59 -46 -18 -12 49 -15 -6 -7 53 -10 -21 -13 -34 -25 -4 -45 -61 -62
right_child=1 -3 25 4 11 6 7 32 52 10 40 55 13 14 -16 -17 46 33 19 20 21 23 27 57 28 26 -28 -29 31 30 -32 -33 56 35 -36 37 -38 38 -40 -41 -42 -43 -44 44 45 -47 -48 -49 -50 -51 -52 -53 -54 -55 -56 -57 -58 -59 -60 60 61 -63
leaf_value=-0.019278412935031075 -0.044150503497452878 -0.042195234802147298 0.016551734574092897 0.05331902528401649 0.037867057325331535 -0.0010584989971159492 0.037804000239744749 0.043693935610941259 0.0093104586498070577 0.031694587745458871 0.03518059354966379 -0.032724278078268949 -0.046037058698273542 0.0014074372428279766 -0.017991451685004611 -0.035185773829433407 0.0059090777267981204 -0.0050716100175528913 -0.033559163542498348 -0.026738433469992429 -0.0016693186346046194 -0.0080523388849735693 -0.019520708410241377 0.033846746321741714 0.035645825704799086 0.02789315640486589 -0.033924271810751451 0.021748083430430602 0.010826581863067447 -0.047539271925948742 0.011996417820108527 0.065366859261455232 0.032482620668062678 -0.043836785622410682 -0.052395083571654566 0.019324100229805075 -0.036099537434517152 -0.01005494502948568 0.03080140852280891 -0.012010336822179625 -0.015668785468289811 -0.0054996569623744851 -0.0082976894078559005 0.020316717669856352 -0.040950511762631286 0.029592601975817118 -0.034632785946539062 -0.0083940756413669985 -0.0093128291699295183 0.044069667538863128 -0.0035308593544274292 -0.049683267128338947 -0.011891944674405673 0.039999974486707945 0.017160585775607511 -0.0068301184529227128 -0.0058034622502443137 0.0032349441243602799 0.046226222076295467 -0.026704842310733681 0.024560255804951664 -0.017116809370368313
leaf_weight=38.011306466534734 13.856244448572395 22.648920198902488 40.470994828268886 25.291440585628152 45.378182008862495 18.284096072427928 27.780941342934966 59.433405973017216 54.212455567903817 117.42171989381313 59.356918569654226 151.30055922083557 54.413460853509605 33.768471587449312 289.59777311235666 58.006202504038811 25.473195968195796 36.331419255584478 62.798569195903838 36.597309811040759 35.966273656114936 121.48958866577595 39.249240504577756 62.511344715021551 57.190398503094912 34.558760825544596 22.078147849068046 56.100531227886677 24.585833799093962 23.84547359123826 35.985344666987658 34.355584461241961 30.99711119197309 18.527537360787392 30.03409257158637 125.40857937000692 127.76978131197393 269.74469810910523 25.295560400933027 49.602937202900648 100.58930490259081 122.9201701823622 129.96072461083531 252.71385069005191 41.69589801132679 31.835463438183069 74.698635099455714 22.698085852898657 50.416928986087441 33.68280138541013 27.193260636180639 35.943039735779166 21.752770971506834 72.368407546542585 23.87831393070519 54.734474330209196 43.039590997621417 49.533089201897383 86.763241653330624 52.544577931985259 185.54375447705388 59.991976343095303
leaf_count=350 117 153 529 212 444 152 364 319 490 1287 809 1911 773 314 3311 428 299 380 741 452 391 1628 376 553 855 330 196 483 222 409 341 281 218 137 302 1387 1627 2919 367 412 986 993 1414 3110 336 305 908 206 464 282 194 533 285 598 249 536 324 585 1632 510 1432 619
internal_value=-0.000193783 0.015102 0.0216652 -0.00106936 -0.00287863 0.000994366 0.000345827 0.00126405 -0.000455073 -0.00233732 0.00796051 -0.0109463 -0.00573629 -0.014404 -0.0101797 -0.00703928 -0.00479564 -0.00167841 -0.000851872 -0.00220805 0.00049243 -0.00592911 -0.0162825 0.00555708 0.0138717 0.026625 0.00379554 0.00476043 0.0218717 0.0114227 -0.0117314 0.0426168 0.025129 -0.0048213 -0.0264881 -0.00187821 -0.0285366 -0.000224378 -0.00655209 0.0104431 -0.00115998 0.00596006 0.00591281 0.00870113 0.0104046 -0.0104088 -0.0243232 0.023127 0.00901339 0.0227115 0.0223548 -0.0332882 0.0211739 0.0268562 -0.00940526 -0.0258453 0.0102259 0.0203137 0.0367873 0.0131832 0.00713545 0.0143773
internal_weight=4070.23 220.376 197.727 3849.85 3057.55 2065.83 2040.53 1986.31 1852.84 1704.5 422.986 991.729 1281.52 461.879 407.466 785.694 727.688 627.516 819.638 791.857 729.058 492.62 259.086 233.534 236.438 183.871 56.6369 95.3498 175.963 117.021 59.8308 58.9414 133.47 554.945 66.3655 488.579 163.736 470.052 295.04 175.012 305.564 204.975 792.298 662.337 624.326 73.5314 100.172 82.055 117.868 67.4513 72.5714 54.2271 148.334 126.581 60.4756 206.035 74.0367 112.044 127.234 550.794 298.08 245.536
internal_count=43770 2957 2804 40813 32737 22113 21901 21216 20355 18982 4281 10624 14701 5144 4371 8177 7749 6542 9557 9193 8452 5643 2877 2766 2809 2687 526 859 2108 1605 750 503 861 5904 682 5222 2018 5085 3286 1799 2994 2008 8076 6662 6312 641 1207 1015 1060 596 638 685 1373 1088 701 2447 542 1138 2161 5671 2561 2051
is_linear=0
shrinkage=0.05


Tree=85
num_leaves=63
num_cat=0
split_feature=29 4 29 12 26 26 1 29 32 26 7 12 22 10 0 10 21 21 20 1 11 20 12 12 39 7 29 10 12 12 10 12 7 21 20 41 16 21 41 6 42 11 36 12 21 14 1 5 20 20 34 7 12 7 21 12 37 37 17 1 21 16
split_gain=46.1178 36.2736 22.1688 14.8133 13.0978 13.9528 36.9974 20.8262 17.0627 16.5087 13.7281 12.6388 23.5019 25.3457 16.1165 28.0018 15.714 29.4431 15.0098 14.8016 16.2999 14.7953 25.6674 31.5719 22.1092 18.9686 17.4363 15.0184 14.6257 14.2477 19.9012 18.5165 16.3404 23.432 15.5529 18.1805 13.9804 13.973 16.3605 12.5911 14.4486 11.8104 21.4215 15.7167 11.7812 27.653 13.0959 23.7331 23.1227 14.8639 18.1156 14.2374 14.0795 13.4713 25.7651 19.7282 17.0035 29.9443 19.7802 15.6625 13.4229 18.4013
threshold=0.18642260477297054 313.37500000000006 0.53705410986574631 19.500000000000004 0.022404081623590973 -0.0064585743180087746 39.500000000000007 0.45132423191970578 0.021774413050731359 0.013523264410791049 0.16723710535304739 18.500000000000004 1.0000000180025095e-35 0.61077281368638958 0.041592675402275965 0.21583836257812336 0.0017223780046719309 0.0019845021713537129 30.662045646611251 40.500000000000007 2.5000000000000004 46.738166484865182 27.500000000000004 26.500000000000004 0.034496752066142548 0.60896754363921057 0.38097302853125919 0.40512918086082139 21.500000000000004 13.500000000000002 0.14063431168057219 14.500000000000002 0.67417969661230903 0.0012523980159364781 53.782910267246102 0.036565194239347253 0.12069625894333698 0.0012523980159364781 0.039084204528720724 0.27592737941595047 0.066049677585517066 1.5000000000000002 51.566665408602212 24.500000000000004 0.0016450752130667907 0.12992122294710795 19.500000000000004 0.2317959244237808 57.036099187078285 56.131312085387243 -0.13868799916323618 0.10352266574352688 16.500000000000004 0.27236603117944086 0.0010738979199818861 24.500000000000004 -1.2425722685681944 -19.709655194572768 -0.019919314394785993 41.500000000000007 0.00053526076131943021 0.10913156393999386
decision_type=2 2 2 2 2 2 2 2 10 2 8 2 2 10 2 8 10 10 8 2 2 10 2 2 10 10 2 8 2 2 10 2 10 10 8 10 8 10 10 10 10 2 10 2 10 2 2 8 10 10 8 8 2 8 10 2 10 10 10 2 10 8
left_child=44 2 11 4 5 6 7 8 -3 -7 -11 14 13 16 15 19 18 -18 -13 20 -2 22 23 24 27 -23 -26 41 -27 32 34 -32 37 -34 35 -31 -17 38 -16 40 -33 42 -20 -43 46 -46 49 48 53 60 -51 -50 -52 54 55 -48 57 58 -55 -58 -1 -62
right_child=1 3 -4 -5 -6 9 -8 -9 -10 10 -12 12 -14 -15 29 36 17 -19 21 -21 -22 25 -24 -25 26 28 -28 -29 -30 30 31 39 33 -35 -36 -37 -38 -39 -40 -41 -42 43 -44 -45 45 -47 47 -49 51 50 52 -53 -54 56 -56 -57 59 -59 -60 -61 61 -63
leaf_value=0.0053541239448250608 -0.021560122494450478 0.038373142398782867 -0.012338293230752764 -0.03621529427433947 0.0048086557724580821 -0.040205032077913386 -0.047381707063099299 -0.034893436296214074 -0.011427862679424363 0.0092007654077356869 -0.029918534823437717 -0.021825194617401289 -0.034717293158946519 -0.048040726350572056 -0.011116599930876395 0.050148276920914725 0.055499159922766994 -0.02054880822045646 0.018293471320478344 -0.032876112910852462 0.037017123235565823 -0.0080844359337279553 0.033116595276910403 -0.049289748205390449 0.0080343024760778769 0.050588137039340925 -0.037171279139052264 0.037693976296603392 -0.0032619119275422966 0.026353837234411637 -0.025493789349435254 0.038205871996801692 -0.017110546913802167 0.030030517493521553 0.038178758671466279 -0.030952340530830361 -0.0072185429762051615 -0.017000040733235435 0.029965648701357969 -0.028829578054032579 -0.015688045013811505 0.050984387843524305 -0.04542758936131977 -0.010581338456210211 -0.044478157335234574 0.032228243484207657 0.037428140558766414 0.034392278295856261 -0.040446326002478494 0.042314822949054552 0.02166417957818062 -0.00085842883509180132 -0.019262152431335007 0.015927292383764082 -0.018306119580337284 0.0029087861688743537 -0.028312275444188302 0.035119602799943229 -0.019786914652190235 0.018875280068263282 -0.024415778525700958 0.019032132775067826
leaf_weight=166.28698748163879 19.427556803449988 54.183309611864388 359.8035982735455 76.911320109851658 87.872353265061975 96.577043297700584 37.11271510925144 19.680285970680416 25.197899534367025 44.723954325541854 44.983872688375413 77.900774259120226 53.294272739440203 27.408312473446131 28.918589968234301 67.228728593327105 33.807354727759957 20.412411165423691 30.066330406814814 24.998112023808062 30.552354654297233 424.28801316954195 83.415309406816959 27.594241240993142 45.195547728799284 25.869297049939632 40.397383403033018 60.97748167719692 24.599142810329795 26.737752705812454 130.94203622173518 33.881118366494775 95.771235592663288 36.37129101715982 38.127257775515318 28.691911868751049 12.612789146602152 24.440051333978772 149.60876254178584 19.1371866799891 19.648053819313645 25.118759602308273 23.496954618021846 17.650478778406978 31.81686276756227 18.628845864906907 164.03316533658653 104.39686109684408 26.708596624433994 42.915744084864855 44.67429019883275 151.75785443373024 39.680015986785293 86.541804431006312 33.589250784367323 55.359718855470419 53.913717675954103 98.377704994753003 70.232583794742823 26.097371965646744 116.9029231891036 30.787849653512239
leaf_count=1157 288 472 3780 2212 813 1925 764 357 208 511 710 717 868 381 300 1179 440 236 231 300 311 5170 490 327 469 504 383 721 303 215 1527 538 1070 322 368 288 117 238 1657 175 204 367 227 194 222 351 1697 878 199 351 285 1223 286 578 248 360 398 854 433 219 863 265
internal_value=7.28815e-05 -0.00374033 -0.000993302 -0.0160782 -0.0123038 -0.0169671 -0.00480231 0.0111498 0.0225649 -0.0258595 -0.0104156 0.00123901 -0.00237468 -0.000630416 0.00602067 0.0204794 0.000722052 0.026869 -0.000841733 -0.00146364 0.0142477 0.00113086 0.00886886 0.0013914 0.00714887 -0.00463751 -0.0133014 0.018276 0.0243407 0.00248028 -0.0054902 -0.0142612 0.00954826 -0.0041353 0.0135983 -0.00330941 0.0410859 0.018457 0.023311 0.0059794 0.0184239 0.00598455 -0.00965946 0.0255768 0.00756002 -0.0161516 0.00847155 0.0120267 0.00898096 0.0014538 0.0158677 -0.006783 0.00241255 0.0137644 0.0224743 0.0287178 0.00719008 0.0134966 -7.21388e-05 -0.012921 -0.00438883 -0.0153586
internal_weight=4038.34 2675.63 2188.39 487.243 410.331 322.459 136.174 99.0615 79.3812 186.285 89.7078 1828.59 1041.49 988.198 787.095 154.82 960.789 54.2198 906.57 74.978 49.9799 828.669 353.912 270.497 242.903 474.756 85.5929 157.31 50.4684 632.275 297.165 203.608 335.11 132.143 93.5569 55.4297 79.8415 202.967 178.527 72.6664 53.5292 96.3325 53.5633 42.7692 1362.7 50.4457 1312.26 871.009 766.612 441.248 127.27 178.466 84.3543 588.145 252.982 219.393 335.163 255.152 156.774 80.0111 313.978 147.691
internal_count=43744 32877 24905 7972 5760 4947 1801 1037 680 3146 1221 21125 12028 11160 9097 2195 10779 676 10103 899 599 9386 3409 2919 2592 5977 852 1740 807 6902 3315 2444 3587 1392 871 503 1296 2195 1957 917 742 1019 458 561 10867 573 10294 7087 6209 3207 922 1422 571 4787 2305 2057 2482 1865 1011 617 2285 1128
is_linear=0
shrinkage=0.05


Tree=86
num_leaves=63
num_cat=0
split_feature=29 22 21 29 4 18 34 34 1 34 21 17 21 21 20 20 1 0 22 12 18 0 1 20 2 11 22 12 36 41 12 11 37 1 9 1 11 10 11 2 10 39 12 21 29 39 12 18 21 11 1 18 1 16 21 10 1 21 42 40 41 17
split_gain=44.2552 20.6106 19.7323 19.4516 26.3494 19.1973 33.8615 25.4161 31.6888 45.1847 26.4569 23.7679 23.3382 24.647 18.9647 18.3046 16.9546 16.713 15.7521 17.6257 15.4117 17.4161 15.041 14.6319 14.0988 13.9237 17.0254 37.5266 16.123 13.9133 15.2646 18.2747 32.8455 14.9064 14.2997 12.8268 12.6279 17.0813 12.4832 15.5937 16.0224 16.3697 15.5885 12.648 11.9147 11.7355 11.1922 12.2184 11.1859 17.754 27.2421 14.6123 20.9587 20.1362 21.229 13.3567 11.0985 10.8465 10.8462 10.7506 12.1712 11.0265
threshold=0.48921512630115149 1.0000000180025095e-35 0.0019994888060118261 0.17612206711656761 573.20000000000016 0.00072331057962082845 -0.031146649832098524 -0.028823998582063078 27.500000000000004 0.33333333333333343 0.0010717374769591886 -0.050844723887445077 0.00037889197119452114 0.00073232274628027118 53.246326170556294 52.699773716649297 51.500000000000007 0.016313439526315723 1.0000000180025095e-35 25.500000000000004 -0.0098965020976357048 0.067527627772599588 21.500000000000004 55.652540699191654 -0.40599471100853662 1.5000000000000002 1.0000000180025095e-35 19.500000000000004 52.433737561592373 0.056797979647932595 27.500000000000004 2.5000000000000004 15.293891368293604 69.500000000000014 0.04897616905041554 64.500000000000014 2.5000000000000004 0.078465254552211067 1.5000000000000002 0.89301756131468302 0.56295647030091911 0.097225509822033276 27.500000000000004 0.00045207265151346978 0.33326078524541919 0.018344880272557314 26.500000000000004 0.001105550517093379 0.00058543989948393004 2.5000000000000004 31.500000000000004 -0.0045893473569029166 66.500000000000014 0.009540943615674858 0.00068498468964292884 0.47655595686767177 11.500000000000002 0.00080787100185868144 0.052476909746500634 0.014524251828735629 0.020901667970333163 -0.0042265874494304819
decision_type=2 2 10 2 2 10 10 8 2 10 10 8 10 10 10 10 2 2 2 2 8 2 2 10 10 2 2 2 10 10 2 2 10 2 8 2 2 8 2 10 8 10 2 10 2 8 2 8 8 2 2 8 2 8 10 10 2 10 10 8 8 8
left_child=2 38 3 59 5 7 11 10 9 12 14 -7 45 18 -5 29 -12 -16 19 -14 -3 -22 -11 24 -8 -13 27 -27 -28 30 31 32 44 -31 -33 36 -29 -38 39 40 41 42 43 -2 -10 -9 48 -48 49 -40 -51 55 53 56 -55 -50 -53 -26 -36 61 -61 -1
right_child=1 20 -4 4 -6 6 23 8 15 22 16 25 13 -15 17 -17 -18 -19 -20 -21 21 -23 -24 -25 57 26 28 35 -30 33 -32 34 -34 -35 58 -37 37 -39 46 -41 -42 -43 -44 -45 -46 -47 47 -49 51 50 -52 52 -54 54 -56 -57 -58 -59 -60 60 -62 -63
leaf_value=0.0231047387384134 -0.013706424882908597 0.01977242824698594 -0.045132716993725952 -0.011384534488844121 -0.035040151298272815 0.02398192887918572 0.020188079008386633 0.0086537241747974124 0.035599982837770244 -0.047529188918120115 0.05566969667101828 -0.017093973174595413 0.0086559260695029793 0.049490129484332485 -0.025961938688734115 -0.023109045682608645 0.0066411679148154525 0.027517473203981971 -0.052943566890850217 -0.039458600767377061 -0.045762319394539917 -0.0035847983461915079 -0.0020756860862234309 -0.03370667982984691 -0.00051008820845658241 0.050600273899426687 -0.042715494390699854 0.040379350133608022 0.01260760694821195 0.043662426090809642 0.045077971030737671 -0.014008883147806454 -0.037736315390860448 0.00036670696989200705 0.047048408984856113 -0.041064144376826539 -0.031397126917829289 0.012778008223730333 0.05796278205639678 -0.062059547847493603 0.019511106173104472 0.027730283507762327 0.018848682813519316 -0.04502542006735092 -0.0036118184409996579 0.043183476086442088 -0.043668174269488075 0.0070201686677605736 0.045754089488294264 -0.022759406169741234 0.042032140124895409 -0.016560340497667192 -0.047593689672298392 0.0079841554272626538 -0.051081548824660407 -0.010824299971218282 0.026228221107737783 -0.044979249710150292 0.0052400957553443324 0.027668437183453676 0.0082272029911622645 -0.013941006466037124
leaf_weight=25.53580904006958 61.793373923748732 14.914786390028892 21.148447631858289 427.81535653956234 51.41008691303432 96.075166748836637 31.070802561938763 42.813068008981645 40.821532767266035 55.727696990594268 27.632879978045821 129.96471148356795 74.689001927152276 19.179385488852859 19.092618873342872 23.126553717069328 48.7268345952034 62.210528001189232 19.291482038795948 25.543891178444028 88.271192223764956 33.865387348458171 27.027648564428091 120.95852818898857 28.431630495935678 44.577427053824067 33.372372016310692 19.546489402651787 21.754558547399938 109.01797835435718 37.973469458520412 17.521054244600236 42.366276424378157 24.314102295786142 58.180217689834535 18.515158161520958 35.052386622875929 58.24439343996346 21.036484947428107 16.973870530724525 33.298712598159909 17.149574354290962 18.656138366088271 67.395255609415472 36.870207804255188 57.863819342106581 28.983327798545361 20.15715260989964 25.557151118293405 37.560720071196556 28.558837469667196 20.524572921916842 30.315490540117025 28.760794145986438 32.293416617438197 17.624955512583256 57.925438335165381 26.486573752015829 21.153035335242748 87.213160779327154 1046.7610270613804 94.124600250273943
leaf_count=201 556 139 163 5023 1480 1072 283 421 305 759 244 1640 727 236 270 256 465 592 418 339 2374 218 224 1542 362 660 374 419 188 1929 215 174 613 242 763 186 478 470 287 175 263 109 161 1296 326 575 333 169 265 403 353 252 170 240 211 220 551 355 200 539 8514 745
internal_value=0.000591241 -0.0108151 0.00300962 0.00331926 0.000300402 0.00121662 -0.00571672 0.00470731 0.0109084 -0.000835464 -0.00306137 0.00188034 0.0101748 -0.00312604 -0.00717767 0.0201054 0.0243835 0.0149588 -0.0115691 -0.00360584 -0.0282084 -0.0340676 -0.0326842 -0.022497 -0.00672864 -0.00400124 0.00336296 0.0109602 -0.0208835 0.0226797 0.0158337 0.0107141 -0.00232113 0.0357671 0.0268721 -0.0024919 0.00383698 -0.00381896 -0.00659282 -0.0160636 -0.0121263 -0.0185113 -0.0238752 -0.030045 0.0169912 0.0284996 -0.000756142 -0.0228761 0.00286524 0.0179547 0.00522583 -0.00330908 -0.0099129 -0.00172453 -0.0232575 0.0226614 0.0150336 -0.0219572 0.0359008 0.00821832 0.00972241 -0.00603536
internal_weight=4010.82 701.617 3309.2 3288.05 2034.42 1983.01 664.05 1318.96 733.48 322.136 585.478 457.103 239.381 138.704 509.119 411.344 76.3597 81.3031 119.524 100.233 137.051 122.137 82.7553 206.948 85.989 361.027 231.063 175.936 55.1269 388.218 254.886 216.912 120.058 133.332 96.8543 131.358 112.843 93.2968 564.565 215.267 198.293 164.994 147.845 129.189 77.6917 100.677 349.298 49.1405 300.158 87.156 66.1196 213.002 169.82 139.504 61.0542 43.1821 78.45 54.9182 79.3333 1253.63 1133.97 119.66
internal_count=43732 8745 34987 34824 24825 23345 8029 15316 8722 3699 6594 5487 2716 1720 5885 5023 709 862 1484 1066 2731 2592 983 2542 1000 4415 2775 2213 562 4767 2596 2381 1244 2171 1137 1553 1367 948 6014 2560 2385 2122 2013 1852 631 996 3454 502 2952 1043 756 1909 1424 1254 451 485 803 717 963 9999 9053 946
is_linear=0
shrinkage=0.05


Tree=87
num_leaves=63
num_cat=0
split_feature=29 23 29 12 42 10 12 21 5 18 22 18 1 9 34 12 22 1 18 22 20 10 21 21 1 29 37 12 21 12 12 1 34 36 34 20 2 21 40 37 39 12 21 16 12 10 5 26 27 0 18 23 17 1 1 34 21 12 8 32 6 37
split_gain=49.4708 29.431 15.9811 15.6382 13.154 14.5688 23.0645 12.8375 15.2936 24.0908 11.2463 13.5064 13.3211 12.4768 17.4734 11.2179 23.3685 44.2034 19.0104 13.8806 23.9104 38.307 23.4708 44.6552 23.4025 21.9567 18.2737 17.3476 44.1443 19.0974 38.0288 37.2945 51.0264 34.9754 28.1953 17.127 15.9368 14.8198 13.6689 13.6087 12.9705 19.8284 14.7065 12.8399 12.7714 11.8382 11.3665 10.9221 11.9373 10.7281 10.3566 14.6866 16.9446 15.8391 13.7501 11.766 10.6665 10.1922 10.0721 10.0111 9.6356 9.16863
threshold=0.34809232412818142 5.3800125476430321 0.078062083359420789 13.500000000000002 0.035945279240368673 0.27761107401855439 19.500000000000004 0.00066101306762885012 0.091443993700800585 -0.00032821162910573459 1.0000000180025095e-35 -0.0055040277332332179 43.500000000000007 0.072857000049982565 0.14044184501642223 10.000000000000002 1.0000000180025095e-35 43.500000000000007 0.0046757831365850109 1.0000000180025095e-35 64.39351621527851 0.21851197274868492 0.00099574800567948907 0.0014793739159754099 60.500000000000007 0.16518653244606452 -1.4822746356641796 13.500000000000002 0.0010438115251357614 14.500000000000002 19.500000000000004 22.500000000000004 0.1944915334240406 41.498211833343824 -0.29058396452116919 39.824231302225236 -0.10087615214022116 0.00047064002705104042 0.038171171261995894 -16.81086754550947 0.010422372145978569 23.000000000000004 0.00029657002292457306 -0.006238840647020156 18.500000000000004 0.50971578488502545 0.0062242082976198656 0.01130306010759107 3.4305019305019311 0.039553315669218152 0.0023926134548620808 2.8521495039483011 -0.00024880188012217115 59.500000000000007 9.5000000000000018 -0.17247165334772688 0.00081430014256566165 16.500000000000004 0.034794993583028781 -0.025244637133989774 0.098701298701298679 -24.192605545462602
decision_type=2 2 2 2 10 10 2 10 10 10 2 8 2 8 10 2 2 2 10 2 10 10 10 10 2 2 10 2 8 2 2 2 8 10 10 8 8 10 10 10 8 2 10 8 2 8 10 2 8 2 10 2 8 2 2 10 8 2 10 8 10 8
left_child=2 4 -1 47 5 50 49 57 9 -9 13 12 -12 -5 -15 16 17 -4 -18 27 21 22 25 24 -24 26 35 28 -17 33 31 32 -31 39 -35 -21 -37 40 -23 -29 41 -32 59 44 58 46 -44 48 -3 -7 51 -2 53 56 -52 -56 -53 -6 -27 -42 -34 -39
right_child=1 3 15 10 7 6 -8 8 -10 -11 11 -13 -14 14 -16 19 18 -19 -20 20 -22 38 23 -25 -26 43 -28 29 -30 30 37 -33 60 34 -36 36 -38 61 -40 -41 42 -43 45 -45 -46 -47 -48 -49 -50 -51 54 52 -54 -55 55 -57 -58 -59 -60 -61 -62 -63
leaf_value=0.014867225406736954 0.039063792472610596 -0.024537471495665236 -0.034648423843588953 1.4959882153222583e-05 0.0022581155280097871 0.05839266901354128 -0.0016602544862015221 0.00047795767704338402 0.0045707568580252676 -0.045619169403343825 0.017353497335037195 -0.050984338782652072 -0.049192436230674125 -0.052032902688265804 -0.011871612797070224 0.047717623929310629 0.04798878239252008 0.040267046654355224 -0.004125357358827254 -0.013796572338266287 -0.041849872551727479 0.056892983533070388 0.045484103704595824 -0.048300993067265915 -0.0013480845306264161 0.010183637239506138 -0.02521175368968144 0.039159322826028034 -0.024361205911672092 0.049603604421587115 0.025383795407874929 0.043798404240456917 -0.0066728943724427992 0.019923973342225319 -0.04258730660005916 0.037510434910168818 -0.0049867336069781554 0.0043908454738406351 0.011730811835780073 -0.0073357917935716627 -0.019545388257607078 -0.026964985486727856 -0.013354664249754533 -0.035334627717606738 -0.03971928386606971 0.040963353371665776 0.019847076420270886 0.01172817864799793 0.026216812658354433 0.017848374414910079 0.044962946530493625 -0.039357407815488812 0.0017095331379367328 0.0099658837333548959 0.016971937789789119 -0.035671532786542386 -0.0063321041563792011 -0.02642341767125686 -0.026935617918831117 0.019277775745139489 -0.051547619649013214 -0.010175111325822824
leaf_weight=325.11528455652297 17.647422456182539 71.138180487789214 47.963644523173571 64.281128183938563 40.583062103018165 32.895307274535298 80.983774805441499 72.751464307308197 231.06091614998877 46.43206150457263 17.602456923574213 68.368334867991507 13.12973517924547 44.408720611594617 69.420713358558714 67.583475781604648 62.516532361507416 33.403122551739216 24.301710423082113 52.029479533433914 39.259596380405128 33.175619877874851 63.902651197277009 24.846181125380099 45.790328862145543 58.783582486212254 52.069858813658357 33.583721566945314 30.97934302687645 30.96839752048254 27.414296039380133 115.72766648139805 20.851808130741119 22.851790696382523 85.640393320471048 60.046435449272394 34.8730827011168 171.32474009133875 33.847895704209805 29.61622016876936 47.386583510786295 53.177708568051457 31.82602171599865 104.8694729115814 29.094125235453248 51.429445611312985 135.64507722761482 59.015080526471138 13.838797794654964 32.371442541480064 25.300509570166469 80.089775888249278 202.90844027232379 33.097053274512291 31.724279544316232 15.950565667822955 35.192748695611954 130.82162924110889 26.519818164408207 25.562651721760631 28.059633342549205 292.45322233811021
leaf_count=2259 250 1142 385 594 429 590 775 717 2538 473 166 2837 422 545 827 1163 543 301 190 354 462 221 604 283 302 454 413 260 327 562 305 2376 210 153 842 341 214 1390 251 176 504 432 228 1573 440 465 1215 605 139 488 230 1456 2251 326 426 278 316 1398 226 205 325 2718
internal_value=0.000142403 -0.00691092 0.00454199 -0.0181637 -0.00264017 0.00248626 0.0161652 -0.00842024 -0.00293308 -0.0174808 -0.0251073 -0.0386086 -0.011077 -0.0175952 -0.0275399 0.00296552 0.0153582 -0.00389372 0.0334013 0.00190276 -0.00400952 -0.00161281 -0.0059408 0.0122249 0.0259344 -0.0117837 0.000240501 0.00489553 0.0250625 0.00324395 0.00581318 0.02566 -0.000618492 -0.0121965 -0.0294205 0.00925924 0.0218971 0.00117064 0.0340854 0.0173712 0.00859839 -0.00915795 0.0135017 -0.0226975 -0.011113 0.019981 0.0135375 -0.00479612 -0.016272 0.0382832 -0.00204079 -0.00544506 -0.00768102 -0.0205226 0.0151699 -0.00064098 -0.0292756 -0.0196326 -0.0013563 -0.00594109 -0.0324167 -0.00479428
internal_weight=3985.5 1531.01 2454.49 421.203 1109.81 588.161 146.251 521.649 350.244 119.184 277.211 99.1005 30.7322 178.111 113.829 2129.38 168.185 81.3668 86.8182 1961.19 659.108 619.849 552.825 134.539 109.693 418.286 199.019 1302.08 98.5628 1203.52 1031.83 195.608 79.8798 171.692 108.492 146.949 94.9195 836.22 67.0235 63.1999 372.442 80.592 291.85 219.267 114.398 218.901 167.471 143.992 84.977 65.2667 441.911 368.935 351.288 148.38 72.9754 47.6748 115.283 171.405 85.3034 72.9492 48.9114 463.778
internal_count=43890 20218 23672 7277 12941 7386 1853 5555 3728 1190 5391 3425 588 1966 1372 21413 1419 686 733 19994 6138 5676 5204 1189 906 4015 1322 13856 1490 12366 10935 3473 1097 1431 995 909 555 7462 472 436 3354 737 2617 2693 1120 1908 1443 1886 1281 1078 5533 4599 4349 2098 934 704 1772 1827 680 709 535 4108
is_linear=0
shrinkage=0.05


Tree=88
num_leaves=63
num_cat=0
split_feature=29 23 11 10 14 27 36 21 24 23 27 21 41 26 32 2 21 23 29 7 26 40 36 20 1 29 21 37 7 1 32 0 23 39 26 23 1 11 6 37 14 42 6 7 7 41 36 9 20 34 21 11 10 9 14 17 40 20 41 23 1 34
split_gain=34.5492 28.0371 17.9767 18.484 20.6203 15.2055 14.6912 17.9853 13.9957 19.8007 14.4106 13.1123 13.5319 14.8748 20.605 12.7004 11.7753 11.4128 13.7958 13.6924 11.2012 11.1659 15.078 10.8041 12.9529 10.6011 10.5268 10.3553 13.3951 14.626 18.6675 12.7004 11.1731 11.1334 10.7881 14.198 13.8453 13.5063 10.6743 10.16 10.0761 10.068 9.90932 9.66305 12.0811 9.46617 9.31356 8.66745 23.3918 12.92 12.5353 17.9271 12.8291 11.5618 11.1131 10.6228 8.82255 9.70504 8.65621 10.597 8.63702 12.4281
threshold=0.31667131706475365 5.4043651396665675 1.5000000000000002 0.51319230299825069 0.10742132825706757 3.4305019305019311 82.088153430220103 0.0017223780046719309 0.0012841682154349358 2.9271848349751832 1.2270817417876243 0.00095611587043848171 0.022341457951260694 0.013523264410791049 0.018126506425500625 0.78470915363605398 0.0015236761747721361 6.0522656083781099 0.5433616471973387 0.12062335371005414 0.017963673017191012 0.047250098813048917 9.4108589272574594 51.306991841337343 23.500000000000004 0.18642260477297054 0.00029657002292457306 37.66849182651913 0.10960502197134148 70.500000000000014 0.16065033161385414 0.033406894223156 4.4736367553726906 0.038255744729799847 -0.013119187227608716 4.6934099486432528 58.500000000000007 1.5000000000000002 0.014997116493656334 -22.655408932392145 -0.019467666074987365 0.023979255428659366 0.20663149950808754 0.75419015529493094 0.42467886015980394 0.10456164763761995 33.464189143103006 0.12575108181569677 35.429790859714807 0.373054070971159 0.00076327527694001172 2.5000000000000004 0.31614987080103368 0.38046089387728105 -0.012657227385477669 0.0056462816117386653 0.030926869254295299 61.707267907598073 0.089118621510165863 5.0627532358442977 32.500000000000007 0.18020427790137186
decision_type=2 2 2 10 2 10 8 10 2 2 8 10 10 2 8 8 10 2 2 8 2 10 8 10 2 2 8 10 10 2 10 2 2 10 2 2 2 2 10 8 2 10 8 10 8 8 10 10 8 10 10 2 10 10 2 10 10 8 8 2 2 10
left_child=8 5 15 4 11 6 7 16 9 41 25 12 -4 -14 -15 17 20 18 19 -3 26 22 -12 24 -13 47 39 28 38 30 31 33 -29 -30 36 -36 37 -33 -28 -2 -26 -1 -24 44 -22 60 -46 50 49 -49 52 -52 55 -51 -50 56 -11 -58 -27 -60 61 -10
right_child=1 2 3 -5 -6 -7 -8 -9 45 10 21 23 13 14 -16 -17 -18 -19 -20 -21 43 -23 42 -25 40 58 27 32 29 -31 -32 34 -34 -35 35 -37 -38 -39 -40 -41 -42 -43 -44 -45 46 -47 -48 48 54 53 51 -53 -54 -55 -56 -57 57 -59 59 -61 -62 -63
leaf_value=0.058390828372284632 -0.047558097504232011 0.015589964955748686 -0.051711449718170016 -0.049823583830300999 0.028984701617500847 -0.039149619201307682 -0.02373185249636189 0.031438316702040892 0.0084524100183185121 0.012397852914083365 -0.026162127408741243 0.055898489014703047 -0.035516746452741554 0.021107800965333039 -0.035345210028620871 -0.060772014344104758 -0.02956251747303015 -0.049097988736614917 -0.052532577848289665 -0.02107358213847536 -0.016115833576396312 -0.034592803055201946 -0.011528608884395808 -0.025234683724193435 -0.025938978390719004 -0.005176147546875955 0.001914750119694694 0.012350016539095674 0.0026681174760599708 -0.027396310734827917 -0.029021876523717818 -0.036347400256111349 -0.036062276573793038 -0.025785268469782768 0.033677962120561018 0.0083160229755981901 0.028586845056657317 0.012329544578177835 0.026383553252124409 0.013499842302775062 0.032634358995286633 0.0092195325537398291 0.01317515388251277 -0.035300845420747677 -0.011698216779378627 0.04300563624965157 0.026316677773671318 0.044679300755533335 0.013060450099974039 -0.021181382423056901 0.036877219914105787 -0.0054912964516310768 0.037587748918507052 0.029655914652535149 -0.022944134714685163 -0.014107771538210379 -0.015553920905718558 0.018646971165185457 0.041879350095496252 -0.01677628596984294 0.014466703506997719 -0.014297212607324378
leaf_weight=22.129198288545012 19.610464921221137 37.113252838142216 25.193622970953584 23.488718166016042 40.93676142487675 26.317665623500943 65.687515415251255 45.356612215749919 257.87056394852698 233.86536020599306 65.49183710757643 17.117083087563515 40.41588740888983 48.548982536420226 24.230952145531774 24.864922989159822 34.213100181892514 32.835381875745952 22.188473234884441 81.139873193576932 105.41626788303256 39.685942498967052 73.008688279427588 17.033023919910192 15.829086899757387 431.52222787868232 72.996969290077686 18.97874529287219 151.70333569776267 40.713911473751068 40.521744242869318 34.473432194441557 32.034466603770852 44.453793244436383 88.55105266161263 146.44029631093144 24.39024792611599 24.292289268225431 114.45673880632967 10.440416084602477 13.694404861889778 19.657877184450626 91.429333665408194 32.459649617783725 26.943166587501764 20.896177398972213 40.079289926216006 30.623442677780986 27.125318922102451 23.943519359454513 82.2700210288167 35.844817446544766 29.31837675254792 20.987268052063882 102.10909895319492 71.798232894390821 69.797197517007589 29.513491371646523 21.777271142229438 11.912366170436142 339.03537060879171 78.251212222501636
leaf_count=216 427 335 1112 322 385 228 584 569 2337 1592 585 111 813 385 209 590 392 1139 443 1418 1567 323 563 225 306 5010 606 185 2162 286 641 453 357 543 1114 1542 235 386 1223 168 135 220 650 357 279 371 332 248 204 209 602 341 531 269 791 552 490 214 364 215 3338 730
internal_value=-0.000115503 -0.00547312 -0.0159493 -0.00746885 -0.00337478 -0.00154935 -0.000734379 0.000580913 0.00398143 0.00131295 0.00036222 -0.00993062 -0.0185702 -0.0111941 0.00231265 -0.027355 -0.000687784 -0.0225597 -0.0163551 -0.00956688 0.000236383 -0.0101008 -0.00587353 0.0088469 0.0212934 0.00266997 0.0027288 0.00377639 0.00519848 0.00152943 0.00365204 0.0062264 -0.0180512 -0.00378009 0.012396 0.0178731 -0.00308176 -0.0162256 0.0168551 -0.0263451 0.00123013 0.0352592 0.00220695 -0.0102742 -0.00556316 0.00986165 0.0110346 0.00631968 -0.00246626 0.0196346 0.00957681 0.0240195 0.00564883 0.00256483 -0.015387 0.00333659 0.00709578 -0.00538998 -0.00327045 0.0211392 0.00883584 0.00315616
internal_weight=3935.03 1705.16 464.63 266.489 243 1240.53 1214.21 1148.53 2229.86 1533.81 1492.02 202.063 138.389 113.196 72.7799 198.142 1103.17 173.277 140.442 118.253 1068.96 269.616 229.93 63.6736 46.6406 1222.41 864.058 834.007 782.994 595.54 554.826 514.304 51.0132 196.157 318.147 234.991 83.156 58.7657 187.454 30.0509 29.5235 41.7871 164.438 204.898 172.439 696.053 67.0225 757.196 204.789 75.5542 552.407 118.115 434.293 44.9308 129.234 404.974 333.176 99.3107 465.212 33.6896 675.157 336.122
internal_count=43529 22564 7928 4003 3681 14636 14408 13824 20965 14189 13753 3296 2519 1407 594 3925 13255 3335 2196 1753 12863 2121 1798 777 552 11632 10328 9733 9191 7362 7076 6435 542 2705 3730 2656 1074 839 1829 595 441 436 1213 2535 2178 6776 611 6043 1721 726 4322 943 3379 478 995 2848 2296 704 5589 579 6405 3067
is_linear=0
shrinkage=0.05


Tree=89
num_leaves=63
num_cat=0
split_feature=21 4 21 12 12 18 12 14 39 39 1 18 21 37 11 1 12 32 17 21 20 40 27 40 26 7 12 7 7 21 26 10 14 11 1 12 12 11 10 37 1 7 36 17 13 18 1 26 14 12 21 10 17 11 12 37 4 20 26 26 21 37
split_gain=22.3778 17.7473 32.3204 25.6305 34.232 33.9738 29.4291 28.6333 28.305 23.1308 21.5023 20.7143 20.0603 25.7111 19.765 26.9893 18.642 16.2275 16.2188 31.2317 18.1778 16.4085 15.6151 15.0469 14.2575 18.5608 17.9128 19.8357 19.6264 32.3783 24.5855 23.7304 20.7081 14.1416 17.9553 14.0507 21.437 48.9674 23.0634 24.1734 22.8018 15.5537 13.8426 13.5975 19.5725 16.0521 14.6533 13.0592 12.9871 12.7787 12.4232 11.6972 15.0238 14.1873 23.2864 16.5207 16.0265 15.647 11.5653 11.3297 13.0833 11.0063
threshold=0.0019994888060118261 151.47500000000002 0.0017223780046719309 31.500000000000004 21.500000000000004 -0.00046816910597535783 27.500000000000004 -0.042141939035316926 0.024227394769721942 0.014118013843789207 25.500000000000004 -0.0014961039769417204 0.00082446070880960373 -20.477935882567316 3.5000000000000004 69.500000000000014 12.500000000000002 -0.23209189445640663 0.0050915672565950637 0.0016723951175247962 59.268400127843208 0.016121760670377256 2.4411877741104133 0.055349511351820112 0.022404081623590973 0.83650421728219337 19.500000000000004 0.54728761713002394 0.21777815961833913 0.0010717374769591886 -0.010898982924408733 0.70781228486502701 -0.14800058286098844 1.5000000000000002 42.500000000000007 26.500000000000004 25.500000000000004 2.5000000000000004 0.20210279382504601 -48.928993696369808 29.500000000000004 0.22904126869706262 73.565384930818013 -0.062752244624784792 -0.0029751457449182501 0.0024177909891639486 71.500000000000014 -0.0086787786212087544 -0.12099667086421796 19.500000000000004 0.0010211601010804996 0.60067260293796176 0.081482694116102844 1.5000000000000002 25.500000000000004 -1.4822746356641796 497.5750000000001 39.824231302225236 0.017963673017191012 0.004642447197991127 0.00048411424695017684 -0.93712440082496296
decision_type=10 2 10 2 2 8 2 2 10 8 2 8 10 10 2 2 2 10 8 10 10 8 8 10 2 10 2 8 10 10 2 10 2 2 2 2 2 2 8 8 2 10 10 10 2 8 2 2 2 2 10 10 10 2 2 10 2 10 2 2 10 8
left_child=1 2 3 4 8 6 9 -5 11 -6 -8 47 35 -14 22 -16 17 -3 19 43 21 42 24 59 26 -26 28 -28 29 31 32 -10 -30 34 -34 36 38 -38 40 -40 -7 -37 -20 50 46 49 -45 -1 -39 -46 -18 52 53 55 56 -23 57 -55 -32 60 -11 -61
right_child=-2 16 -4 7 5 12 10 -9 14 23 -12 -13 13 -15 15 -17 18 -19 20 -21 -22 51 -24 -25 25 -27 27 -29 30 -31 58 -33 33 -35 -36 41 37 48 39 -41 -42 -43 -44 44 45 -47 -48 -49 -50 -51 -52 -53 -54 54 -56 -57 -58 -59 -60 61 -62 -63
leaf_value=0.034853598048606292 -0.049435468073095075 0.032744266271302662 0.040910136799821854 0.048583850223433242 -0.042251045682398493 -0.0160166300956768 0.00168258090013411 0.0023143409962080325 0.043918814597298524 0.024900425534536603 0.054863188278149892 0.039151032413934188 0.038382742788716721 -0.034006627703618703 0.054024954446437734 -0.031480802514552951 -0.035401956782881702 0.0027784375036983082 -0.043596142335909249 -0.05356583426996956 -0.031332893609117167 0.0086118746716656279 -0.041731417960292894 -0.033948500053652207 -0.0027972489344402105 -0.050443073612546879 -0.017189158409131593 0.023733745242141224 0.013101219610239712 -0.040602194843171541 0.019467240517767381 -0.020866799947495886 -0.052577934553263185 -0.00087438097242479229 0.0006961275605588843 -0.052752289209634151 0.063138974482256208 -0.00021429621528677592 -0.03396709766371709 0.028376111817271406 -0.054685940704414994 -0.01485687954672606 0.014111987303638596 0.01209904233851992 0.0077566237159487593 -0.033618744547551517 -0.031626038198397433 -0.010714045237301323 -0.042164505904836454 -0.017678813355213083 0.0020906543975630441 -0.031393844475136809 0.034470717085971346 0.029708093313823652 -0.037889253129999002 -0.02225836159157412 -0.026458321827206439 0.00070897796880043133 -0.0039063183348379132 0.058935458063516605 -0.017039616142358834 0.009028394965002606
leaf_weight=23.392976427450776 22.549898381344974 53.38343159109354 56.716006675735116 62.245833463966846 31.888627167791128 88.282315606251359 32.185169680044055 72.243645641952753 102.06869313772768 31.352582771331072 46.422424133867025 104.83797286543995 36.005534939467907 18.604277439415455 38.61717689409852 12.126742802560328 45.748571095988154 293.97843204531819 50.798837102018297 26.96835330221802 95.639783337712288 59.0032525267452 20.391492968425155 21.273620888590813 86.409147007390857 26.773712214082479 144.79098740592599 37.223671562038362 63.924405362457037 16.110267914831638 209.46825103275478 16.406794175505638 50.356388203799725 47.685183677822351 23.058396788313985 54.831765191629529 27.068401008844376 54.733931263908744 26.304277911782265 38.027776077389717 67.09497139416635 53.492603678256273 13.064129645936189 411.23696661647409 136.45675948169082 47.36200512945652 20.097239064052701 47.95666553452611 27.830338904634118 77.381814296357334 42.731737144291401 38.805075891315937 25.525777073577046 88.272345461882651 29.959493328817189 163.25975502282381 27.501408416777849 98.334210046567023 70.814810952171683 20.243090696632862 45.699026569724083 24.319217287003994
leaf_count=216 203 474 970 342 336 949 218 420 1761 311 277 1673 380 232 880 77 520 3007 926 415 1476 710 131 212 769 200 1360 427 685 232 2142 168 544 624 211 596 245 433 169 317 1059 549 233 4574 1577 649 165 426 278 1098 375 364 291 881 414 2098 373 885 575 164 414 287
internal_value=0.000230879 0.000516237 0.00368384 0.00263995 0.00113773 -0.00719559 0.00768044 0.0237293 0.00657694 -0.00374729 0.0330889 0.0250076 -0.0148526 0.0137214 0.00321617 0.0335909 -0.0030526 0.00738366 -0.00547236 -0.000664225 -0.0111013 -0.0078467 0.00153255 0.0048457 0.00251816 -0.014068 0.00491905 -0.00882005 0.00908765 0.0259037 0.00422377 0.0349471 -0.00992189 -0.022075 -0.0358454 -0.0184179 -0.01328 0.00477859 -0.022291 0.00288504 -0.0327148 -0.0340388 -0.0317911 0.00116246 0.00352062 -0.00728109 0.0100618 0.00422594 -0.0143547 -0.0014477 -0.0172948 -0.00496509 -0.00287998 -0.00492447 0.00339798 -0.0140634 0.00917518 0.0144267 0.0135618 0.0116319 2.59408e-05 0.0316994
internal_weight=3947.34 3924.79 2079.28 2022.56 1888.07 745.66 253.384 134.489 1142.41 174.776 78.6076 176.188 492.276 54.6098 966.226 50.7439 1845.51 347.362 1498.15 807.983 690.164 594.524 915.482 142.888 895.091 113.183 781.908 182.015 599.893 134.586 465.307 118.475 185.024 121.1 73.4148 437.666 329.342 109.633 219.709 64.3321 155.377 108.324 63.863 781.015 692.535 261.201 431.334 71.3496 82.5643 213.839 88.4803 530.661 491.856 466.33 244.067 222.263 214.108 186.607 280.283 121.614 77.0516 44.5623
internal_count=43967 43764 22259 21289 20527 7426 2219 762 13101 1724 495 2315 5207 612 10786 957 21505 3481 18024 9373 8651 7175 9829 1388 9698 969 8729 1787 6942 2161 4781 1929 2064 1379 755 4595 3450 956 2494 486 2008 1145 1159 8958 8063 3324 4739 642 711 2675 895 6016 5652 5361 2553 2808 2139 1766 2717 1176 725 451
is_linear=0
shrinkage=0.05


Tree=90
num_leaves=63
num_cat=0
split_feature=29 22 7 1 29 12 33 22 1 12 7 6 1 11 7 11 12 1 2 11 12 20 10 7 11 20 10 11 11 19 31 1 19 34 12 1 28 40 14 43 39 11 12 7 12 1 6 14 1 12 11 1 13 41 1 32 11 8 5 18 1 28
split_gain=41.1151 17.0287 26.6367 19.6221 15.4668 13.7753 11.8905 11.376 52.442 60.6483 40.6357 30.8687 24.3636 31.8041 41.5624 32.9569 75.537 32.009 34.0942 23.8191 21.8585 21.2373 25.88 20.4457 20.3206 17.8293 17.3967 44.2939 22.9157 16.3269 14.9954 21.5805 13.6999 26.5585 19.5485 22.1764 16.6834 13.4775 12.8957 15.221 11.2697 11.1156 18.9632 21.2646 20.3505 18.3043 15.7616 14.8814 14.387 13.9212 14.1378 54.9732 28.1901 26.3205 28.6112 23.7331 21.4718 11.6107 10.7703 20.5419 14.6144 10.1478
threshold=0.44916796409453724 1.0000000180025095e-35 0.3947117129094288 43.500000000000007 0.18642260477297054 12.500000000000002 0.10742815986718436 1.0000000180025095e-35 39.500000000000007 18.500000000000004 0.16322953106743635 0.21193037538902201 56.500000000000007 1.5000000000000002 0.18373741610738256 2.5000000000000004 26.500000000000004 9.5000000000000018 -0.72884947138276912 1.0000000180025095e-35 21.500000000000004 26.748786357741434 0.072661733587943839 0.0043231024826116135 2.5000000000000004 38.376274240035535 0.10366680234218449 2.5000000000000004 1.0000000180025095e-35 0.0024002831546497965 0.20905062441251512 73.500000000000014 0.001194843110757571 -0.014116785374135575 25.500000000000004 18.500000000000004 0.15923166699277028 0.098370267299376438 -0.043371423579374659 1.0608530898769346 0.13048902404286281 1.5000000000000002 14.500000000000002 0.013899429981608369 19.500000000000004 71.500000000000014 1.0000000180025095e-35 -0.34593594456377119 59.500000000000007 26.500000000000004 2.5000000000000004 38.500000000000007 -0.022426298671697459 0.030109751080315678 31.500000000000004 -0.029266551766160106 3.5000000000000004 0.029880588965385892 0.24195904421522596 0.0020608631125936809 22.500000000000004 1.0000000180025095e-35
decision_type=2 2 10 2 2 2 10 2 2 2 8 8 2 2 10 2 2 2 10 2 2 8 8 10 2 10 10 2 2 8 10 2 8 10 2 2 8 10 2 8 10 2 2 8 2 2 10 2 2 2 2 2 2 8 2 8 2 10 10 10 2 8
left_child=4 6 -3 5 58 -4 40 12 9 10 -9 -10 13 14 19 16 -15 18 -16 23 30 -17 -23 -6 38 61 27 -12 -28 -30 31 -14 34 -34 35 -24 -36 -32 39 -13 41 42 47 -44 -45 49 -46 -2 57 50 51 -43 -53 -52 56 -56 -55 -48 -1 60 -60 -21
right_child=1 2 3 -5 7 -7 -8 8 11 -11 26 24 20 15 17 21 -18 -19 -20 25 -22 22 32 -25 -26 -27 28 -29 29 -31 37 -33 33 -35 36 -37 -38 -39 -40 -41 -42 45 43 44 46 -47 48 -49 -50 -51 53 52 -54 54 55 -57 -58 -59 59 -61 -62 -63
leaf_value=0.005324461025809607 0.012878190716641752 -0.045555306590500645 0.020403461336475533 -0.047653833899984954 -0.013342368299232896 -0.020627549964091888 -0.025568219268499823 -0.038443763584923213 -0.047033243844019058 -0.04805026592761566 -0.045638928354894942 0.029951583535626082 0.041804010147807324 0.048093520406660414 0.051061828309081486 -0.03501769549826008 -0.055006532374391071 -0.036193106626192281 -0.020484861164662301 -0.0017046084153410736 -0.0048656312866950839 -0.028318104624363228 -0.013420944448590925 0.045889728413598535 -0.048929922330112813 0.021500605967165409 0.050639061398572285 0.02906412958175782 -0.018531199839535797 0.037432486268418906 -0.035590716361219181 -0.0088835782463571843 0.020263791314702198 -0.052706625552920799 0.014443442805139539 0.040242898205983813 -0.036614416907986218 0.02233965099050475 -0.031254745362302432 -0.014220618039330158 0.034553062900118274 0.058986605439036791 -0.051662990387022795 0.03299301187153366 0.028479626067124533 -0.048297707036577146 -0.0092542548054639403 -0.052601009277610439 0.016979659502152643 -0.018854887850127237 -0.046605339383912883 0.027144485852451175 -0.039736187822649482 -0.039824708159425418 -0.0077148586254446958 0.044476856386488788 0.016305843455126572 -0.045971727809315542 -0.024978664167040782 0.046481336249298719 0.021666742162693205 -0.043380721082413767
leaf_weight=1217.4870041562244 10.859247185289858 76.468067772686481 51.382601035758853 23.35304272454232 20.231038762256503 33.985970300622284 69.804557816125453 30.325681055895984 92.880981313996017 43.091716701164842 28.369307745248079 44.176052213646472 117.90796445310116 99.529639183543622 24.576339486986399 39.872722491621971 21.625821530818939 176.29690821003169 51.634996399283409 25.871657118201256 90.54530156776309 51.292711282148957 24.162794990465045 52.055349151603878 25.799275234341621 31.085428157821298 84.356830237433314 66.022725960239768 26.994743537157774 25.197522899135947 16.979313176125288 25.549196483567357 27.939844369888306 22.520263556391001 44.069716524332762 94.7176284622401 25.118210250511765 24.566686393693089 24.208166521042585 34.917066695168614 18.553574001416564 52.106563922949135 22.480657467618585 36.819070484489202 23.238141736015677 18.448736121878028 46.1350635625422 43.181363762356341 24.549359581433237 62.101132160052657 27.408175459131598 28.208403520286083 35.68998801894486 42.846759930253029 35.102071030065417 57.399418795481324 28.28491797298193 40.370576202869415 26.912152783945203 47.710169302299619 44.654395071789622 33.544229229912162
leaf_count=9873 58 2541 284 508 198 461 642 395 1585 1307 511 314 1518 1646 128 352 374 2293 494 185 997 777 351 885 389 240 553 503 292 181 258 160 250 357 421 1546 198 346 257 302 158 650 166 302 174 114 586 1062 229 656 329 242 209 640 426 694 335 612 227 507 355 278
internal_value=-9.63588e-05 -0.00941522 -0.0229443 -0.00704116 0.00272206 0.00406866 -0.00595268 -0.000489287 -0.00657068 0.00690783 0.0159723 -0.025051 0.00231434 -0.0018054 -0.0117882 0.00739019 0.0296905 -0.0244885 0.00258724 0.00791188 0.0152641 -0.000804713 0.00390221 0.0293122 -0.00923603 -0.00918128 0.0231178 0.0066123 0.0345276 0.0084871 0.0251161 0.0327767 0.0108308 -0.0123028 0.0170377 0.0293356 -0.00409277 -0.00133574 0.000677439 0.010451 -0.00385833 -0.00498023 -0.013255 -0.00594466 6.17993e-05 0.000306471 -0.00896693 -0.0394432 -0.0168026 0.00273554 0.00710228 0.0208707 -0.0102112 -0.00125826 0.00633727 0.0246714 -0.0175049 -0.0263896 0.00672922 0.021068 0.00412603 -0.0252336
internal_weight=3913.58 908.777 185.19 108.722 3004.8 85.3686 723.588 1668.03 526.34 304.359 261.267 221.982 1141.69 866.145 415.296 450.849 121.155 252.508 76.2113 162.788 275.548 329.694 289.821 72.2864 129.101 90.5013 230.941 94.392 136.549 52.1923 185.003 143.457 238.528 50.4601 188.068 118.88 69.1879 41.546 103.301 79.0931 653.783 635.23 247.633 193.593 171.112 387.596 134.293 54.0406 111.055 369.147 307.046 116.005 63.8984 191.041 163.633 92.5015 71.1317 86.5056 1336.76 119.277 71.5665 59.4159
internal_count=43881 12078 3794 1253 31803 745 8284 20841 6589 3742 2435 2847 14252 10973 4701 6272 2020 2915 622 1786 3279 4252 3900 1083 1262 703 2040 1014 1026 473 2282 1678 3123 607 2516 1897 619 604 873 616 7642 7484 3189 2069 1903 4295 1601 1120 1427 4181 3525 1101 451 2424 2095 1120 975 1198 10962 1089 582 463
is_linear=0
shrinkage=0.05


Tree=91
num_leaves=63
num_cat=0
split_feature=29 4 42 14 22 1 26 4 18 36 29 34 17 32 21 21 1 1 20 10 7 21 21 37 26 34 36 26 7 32 1 34 34 20 11 9 18 1 17 11 5 17 4 7 21 21 34 1 18 7 8 34 37 13 11 32 14 42 13 5 7 14
split_gain=44.4826 24.4837 18.2504 15.1241 15.0134 23.2149 15.2877 14.8731 13.1293 24.8168 12.6942 12.6405 17.1985 13.3433 14.6022 26.0267 14.2394 16.4567 26.7384 13.423 23.0627 22.8717 26.9096 15.1745 15.0768 14.1642 16.0859 21.6756 15.2658 13.5934 16.0544 33.289 13.181 14.7728 14.7089 17.3053 26.0036 24.5449 20.292 18.0746 17.9285 18.7882 17.5723 16.8486 18.1399 24.6405 23.9471 19.7397 13.8446 13.0121 14.2902 12.7325 14.3565 12.16 11.6954 11.6825 11.2992 10.9457 10.7295 10.5566 10.523 10.351
threshold=0.40197380103993369 320.22500000000008 0.042595271856059408 -0.38543719979868329 1.0000000180025095e-35 32.500000000000007 0.020183877320390991 717.65000000000009 -0.0035668200588153116 81.292663831336725 0.078062083359420789 1.200055279159757 0.091301193074063217 -0.19020791202280443 0.0015793030917018685 0.0010256050219386965 65.500000000000014 21.500000000000004 51.974099202553653 0.25720831743982486 0.52348729129207405 0.00098503399877528076 0.0015714098083562452 1.0000000180025095e-35 -0.024220208743608616 0.16153457699966148 16.685722335340099 -0.013119187227608716 0.086512265757586457 -0.074788302363857515 22.500000000000004 0.30683946021325598 -0.31867753119296094 50.957528090260155 1.5000000000000002 0.059170489296636077 -0.00060835812384518728 9.5000000000000018 0.0077409725197221798 1.0000000180025095e-35 1.0000000180025095e-35 -0.013437508953312203 171.32500000000002 0.53242499321690218 0.00066320082014647717 0.00040613872414829282 -0.11222184511821641 52.500000000000007 -0.00046816910597535783 0.30762920449439507 0.22544183484009786 0.086132574571020873 -2.3490302504760341 -0.010441951783574684 1.5000000000000002 0.20060875014976823 0.081957955023507861 0.056583251587261317 0.025925417761427896 0.012699124173799188 0.45387693363942588 0.0027281444914185136
decision_type=2 2 10 2 2 2 2 2 8 10 2 10 10 8 10 10 2 2 8 10 10 10 10 10 2 10 10 2 8 10 2 10 8 10 2 10 8 2 10 2 10 8 2 10 8 10 8 2 10 10 10 8 10 2 2 10 2 10 2 10 8 2
left_child=7 2 4 -4 -2 6 -6 10 9 -5 57 12 13 14 15 16 17 18 -12 24 21 29 55 -22 -15 26 27 -26 -28 -21 31 59 33 -30 35 37 42 48 -38 -40 -39 -42 -37 44 45 46 -36 61 -34 50 56 58 -53 -29 -3 -23 -32 -1 -47 -31 -19 -46
right_child=1 54 3 8 5 -7 -8 -9 -10 -11 11 -13 -14 19 -16 -17 -18 60 -20 20 23 22 -24 -25 25 -27 28 53 32 30 49 -33 34 -35 43 36 38 40 39 -41 41 -43 -44 -45 47 51 -48 -49 -50 -51 -52 52 -54 -55 -56 -57 -58 -59 -60 -61 -62 -63
leaf_value=0.0091998680317269006 0.0033731545379671775 -0.045685222358346378 0.023448276145173294 0.0096154914166393015 0.016406237363165845 -0.047076452481991354 -0.03743282078023346 -0.031644378633580827 -0.023472512909549006 -0.047893758174991669 -0.051625221884797845 -0.032142325113529456 0.036709823575300157 0.038829278881402689 -0.025502438264928914 0.035373098909912214 -0.018374549371495238 0.0024978942187365467 0.011253243925356038 -0.011141136038101396 0.00451435325487209 0.0076331328571360574 0.025877547307948154 -0.046222292027530476 0.015419699086800487 -0.028287864017750176 -0.026515228146714878 -0.014541932952379278 -0.036774493743728841 -0.002625912924468168 0.029563687453388637 -0.028377025599568863 0.0052197003935059933 0.012558747635918492 -0.020393438469265793 0.020382097901456873 -0.039730932038938647 0.032314995729994231 0.025829410844343301 -0.035173880755842178 0.0062184701683976554 -0.036660516759231036 -0.0274781586843665 0.031139264460104229 0.036874284902178735 -0.029509993703242584 0.036969058871832092 -0.00073814124236329837 0.046610564093790274 -0.005187901989214613 -0.00014850322445480828 0.034638898775387242 -0.020182325550311214 -0.04968857571114052 -0.016900847778129221 -0.028304793076504631 0.059775326253529618 0.034923833369296185 0.013370536311904855 0.035676115197484849 0.031765694299323431 0.00456573430229292
leaf_weight=267.96460586413741 510.98973766155541 53.521143523976207 24.949384920299053 87.684157459065318 46.581249367445707 40.468719282187521 18.390983151271939 29.971644290722907 238.28400404378772 23.864544410258532 23.660095066763461 26.027493104338646 37.007803836837411 22.118190638720989 25.978617302142084 97.871056407690048 51.504040660336614 47.073235610499978 59.237605724483728 35.611199447885156 27.792290212586522 31.328866934403777 49.650419584475458 31.37255222722888 35.729691727086902 52.32904380839318 50.986715355888009 56.120145849883556 44.399818941950798 24.546810738742352 66.218550968915224 41.797402132302523 36.545911552384496 23.054124999791384 27.06604502722621 69.806151646189392 95.674836001358926 23.479301759973168 28.329356075264513 21.250590624287724 49.017978318035603 53.352465239353478 26.443997655063868 70.711365499533713 93.816613143309951 106.06010706350207 55.507897066883743 107.67066939547658 45.176422112621367 20.744981264695525 21.865130435675383 23.519443265162408 24.261778138577938 43.829663667827845 103.5941368592903 81.290149412117898 58.105243939906359 48.899550002068281 16.914703043177724 67.344309061765671 88.356167481280863 33.694222990423441
leaf_count=1831 6458 1759 197 1038 534 814 255 701 2511 211 249 266 570 144 317 938 416 378 558 415 245 383 697 347 230 510 582 542 426 202 883 401 277 229 335 507 940 216 204 275 450 644 291 920 908 1201 614 1087 306 353 227 161 258 489 1996 966 1134 376 218 814 966 313
internal_value=-0.000126333 -0.00836832 -0.00546161 -0.0141627 -0.000171438 -0.0173493 0.0011666 0.00338152 -0.0168451 -0.00268794 0.00377498 0.00250891 0.00289678 0.00234992 0.0107258 0.0132854 0.00527394 0.0108527 -0.0066931 0.000609415 0.00712568 0.0106286 -0.00478792 -0.0223891 -0.00210882 -0.00279752 -0.00174091 -0.0180056 0.000217641 0.0180688 0.021529 0.00861734 0.00148468 -0.0199136 0.00291619 -0.00382283 -0.0129224 0.00676429 -0.0262779 -0.00031737 -0.00709083 -0.0161288 0.00723286 0.00832788 0.00502597 -0.00425745 0.0181668 0.0150258 0.0281007 0.0318692 0.0371278 -0.0151013 0.00680243 -0.0299543 -0.0267062 -0.0183074 0.0436837 0.0131697 -0.0236119 0.0254445 0.0215926 0.0283369
internal_weight=3846.42 1148.33 991.213 374.782 616.431 105.441 64.9722 2698.09 349.833 111.549 2668.12 2351.25 2325.22 2288.22 393.681 367.702 269.831 218.327 82.8977 1894.54 557.668 498.503 162.269 59.1648 1336.87 1314.75 1262.42 135.68 1126.74 336.234 300.622 133.689 1075.75 67.4539 1008.3 449.077 241.505 207.572 145.255 49.5799 125.85 102.37 96.2501 559.223 488.511 253.33 82.5739 235.182 81.7223 166.934 146.189 170.756 47.7812 99.9498 157.115 112.619 124.324 316.864 122.975 91.8911 135.429 127.511
internal_count=43683 15773 12018 3957 8061 1603 789 27910 3760 1249 27209 25002 24736 24166 3822 3505 2567 2151 807 20344 7067 6475 2046 592 13277 13133 12623 1261 11362 4429 4014 1417 10780 655 10125 4110 2217 1893 1419 479 1310 1094 798 6015 5095 2787 949 2308 583 2597 2244 1838 419 1031 3755 1349 2017 2207 1419 1016 1344 1221
is_linear=0
shrinkage=0.05


Tree=92
num_leaves=63
num_cat=0
split_feature=29 4 3 18 11 12 11 36 7 4 11 12 14 18 1 12 21 4 7 41 21 31 21 27 29 42 14 11 11 20 21 20 11 41 12 7 1 1 19 11 1 34 7 9 4 33 26 4 4 1 16 17 7 12 4 12 21 7 16 11 12 21
split_gain=36.8897 24.6764 14.7807 14.0263 12.8911 11.7839 24.953 31.1768 16.7062 16.1341 17.4159 33.0948 21.5521 41.7708 27.5691 29.1894 23.2251 12.9654 12.3126 11.8908 19.5984 16.814 15.2764 13.8514 12.5144 14.5975 12.7493 15.8887 18.6221 16.1157 15.4575 17.7047 14.828 12.3975 17.1818 17.8452 12.0701 11.7841 11.52 12.3447 14.7282 11.0288 11.6483 11.3843 10.5467 10.4966 10.2537 12.7815 14.3119 13.231 18.2346 14.5315 11.5762 11.7548 10.24 13.4114 12.7999 22.2365 14.9309 13.7447 11.6649 14.4388
threshold=0.37911381268305572 320.22500000000008 0.041778544383850015 -0.01005217979854711 1.5000000000000002 24.500000000000004 3.5000000000000004 61.531421614617777 0.15761461494514947 497.5750000000001 3.5000000000000004 31.500000000000004 -0.058508660123803791 -0.00028832854870775021 23.500000000000004 27.500000000000004 0.00040613872414829282 51.07500000000001 0.3882662581896989 0.082354788539150139 0.0016723951175247962 -0.24275287798743614 0.0015805465794804521 -0.19224994224994221 0.13906642899770574 0.057091386409010896 0.0027281444914185136 1.0000000180025095e-35 1.5000000000000002 51.235933965263875 0.00074357879551946026 39.824231302225236 1.0000000180025095e-35 0.041543094635851145 13.500000000000002 0.67417969661230903 19.500000000000004 15.500000000000002 0.0024002831546497965 1.5000000000000002 21.500000000000004 -0.42018491082112935 0.13500296972139872 0.25533091869298769 550.05000000000007 -0.048123405702706228 -0.019779800137208654 63.625000000000007 540.42500000000007 8.5000000000000018 -0.028412048822864234 0.012193649914352241 0.15043768915450331 21.500000000000004 87.675000000000026 19.500000000000004 0.00074060219793037406 0.6660439218783174 -0.0069857504822601899 2.5000000000000004 20.500000000000004 0.0007773214026626751
decision_type=2 2 2 8 2 2 2 10 8 2 2 2 2 8 2 2 10 2 8 10 10 10 10 10 2 10 2 2 2 8 10 8 2 10 2 10 2 2 8 2 2 10 10 10 2 10 2 2 2 2 8 8 10 2 2 2 8 8 8 2 2 10
left_child=5 2 3 -2 -3 6 19 8 -8 10 12 17 18 14 16 -16 -14 -12 -7 20 21 36 41 -23 25 26 30 -28 -29 -30 31 -25 -33 46 35 -35 -1 -32 39 -36 -41 -21 43 -43 -6 -20 -26 52 49 50 -49 -52 -48 -54 -5 56 57 -56 -58 -60 -57 -62
right_child=1 4 -4 54 44 9 7 -9 -10 -11 11 -13 13 -15 15 -17 -18 -19 45 22 -22 23 -24 24 33 -27 27 28 29 -31 37 32 -34 34 38 -37 -38 -39 -40 40 -42 42 -44 -45 -46 -47 47 48 -50 -51 51 -53 53 -55 55 60 58 -59 59 -61 61 -63
leaf_value=-0.0052460009620922607 0.026530858027402012 -0.043842235721610501 -0.021258165196534621 0.002113381634900372 -0.0095037985747317127 -0.0051569162667920122 -0.01693763960636983 -0.031295364468773797 0.040227138473589337 0.035759498826209282 -0.017843955429519855 0.0083041199185498217 0.028489804647296897 -0.035947471314807293 0.0017218642613191599 0.060197036606051163 -0.026353340059796587 -0.056265880873539745 -0.0016196148691276222 0.049952458875340881 -0.036828585028093989 -0.018300339601640386 0.051195855620789203 -0.026994398783543812 0.028820359909260219 0.029330940841383588 0.019860603518767117 -0.038797580914146118 0.029789095959032043 -0.030737493742381713 -0.0025510242159370432 -0.0093192012870214318 0.022028861731816146 0.016496785939007642 -0.018147898080664995 -0.02068363769261207 0.036916499370357896 0.035162913404045655 -0.044908858047348177 -0.027791694513944438 0.028414808538062514 0.053115616373757439 -0.018754399283656659 -0.018002402679697226 -0.055073512760117432 0.035123708042786909 -0.053880753858295327 0.047570818349377819 -0.02867590847376968 0.0032079901249637897 -0.019249470734817465 0.035017891571055837 0.01242095638736937 -0.037923823017872171 0.017204577265765589 -0.053557309308494887 0.0035991193979429226 -0.049676798132907714 -0.040238489242296574 -5.1677112351382565e-05 -0.019520982811055052 0.020902125875881764
leaf_weight=23.650655125267804 40.056089632213116 58.143327729776502 116.7856765370816 424.43840779550374 103.68830168619752 47.426638739183545 14.378679264336823 21.384376481175423 115.01784992031753 25.843613089993596 40.077278379350901 63.927597068250179 26.020028561353683 88.82384814415127 51.129293609410524 36.631306860595942 74.793720686808228 48.561902340501547 26.154775628820062 12.903725370764731 31.169752940535545 79.564302247017622 28.390300496481359 39.442438676953316 40.277469795197248 77.594877950847149 39.183320786803961 50.594388142228127 27.130437947809696 18.494399555027485 27.250710293650627 60.053673733025789 101.44552918337286 112.76084284298122 162.08794798050076 45.212605003267527 60.133594810962677 86.329419005662203 28.975081084296107 17.453548509627581 35.082503738813102 14.842350951395931 36.469547184184194 9.0633038310334069 14.468828508164732 75.677012413740158 16.666030673310161 44.786524916067719 28.495642492547631 332.06105470377952 29.106891891919076 21.409809406846762 32.054231394082308 18.164681944064796 117.63782130461186 20.826060813851655 94.605049076490104 13.895909391343592 55.550808032974601 34.485205737873912 166.58239180129021 25.468208724632859
leaf_count=213 401 1911 1230 5139 1583 358 162 289 1655 358 304 379 156 860 465 221 661 549 181 95 368 867 728 253 448 631 348 303 391 129 177 372 768 1418 1648 502 533 663 294 260 653 566 360 88 677 587 109 331 489 3566 317 206 479 239 1563 496 1082 338 751 352 1919 283
internal_value=-0.00029144 -0.00719103 -0.00443182 -0.00245398 -0.0245684 0.00319783 0.00509868 0.0246322 0.0338749 -0.00289389 -0.00461851 -0.0191172 0.000566038 -0.00767711 0.00563902 0.0261294 -0.0121983 -0.0388938 0.015886 0.00345171 0.00245069 0.00319026 0.0200579 0.00202682 0.00311073 0.00930268 0.00584857 -0.00697931 -0.0179093 0.00525415 0.011371 0.00303746 0.010372 -0.000275541 -0.00698744 0.00585561 0.0250149 0.0261144 -0.0153161 -0.011321 0.00974186 0.00799422 -0.000973331 0.0261528 -0.015084 0.0256864 0.00451168 0.0026387 0.00563348 0.00792114 0.024343 0.00374993 -0.0177724 -0.00578925 -0.00367163 -0.00831273 -0.00178054 0.0101389 -0.0102716 -0.0248463 -0.0180147 -0.0141604
internal_weight=3830.78 1286.63 1110.33 993.546 176.3 2544.15 1939.08 150.781 129.397 605.067 579.223 152.567 426.657 277.398 188.574 87.7606 100.814 88.6392 149.258 1788.3 1686.63 1655.46 101.669 1571.68 1492.11 527.519 449.924 135.403 96.2192 45.6248 314.522 200.942 161.499 964.595 401.573 157.973 83.7842 113.58 243.599 214.624 52.5361 73.2789 60.3752 23.9057 118.157 101.832 563.022 522.745 455.86 427.364 95.3032 50.5167 66.8849 50.2189 953.49 529.051 316.175 131.534 184.641 90.036 212.877 192.051
internal_count=43722 17725 13554 12324 4171 25997 20918 2106 1817 5079 4721 1232 3489 2363 1503 686 817 853 1126 18812 16975 16607 1837 15861 14994 4035 3404 1171 823 520 2233 1393 1140 10959 4775 1920 746 840 2855 2561 913 1109 1014 654 2260 768 6184 5736 4909 4420 854 523 827 718 11923 6784 4086 1901 2185 1103 2698 2202
is_linear=0
shrinkage=0.05


Tree=93
num_leaves=63
num_cat=0
split_feature=29 29 23 18 34 18 36 10 34 11 11 12 31 10 7 41 20 20 0 18 1 37 7 23 12 41 11 22 6 1 1 33 12 12 23 23 28 1 23 12 16 1 1 28 20 34 1 0 34 6 1 35 9 12 11 12 18 16 32 40 16 1
split_gain=35.3454 14.4641 18.9769 17.3452 27.1609 17.5169 25.8563 18.851 15.6378 23.7261 28.352 36.4964 23.2281 31.6635 19.0369 18.4593 17.0147 16.9171 16.9893 16.7604 21.5132 15.014 19.7811 14.8303 14.4132 13.95 12.7144 13.9318 16.0388 12.6607 12.3395 11.6626 11.6598 11.619 11.5915 11.5339 11.1445 10.9678 12.4787 13.543 13.9343 13.2235 12.7329 12.496 10.9291 16.8641 10.7195 11.9026 10.5295 10.4035 10.0788 9.30121 9.28025 9.247 9.28784 12.146 8.8045 24.5299 17.2551 11.7873 18.1039 12.8776
threshold=0.51310072101210114 0.17196170964554072 6.3512346350820055 0.00072331057962082845 -0.031146649832098524 0.0022119441635224395 42.808234098369276 0.10366680234218449 -0.028823998582063078 1.0000000180025095e-35 1.5000000000000002 27.500000000000004 0.0041812343999029231 0.57117503891753263 0.022190103597647726 0.026038707905967035 22.261672724457835 51.235933965263875 0.033959228299549574 -0.007513740633879328 63.500000000000007 -3.4014089961760567 0.20184091404226473 5.4530749992629497 25.500000000000004 0.038170112135692442 1.5000000000000002 1.0000000180025095e-35 0.40725358346339885 13.500000000000002 25.500000000000004 0.034294447517993827 25.500000000000004 19.500000000000004 5.5175532879920004 5.8551435503094202 0.46359496561894659 66.500000000000014 3.9155167705528142 26.500000000000004 0.009540943615674858 22.500000000000004 17.500000000000004 0.0042696081733971667 46.118130846053127 0.090977422873397065 68.500000000000014 0.021886680657153722 0.14588562697806409 0.13012324051877797 22.500000000000004 -0.14183605064959967 0.10594454920036316 27.500000000000004 3.5000000000000004 23.000000000000004 0.0036028559410987708 -0.060931363647494137 0.15610473412762629 0.042243376254232544 0.16145003039410202 19.500000000000004
decision_type=2 2 2 10 10 10 8 10 8 2 2 2 8 10 10 10 10 10 2 8 2 10 10 2 2 10 2 2 10 2 2 8 2 2 2 2 8 2 2 2 8 2 2 8 10 10 2 2 8 10 2 8 10 2 2 2 10 8 10 10 10 2
left_child=1 56 3 8 5 7 33 51 17 14 11 15 29 24 23 -11 -17 19 -19 20 25 -6 52 -10 36 -3 31 37 -29 49 -8 34 46 -7 -2 53 -14 38 -28 40 42 -42 -40 -43 -16 -46 47 -31 -24 -12 -15 -5 -23 54 -21 -56 59 -58 -59 -1 61 -61
right_child=26 2 -4 4 21 6 30 -9 9 10 12 -13 13 50 44 16 -18 18 -20 35 -22 22 48 -25 -26 -27 27 28 -30 32 -32 -33 -34 -35 -36 -37 -38 -39 39 -41 41 43 -44 -45 45 -47 -48 -49 -50 -51 -52 -53 -54 -55 55 -57 57 58 -60 60 -62 -63
leaf_value=0.0083987095646314326 -0.0097902325675417248 0.048436881521583597 -0.032157543008951343 -0.058704133530512029 -0.035764105295382084 0.032272865886154224 0.0048098898967054021 0.01724769656646934 0.019899746406899083 0.01312427351462702 -0.0045902502102668869 0.020126990290587156 0.040372745160420498 -0.042747707371634691 0.040445622870784327 0.010308907626617483 -0.050445607202137838 -0.0041178118431424117 0.033345650634834537 -0.01364406854411433 -0.021514027930189913 -0.00076768045854098326 0.030121664019510344 -0.028448760055622042 0.00075893760128230184 -0.0031017412067110258 0.025471348107057395 -0.044154984904565334 0.017174834214494662 -0.0018805925824432258 -0.029561068861982783 -0.046519651188608784 -0.023655376901521998 0.0066957489414012725 -0.045523190041006148 -0.036074174854415955 0.0028374986670618055 -0.026884723157359416 -0.015294998426713736 -0.035306715836350276 0.019490636549645661 -0.043626096435001697 0.033469048128024752 0.00053908886726874723 0.042247110104162461 -0.022231427206139576 -0.016344999041664601 0.049097078338622431 -0.014379607454901825 -0.055190729730950197 0.0010620736599796863 -0.015908138826211265 -0.043448278569338507 0.021569540617942022 0.045699947096058346 -0.011112166173414708 0.049598627035107062 0.020708968132654916 -0.023481441016079154 -0.023436868163751897 0.025420826331223886 -0.0006322964106370005
leaf_weight=705.34273130632937 128.48285140376538 37.943498491309583 46.693323313258588 14.021283637732266 97.309320751577616 90.739639185369015 54.799815704114735 44.200764630921185 37.98457836266607 18.996328014880419 20.000424039550126 49.761993376538157 135.85178771987557 19.558940979652107 107.82493891753256 13.601413642987607 75.455022307112813 62.553790337406099 58.622067224234343 288.16525960247964 30.059596710838377 18.951513156294823 33.301519268192351 27.231357043609023 38.349621121771634 20.07665335200727 47.540917757898569 42.254669670015574 14.257138243876396 19.855669344775379 49.882571085356176 39.487354590557516 28.626337068155408 86.950072335079312 27.564830015413463 42.009478905238211 23.144212005659938 36.424798814579844 18.577617587521672 27.964526779949665 26.399096360430121 33.558008125051856 47.907219475135207 30.638481697067618 20.276221764273942 20.287033569999039 19.813386728987098 27.049143654294312 22.122621153481305 20.641986005008221 39.929051334038377 134.34226902108639 38.834478113800287 24.052241872996092 16.061283200979233 22.710639508441091 42.771318698301911 58.087389014661312 35.646291073411703 89.512825043871999 48.212058356031775 200.72400526050478
leaf_count=5511 1534 345 1547 147 1289 1178 469 582 394 196 259 342 2272 334 1368 160 1144 882 577 3441 295 309 269 367 421 245 606 1003 133 249 723 615 310 987 855 762 166 243 272 336 281 277 460 244 188 221 122 510 281 319 305 1952 640 161 274 295 356 455 244 732 452 1902
internal_value=-7.06355e-05 0.00185166 -0.00063877 7.84577e-05 -0.00641222 0.000214222 0.00814395 -0.0114138 0.00333429 0.0080825 0.00259542 -0.0153046 0.0097867 0.0186338 0.0222273 -0.031622 -0.0411667 -0.00269102 0.0140061 -0.00689676 0.0128167 -0.0213616 -0.00898203 -0.000288501 0.0282727 0.030603 -0.0121674 -0.00611403 -0.0286823 -0.00692255 -0.0115683 -0.0222449 0.00303821 0.019757 -0.0161022 -0.011315 0.0349089 -0.00137304 0.00262229 -0.00324799 0.00245932 -0.010298 0.0198431 -0.0225478 0.0321228 0.00999925 0.0144915 0.0275173 0.0123589 -0.0302899 -0.0133421 -0.0199526 -0.0294507 -0.00835158 -0.0105528 0.0124223 0.00627981 0.0182213 0.00390365 0.00471813 -0.00295237 -0.00766552
internal_weight=3800 3278.94 2098.64 2051.95 685.456 474.936 282.372 192.564 1366.49 764.239 550.635 157.815 392.821 256.834 213.604 108.053 89.0564 602.255 121.176 481.079 88.0797 210.519 113.21 65.2159 197.346 58.0202 521.058 325.522 56.5118 135.987 104.682 195.535 95.3445 177.69 156.048 392.999 158.996 269.011 232.586 185.045 157.08 90.5956 66.4848 64.1965 148.388 40.5633 66.7182 46.9048 55.4241 40.6424 59.488 148.364 57.786 350.989 326.937 38.7719 1180.3 136.505 93.7337 1043.79 338.449 290.237
internal_count=43808 36949 27297 25750 8826 6038 3357 2681 16924 9647 7109 1842 5267 3498 2538 1500 1304 7277 1459 5818 885 2788 1499 761 2859 590 6859 3855 1136 1769 1192 3004 1191 2165 2389 4933 2438 2719 2476 1870 1534 802 732 521 1777 409 881 759 550 578 639 2099 949 4171 4010 569 9652 1055 699 8597 3086 2634
is_linear=0
shrinkage=0.05


Tree=94
num_leaves=63
num_cat=0
split_feature=29 4 12 27 4 42 7 1 34 32 21 10 21 21 1 3 4 42 28 12 0 37 12 21 12 11 37 7 11 12 21 29 10 11 15 20 8 12 10 41 29 19 12 29 37 21 21 20 16 29 7 32 32 8 2 20 39 29 29 16 15 17
split_gain=40.9323 26.3802 19.2625 13.5388 13.2481 13.2466 13.5342 19.9824 23.6777 16.1002 22.098 12.451 12.3778 22.1219 13.556 11.9219 12.5782 29.0115 14.2039 21.0756 11.4938 10.5945 14.4453 34.1512 22.4508 23.7016 19.282 21.3215 24.413 36.0228 22.7898 18.8812 14.4217 16.7589 13.9885 13.4376 12.4287 20.4761 11.2853 10.3909 10.2346 10.6734 10.1114 19.0716 9.3833 9.17091 18.5744 12.5922 12.9552 9.09711 8.95719 19.5092 9.83186 9.79754 8.91962 8.36163 8.18879 7.88682 7.7382 8.3706 7.64716 8.44576
threshold=0.23271376215298531 185.02500000000003 19.500000000000004 3.4305019305019311 534.97500000000014 0.055125645570174554 0.098305355672114084 38.500000000000007 0.14588562697806409 0.021774413050731359 0.00051688101004799451 0.36272497982243751 0.0017223780046719309 0.0019845021713537129 73.500000000000014 -0.0041363016070228107 18.675000000000001 0.0022867454721083387 -0.32102568460410863 32.500000000000007 0.053258785759169425 -67.559256022730722 27.500000000000004 0.00067550332515618403 26.500000000000004 1.5000000000000002 47.150996291304317 0.12572676875232394 2.5000000000000004 24.500000000000004 0.0006879192809405621 0.45548163711066764 1.0000000180025095e-35 1.0000000180025095e-35 0.036599824246231503 47.82492294262169 0.092895455852746625 21.500000000000004 0.066128717381401733 0.017197364524694555 0.073594269700394205 0.0010283549326417509 20.500000000000004 0.43208689527565713 -24.192605545462602 0.00081949411838940357 0.00073232274628027118 49.533179070652295 -0.028412048822864234 0.3633450978437926 0.96885635160122996 -0.28320867629770125 0.11189643689643704 0.010480664222727233 0.11350119142100798 39.329228251676362 0.032114050976996843 0.52806113317181491 0.5481127322933802 0.056782951193243322 0.04375687055723522 0.0045473841434186353
decision_type=2 2 2 10 2 8 8 2 10 10 10 10 10 10 2 2 2 10 10 2 2 10 2 10 2 2 10 10 2 2 10 2 10 2 2 10 10 2 10 10 2 10 2 2 10 10 10 10 10 2 10 10 10 8 10 8 10 2 2 10 2 10
left_child=40 3 4 12 5 6 58 8 9 10 -8 20 14 -14 15 50 17 -17 -18 21 -9 -20 24 35 25 32 27 56 30 34 -29 -32 -23 36 38 -24 37 57 -30 -4 41 60 -41 -44 -35 46 47 48 -12 -38 52 -52 53 -2 -45 -54 -27 -34 59 -3 61 -1
right_child=1 2 39 -5 -6 -7 7 11 -10 -11 45 -13 13 -15 -16 16 18 -19 19 -21 -22 22 23 -25 -26 26 -28 28 29 -31 31 -33 33 44 -36 -37 49 -39 -40 42 -42 -43 43 54 -46 -47 -48 -49 -50 -51 51 -53 55 -55 -56 -57 -58 -59 -60 -61 -62 -63
leaf_value=0.011697608302577156 0.00012978641967418389 0.037138522958576642 -0.052337249922406993 -0.034268940003820345 -0.033148641461540354 -0.02361541975400492 -0.026235058631511727 -0.032474764762336086 -0.051097498817692683 -0.015260620198082893 -0.029502169370285266 0.024009358585998546 0.043452293331726427 -0.02146892899929953 -0.032128828793926721 0.071056883209209692 -0.03598171105700141 -0.010356818981841999 -0.027968670188129399 0.043009655169830061 0.00028794388037177838 0.024512392911739001 0.011205890176117173 0.05933072891759239 -0.042566792023792037 0.052191398042148444 -0.042416423437583527 0.047403664520392963 -0.018352379582061953 -0.048265965229984914 0.031531250772895827 -0.028360295044687886 0.029001014201031697 -0.0059749020376951524 -0.013693362077333727 -0.035234964083960783 -0.00070382542488716651 -0.045070687265327682 0.034499197890209742 -0.044180505193072872 0.0039390225314671311 0.034845915276999088 0.013305794907263718 -0.0072625359124532263 -0.043872263311487733 0.045152021755374576 -0.031982510838518399 0.05350733329441696 0.039821846202599653 -0.036806148519645081 0.023205903200897268 -0.031621989635206141 0.0097654056420728927 0.021222188016439065 -0.052955086514919883 -0.030033787880354729 0.017434603992069 -0.0096425408506046507 -0.01451504283880144 0.0012050205843642326 0.026253455053414938 -0.013249467157200956
leaf_weight=115.33783490210772 79.314730254001915 41.137569868005812 34.647211423143744 29.533084645867348 49.279557097237557 89.663756312802434 23.619767821393907 109.50044497288764 18.07407431025058 50.616045300848782 13.390429993160069 14.579570908099411 40.134641931392252 19.495604256168008 34.205686920322478 18.240199401043355 34.892080031335354 27.349859731271863 46.436171753332019 23.745342791080475 35.431932765059173 21.437710880301893 45.098931115120649 29.667726619169116 39.554510092362761 30.187580588273704 20.147822935134172 44.289994502440095 13.221507724374531 45.770098440349102 24.099788689985871 28.988347230479121 46.138693624176085 21.229025459848344 53.701094875112176 23.794284589588642 28.247962064109743 16.104282041080296 42.785628139972687 34.042357393074781 1369.7368184067309 52.453091472387314 39.669604291208088 17.967638892121613 70.827588059008121 42.896792756393552 15.765097555704413 27.42908099014312 13.567999445833266 45.643897051922977 27.320906229317188 39.948131112381816 28.19764547329396 180.00808461941779 26.335110149811953 24.807995296083391 38.63545966334641 18.496624128893018 17.256920313462615 26.742423757910728 52.761005874723196 48.064775291830301
leaf_count=794 989 531 1360 262 1402 1103 476 1733 333 661 262 250 583 243 276 162 297 387 496 129 389 182 322 163 687 406 180 758 171 966 339 236 631 172 615 305 235 419 749 897 12596 375 599 235 1072 317 328 251 143 447 242 401 410 2331 268 381 512 139 140 360 421 331
internal_value=-0.000260703 -0.00480872 -0.0124349 -0.000773872 -0.00833223 -0.00606614 -0.00256946 -0.00675802 0.00355447 0.0088287 0.0177503 -0.0200346 -5.29582e-05 0.0222268 -0.00106516 -0.000233955 -0.00337206 0.0222161 -0.00473944 -0.0034072 -0.0244652 -0.00479446 -0.00335592 0.0144803 -0.00606252 -0.00369527 0.00503398 0.00800595 0.00129015 -0.0110052 0.0209214 -0.00117204 -0.014824 -0.0182424 0.00454 -0.00483382 -0.00818704 0.00537386 0.0220226 -0.0282623 0.00568907 0.0146129 -0.0211943 -0.0118757 -0.0351328 0.0269403 0.0158042 0.0296559 0.00538815 -0.0230047 0.00719581 -0.00935398 0.0107603 0.014771 -0.0344238 -0.00886163 0.0326798 0.0179424 0.0153814 0.0229819 0.00970331 0.00435944
internal_weight=3781.67 2143.31 741.613 1401.7 588.951 539.672 450.008 364.871 205.359 187.285 136.669 159.512 1372.17 59.6302 1312.54 1278.33 898.732 45.5901 853.142 818.25 144.932 794.505 748.069 98.5609 649.508 609.953 341.827 321.679 252.856 155.478 97.3781 53.0881 268.126 246.688 109.708 68.8932 154.631 80.7396 56.0071 152.662 1638.35 268.617 118.015 83.9724 92.0566 113.049 70.1526 54.3875 26.9584 73.8919 379.597 67.269 312.328 259.323 44.3027 53.0056 68.823 64.6353 85.1369 67.88 216.164 163.403
internal_count=43850 29333 12038 17295 8679 7277 6174 5143 2771 2438 1777 2372 17033 826 16207 15931 11177 549 10628 10331 2122 10202 9706 790 8916 8229 4932 4752 3834 2501 1333 575 3297 3115 1535 627 1871 1189 920 3359 14517 1921 1999 1102 1244 1301 984 656 405 682 4754 643 4111 3320 503 791 918 770 1031 891 1546 1125
is_linear=0
shrinkage=0.05


Tree=95
num_leaves=63
num_cat=0
split_feature=29 4 11 10 14 27 2 29 21 41 41 32 18 7 10 33 36 25 25 37 7 25 34 25 34 7 25 11 7 11 11 21 41 9 24 4 0 4 26 8 42 16 16 21 41 4 13 0 41 25 26 37 7 27 27 7 41 17 33 36 34 2
split_gain=32.5599 22.6085 15.9276 18.6625 23.0529 14.9593 14.7405 14.7442 15.2114 15.1191 12.9337 13.6999 12.8862 14.0654 16.7189 13.5272 13.0021 12.3501 20.4648 15.0057 12.2153 20.6895 17.299 16.6615 12.8748 14.308 11.9055 11.8224 26.4453 17.1662 15.2692 16.8453 13.7054 12.9322 11.6957 12.3494 14.6341 13.1721 12.4713 12.8151 11.1341 11.1308 10.9663 10.1584 9.70652 12.2018 11.6476 9.27302 9.19936 14.0124 13.7325 13.4536 22.6957 9.19576 9.17235 15.9133 15.1464 9.15172 8.9703 8.90899 8.82803 8.80693
threshold=0.2984905411149385 185.02500000000003 1.5000000000000002 0.49214702972309948 0.079353841646665077 3.4305019305019311 0.93356881054023499 0.5481127322933802 0.00036269713125871179 0.068506172469745524 0.020901667970333163 0.071872406142540216 9.7990168260064805e-05 0.60113319902768259 0.2442723113793788 -0.10713415398326208 13.318812792455917 762.50000000000011 877.50000000000011 -13.767906254898195 0.72337963895658686 812.50000000000011 0.34618630127180655 797.50000000000011 -0.17058303047309561 0.047719058050383331 892.50000000000011 2.5000000000000004 0.37088039642448317 3.5000000000000004 1.0000000180025095e-35 0.00054570446703301289 0.044015085550393337 0.16211896630236797 0.00032900148940958631 20.575000000000006 0.00014467090763259081 24.525000000000002 -0.015339391530808695 0.034332607630804472 0.01074246587413521 -0.015659050070546573 -0.03197629444582057 0.0007233381849221502 0.022341457951260694 573.20000000000016 -0.012766087278377783 0.052505934034821615 0.041543094635851145 832.50000000000011 0.015743468713991033 -1.4822746356641796 0.48552721573097762 -0.00609292051824628 0.92320512820512834 0.56527622997530558 0.089118621510165863 0.056206480838181395 0.0047822188726317503 9.4108589272574594 -0.099831611832692277 0.89301756131468302
decision_type=2 2 2 8 2 10 8 2 10 10 10 10 10 8 10 8 8 2 2 10 10 2 8 2 10 8 2 2 8 2 2 10 10 8 2 2 2 2 2 10 10 8 10 10 8 2 2 2 10 2 2 10 8 8 8 8 8 10 8 10 10 8
left_child=34 5 6 4 10 12 7 8 41 47 -4 17 15 26 16 -2 -15 19 -19 -12 21 27 24 -22 -23 -26 -14 28 30 -29 43 -32 -33 -31 35 40 -37 -38 39 -39 -1 -3 -28 -17 46 54 -40 -10 -36 50 51 -50 57 -5 56 -56 -46 -53 -30 -57 -18 -24
right_child=1 2 3 53 -6 -7 -8 -9 9 -11 11 -13 13 14 -16 20 60 18 -20 -21 23 22 61 -25 25 -27 42 29 58 33 31 32 -34 -35 48 36 37 38 44 -41 -42 -43 -44 -45 45 -47 -48 -49 49 -51 -52 52 -54 -55 55 59 -58 -59 -60 -61 -62 -63
leaf_value=0.055842510716644249 -0.028186044014202008 0.046490597215795057 -0.053342312187593888 -0.059479896667718982 0.031024160065861551 -0.039461832213055686 -0.057681721788061982 -0.052292911665394987 -0.034593516841032915 0.012001247372499878 -0.03870502884986865 -0.034463666139935345 -0.017482250334897795 -0.016847351163917855 -0.037688187603754877 0.045720028895401686 0.021804890309703687 0.03483274672621943 -0.026491093065668759 0.0048009494831992502 -0.035883305799828701 -0.025702202596048725 -0.045696842907865132 0.012496329732824968 -0.025719501640269395 0.020461042990357975 0.042602850390571899 0.04447262984614167 0.04339225061215328 0.022497764722763325 -0.044303207965892807 0.025933575410872392 -0.029240895565917763 -0.032717399981959862 0.016284399875427898 -0.032858986763161784 -0.029408132511445084 0.032054570757099624 0.027934212424716318 0.0028762877162559698 0.0080601995656712135 -0.016164758266872577 -0.0095407332937712565 -0.00090094028830266866 -7.1929045980370561e-06 -0.034325930815013631 0.0016247492495241234 -0.0055031688371024162 0.031231912598058909 -0.010905098053591893 -0.0098354530508067868 0.031107988917574398 -0.036522869339011013 -0.017857623607792965 -0.035322273106105966 -0.026414698237063074 0.027200513702171098 -0.0015424502156783336 0.0071119168471624463 0.005744853272356497 -0.016618751411651801 -0.006617822041508176
leaf_weight=19.299313127063215 29.728173077106476 16.773799923248589 13.880827818997203 17.696777741424739 50.4404850685969 24.404008279554546 26.443227086216211 27.794952994678169 97.633548307232559 31.53649759106338 29.837863905820996 29.735012642107904 241.15786291472614 36.4987977668643 21.022513464093208 19.225902458652854 115.77721883915365 50.644628833048046 18.601648807525635 59.031035109888762 37.743793107569218 26.884928107261658 29.805122021585703 33.673386208713055 20.20725223235786 98.678623459301889 16.83403599075973 72.714208408258855 54.512492130510509 37.609507597982883 34.675564114004374 25.83522061817348 19.943851755931973 14.769029358401893 307.74187851697206 31.32569049205631 33.078368385322392 68.277453989721835 66.365752059966326 83.837619030848145 33.103305276483297 12.276141218841078 25.143599442206323 29.786888878792524 654.63951532077044 27.314633962698281 114.90364754106849 38.078834865242243 91.254859607666731 104.71144519746304 62.489618772640824 51.045502969995141 25.090858474373817 53.051538051106036 47.634123038500547 27.645199900493026 55.487978260032833 37.031231410801411 24.783265451900661 97.437230035662651 17.165129302069545 27.924424212425947
leaf_count=178 304 149 647 319 559 220 576 731 2382 293 626 371 3624 329 238 247 1378 517 334 694 532 343 363 324 167 1332 192 1123 437 586 469 190 313 163 2624 365 289 620 544 836 366 319 341 307 6067 357 1107 460 1100 1020 618 827 204 986 393 202 802 387 208 728 197 266
internal_value=0.000267004 -0.00482169 -0.0129154 -0.0055756 0.000791143 -0.000737772 -0.0223757 -0.0182096 -0.0133836 -0.0191844 -0.00676827 -0.00332677 0.000111991 -0.00613737 0.00436849 0.00474736 0.00958645 0.00252881 0.0183593 -0.00980625 0.0063556 0.00893764 -0.00362876 -0.0130722 0.00554532 0.0126117 -0.0132046 0.0165974 0.00931406 0.0287524 -0.00461307 -0.0180153 0.00189658 0.0069289 0.00453303 0.0018574 0.000903841 0.00173231 0.00256065 0.0159731 0.0256579 0.0200132 0.0113701 0.0173867 0.000691328 -0.00141297 0.0112571 -0.0264312 0.00989065 0.00459598 0.0106772 0.0169476 0.00542924 -0.0282689 -0.000394667 -0.0107287 0.00211876 0.0173803 0.0320531 -0.00136292 0.0168437 -0.0267939
internal_weight=3749.68 1709.96 573.457 322.92 252.172 1136.5 250.537 224.094 196.299 167.249 201.731 187.85 1112.1 473.599 190.464 638.502 169.441 158.115 69.2463 88.8689 608.773 537.356 203.5 71.4172 145.771 118.886 283.135 333.856 208.763 125.093 129.467 80.4546 45.7791 52.3785 2039.72 1360.35 1307.95 1276.62 1243.54 152.115 52.4026 29.0499 41.9776 49.0128 1091.43 910.159 181.269 135.712 679.365 371.624 266.912 204.422 113.168 70.7483 882.844 172.717 710.127 88.0767 79.2958 125.082 132.942 57.7295
internal_count=43790 24156 9963 5053 3748 14193 4910 4334 3603 3135 3189 2542 13973 6299 2142 7674 1904 2171 851 1320 7370 6514 2471 856 1842 1499 4157 4043 2171 1872 1526 972 503 749 19634 12854 12310 11945 11656 1456 544 468 533 554 10200 8549 1651 2842 6780 4156 3136 2518 1418 1305 8192 1323 6869 1214 645 930 1575 629
is_linear=0
shrinkage=0.05


Tree=96
num_leaves=63
num_cat=0
split_feature=4 12 11 37 41 7 25 10 0 11 26 4 25 11 10 26 12 40 27 17 10 11 37 34 17 4 17 34 40 6 4 34 6 12 11 10 11 7 10 12 6 32 40 36 34 18 40 5 25 7 27 4 16 26 5 10 36 5 34 25 18 17
split_gain=16.4932 21.2034 25.8344 24.4092 21.8387 24.8262 20.4954 20.1857 20.0448 19.6865 19.5749 24.2787 17.6043 17.2601 14.9756 22.2667 14.9233 19.761 20.0042 18.2524 16.4434 24.3389 35.5381 35.2073 15.349 15.0397 15.0229 14.8515 14.0034 13.5978 13.1351 18.5634 16.8756 20.8558 25.6178 13.1151 12.8265 14.1738 12.2684 12.0855 19.5093 13.6737 11.5702 11.5689 12.6425 11.5732 10.9734 10.3458 10.1994 10.0202 9.9373 9.89634 9.51396 9.45992 15.5586 11.5575 9.42261 9.03518 8.97157 8.88646 16.6061 8.83788
threshold=88.875000000000014 21.500000000000004 1.0000000180025095e-35 -38.066347235911216 0.058207340190800476 1.2346590926792058 837.50000000000011 0.19435651208801821 0.00014467090763259081 3.5000000000000004 0.004642447197991127 54.82500000000001 787.50000000000011 1.5000000000000002 0.27491948020921891 -0.017559595834008675 13.500000000000002 0.041888848769142562 1.5370180631451127 0.0045473841434186353 0.2136329966329967 1.0000000180025095e-35 -7.9925642679053359 -0.024283317501634535 0.091301193074063217 109.22500000000001 -0.035269855277330932 0.1736970820480839 0.028750927030072433 0.15244827530719482 225.02500000000003 0.45998430141287289 0.019957180113626866 25.500000000000004 3.5000000000000004 0.49214702972309948 2.5000000000000004 0.31861875620122337 0.029142028444593477 25.500000000000004 0.18850207484117371 -0.13997415880261063 0.014212205401499974 21.070717011257106 -0.014116785374135575 -0.007513740633879328 0.024996708237112805 0.087896858585288049 757.50000000000011 1.3460704142393778 0.10610418004590629 49.725000000000009 -0.23623568255483376 0.020183877320390991 0.016501336660971623 0.05714285714285721 24.980701204929051 0.025181860306272494 0.0090280674134861644 782.50000000000011 -0.0021353168786628625 -0.065605386752522324
decision_type=2 2 2 8 8 10 2 8 2 2 2 2 2 2 8 2 2 10 10 10 10 2 10 10 10 2 10 8 10 10 2 10 10 2 2 8 2 10 10 2 10 10 10 10 10 10 8 10 2 10 10 2 8 2 8 10 8 10 10 2 8 8
left_child=1 3 6 29 5 9 -3 50 -2 35 11 14 27 -13 36 56 49 19 24 20 21 23 43 25 30 -18 -22 -9 53 -1 31 32 -19 34 -34 38 37 -4 -5 41 -41 -15 -21 45 61 -23 -12 -38 -49 -10 -6 -17 -29 54 -24 -55 -16 -28 59 -44 -61 -45
right_child=8 2 10 4 7 -7 -8 12 16 -11 46 13 -14 39 15 51 17 18 -20 42 26 22 28 -25 -26 -27 57 52 -30 -31 -32 -33 33 -35 -36 -37 47 -39 -40 40 -42 -43 58 44 -46 -47 -48 48 -50 -51 -52 -53 -54 55 -56 -57 -58 -59 -60 60 -62 -63
leaf_value=0.067552313835759742 -0.043610789435258895 -0.04299544674495661 -0.010697453777286434 0.025894178499713417 0.080100549045712871 -0.052563032332136467 0.0011807898867899377 0.001138439581452316 0.0039081738262504275 0.050384782753757996 0.0065117983104166447 0.017489179792826739 -0.0079153625038385113 -0.029289550507781065 -0.018933678766241385 0.066790421510264958 0.0037600214552056203 0.039433649875707993 -0.044791477714081041 -0.038236894046030527 -0.02278664274851205 0.019338010367250181 -0.048662675029777724 0.024068888705037535 0.022917674752713085 -0.054063925488297949 0.0074264916508499524 -0.0087714247398310054 -0.03989886190449686 0.022770854617111862 -0.023165464087484332 -0.02711117061462728 -0.0055298213077849545 -0.040472123486032463 0.042020723426184146 0.032710586349442072 -0.034359487100567375 0.044514817982886423 -0.0062128306727897127 -0.051179022511365961 0.0050531386792453383 0.022608353512408769 -0.027514754822364325 -0.013912386329449161 -0.011248717066135306 -0.013823653744877179 0.044710867643030061 -0.022079379358810242 0.025048965522130501 0.039555879469250071 0.026989800009981982 0.024286824217970918 0.044748955652231429 0.042481805694217632 0.0026648472029181134 -0.018589139797638189 0.020346127698297183 0.032555677161037459 0.0012755920955152661 -0.046395988744490496 0.0060029723458330381 0.019877437794806621
leaf_weight=24.994798199273646 28.992407990153879 62.109767536632717 22.567934453487396 33.386625170707703 18.355097787454724 21.121506180614233 45.481654610484838 42.721201553940773 567.645204202272 20.838075359351933 36.480874039232731 30.157503291964531 63.619418488815427 27.635001173242927 30.669901639223099 26.111037861555815 14.114045981317757 25.355244491249323 42.297039473429322 32.833968170918524 20.587784413248301 38.430274886544794 25.043327196035534 28.043879428878427 35.042243676260114 55.322311019990593 58.64073425065726 9.4971267692744714 49.435831775888801 52.679163165390491 159.11644479492679 78.13623006734997 167.52623434923589 32.815940814092755 34.08866735547781 28.552661646157503 37.835172340273857 23.970339853316545 273.36647702008486 59.356046328321099 20.840157309547067 23.471571866422892 78.405862908344716 20.657982176169753 42.503074384760112 83.422253408934921 38.793226268142462 23.496463859453797 22.448237095028162 20.422297170385718 16.931597022339702 28.800883881747723 66.06916852388531 17.455988397356126 35.970248952973634 13.928551463875918 30.401920890435576 91.715068871155381 162.7941950308159 18.989622384309769 74.209143227897584 306.00416783755645
leaf_count=206 605 951 212 541 259 164 380 423 6254 609 374 179 690 233 162 191 185 235 518 551 187 359 472 290 448 1027 657 65 626 572 2101 1110 1944 368 473 378 446 211 2883 613 183 283 1077 237 561 1028 321 214 219 205 237 230 1526 244 446 215 248 1213 1820 327 764 2997
internal_value=0.000102662 0.00474777 -0.00216389 0.0108213 0.00737704 0.000105563 -0.024321 0.0200076 -0.00228181 0.00322913 0.00277138 -0.00155325 0.0132941 -0.0166221 0.00832496 0.0213937 -0.0017889 -0.00400188 -0.0116963 -0.000517886 0.00331059 4.31832e-05 0.00362553 -0.0232138 -0.0090654 -0.0423103 0.0172701 0.0247013 -0.0184202 0.0371811 -0.0113203 -0.00574276 0.000684253 -0.00350675 0.00250994 0.000298575 -0.00330624 0.0177406 -0.00271834 -0.0244568 -0.0365663 -0.00545455 -0.00991386 0.0099936 0.014403 -0.00336501 0.0261981 -0.0149974 0.000947177 0.00514614 0.0546164 0.0444976 0.0380225 -0.00692847 -0.0184028 0.0153783 0.000620045 0.022755 -0.00713288 -0.0151096 -0.00467353 0.0177406
internal_weight=3722.71 1262.76 590.628 672.133 594.459 377.265 107.591 217.194 2459.95 356.144 483.036 407.762 181.907 161.46 246.302 115.984 2430.95 1842.89 574.378 1268.51 901.276 730.332 632.852 97.4802 532.081 69.4364 170.944 118.287 141.834 77.674 497.039 337.922 259.786 234.431 201.615 335.306 130.318 46.5383 306.753 131.303 80.1962 51.1066 367.233 491.018 369.165 121.853 75.2741 83.7799 45.9447 588.068 35.2867 54.9119 75.5663 92.3981 61.0136 31.3845 61.0718 150.356 334.399 171.605 93.1988 326.662
internal_count=43747 14203 5650 8553 7775 4575 1331 3200 29544 4411 4319 3624 2704 1491 2133 831 28939 22480 7197 15283 10744 8687 7185 1502 6679 1212 2057 2014 2003 778 6231 4130 3020 2785 2417 3802 1302 423 3424 1312 796 516 4539 5182 3795 1387 695 879 433 6459 496 421 1591 1377 918 459 410 1870 3988 2168 1091 3234
is_linear=0
shrinkage=0.05


Tree=97
num_leaves=63
num_cat=0
split_feature=29 29 21 21 0 12 10 1 32 12 34 36 36 1 21 1 4 26 12 8 12 1 32 4 17 1 32 34 20 13 39 0 4 20 12 19 17 26 40 10 17 28 29 4 12 40 11 28 5 11 14 16 1 11 1 29 39 5 2 14 40 34
split_gain=34.4365 14.7245 12.5228 16.0548 17.9788 16.5759 23.5316 14.8567 14.5618 15.478 29.4829 31.021 18.216 21.3214 15.3525 14.4339 14.4153 14.3784 12.9418 13.709 16.3825 12.9186 12.4557 11.9819 11.8801 11.4755 11.5879 11.3968 10.8685 10.6193 10.5867 10.476 16.9541 16.8112 19.0553 13.5094 10.9397 9.96903 9.68742 9.47632 9.45364 11.4223 10.1585 9.42558 9.2554 13.6828 9.22087 9.05131 8.92609 8.6002 11.9754 8.54808 16.4028 20.2771 15.7307 14.3716 12.0355 11.3405 9.45324 8.27046 8.22255 8.18853
threshold=0.48524103128023427 0.062822211519765886 0.00029657002292457306 0.00045207265151346978 0.028575986939698414 19.500000000000004 0.5674835806952826 20.500000000000004 0.64571773495512752 27.500000000000004 0.23365917197732514 16.685722335340099 40.327344219612201 71.500000000000014 0.00082446070880960373 72.500000000000014 76.52500000000002 -0.022000004440408633 25.500000000000004 0.030912273079083247 20.500000000000004 51.500000000000007 -0.42599498116811729 98.375000000000014 -0.0672180410723386 29.500000000000004 -0.012808793887404466 0.1508519442079426 71.43357498377749 0.023024412356533897 0.0047366540584074064 0.0049144085883491406 98.375000000000014 38.376274240035535 21.500000000000004 7.6485310678275925e-06 -0.0047554602276722192 0.020183877320390991 0.04207239171032124 0.50284019450895734 -0.020780752344048633 0.012821401406097778 0.27860667780311282 30.625000000000004 21.500000000000004 0.029139909155143692 1.5000000000000002 0.0064950131075421922 0.00039003742008855241 1.0000000180025095e-35 0.012385190143898514 -0.11319546306409529 28.500000000000004 1.5000000000000002 40.500000000000007 0.18233896927092322 0.066233625466478027 0.25409925686405949 -0.82527938319773164 0.011196324618420881 0.053582259085651819 0.02760418231303963
decision_type=2 2 8 8 2 2 10 2 10 2 10 8 8 2 10 2 2 2 2 10 2 2 8 2 10 2 8 10 10 2 8 2 2 10 2 10 10 2 10 10 10 8 2 2 2 10 2 10 8 2 2 8 2 2 2 2 10 10 10 2 8 10
left_child=1 49 25 4 17 22 8 -6 9 12 11 -11 13 14 21 18 -16 -4 19 47 -21 40 -5 37 -23 26 -3 29 43 -22 -25 32 -19 34 39 -35 -37 44 -18 -33 42 -42 -7 -24 45 -2 -32 59 -34 -1 -51 52 53 -45 -54 -56 -55 61 -57 -14 -13 -53
right_child=23 2 3 5 7 6 -8 -9 -10 10 -12 60 15 -15 16 -17 38 31 -20 20 27 24 28 30 -26 -27 -28 -29 -30 -31 46 33 48 35 -36 36 -38 -39 -40 -41 41 -43 -44 51 -46 -47 -48 -49 -50 50 -52 57 54 56 55 58 -58 -59 -60 -61 -62 -63
leaf_value=-0.0020299069154333777 0.038771372315894906 -0.022010125289384425 -0.029363183313142163 0.040184510590698649 -0.008584024946448587 0.025449014903823231 -0.056205475652584547 0.045019779607460897 0.035656687661028856 -0.022046332866160805 -0.036918823296237864 0.040027643072325973 -0.00088691806552366667 -0.047923805328573515 0.050431155524723173 0.028903219484754702 0.023234036718852644 0.019006155773839552 -0.036190616218922875 -0.043935131162803814 -0.036586870705359736 0.0063593766640442284 0.036075647209578267 -0.061026811140902762 -0.039389255011803986 -0.041041764418624449 0.031824395461170295 0.024004244266399841 -0.033768086015289071 0.0081961842273830781 -0.024977787871362588 -0.030217481202457954 -0.050945354135878619 0.035629298195586072 0.022861431811378091 0.023541053576746317 -0.0085961148287004626 -0.031451185594909274 -0.020326110464545452 0.011663899489427141 0.006711844355592681 -0.037833669814682253 -0.0082754028860657566 0.0077038926028522485 -0.010802196507907784 0.0011614368098820729 -0.0082390794843282215 -0.019899937928512006 0.00090377217917854435 0.036380520451828373 5.2014230659834569e-05 0.00097101185246938363 0.043738728851787 -0.051286754238683098 0.028679420992453544 -0.042187232340616387 -0.001572986236095653 0.029255852121942889 -0.0019750407782911351 0.044638999022070504 0.0093171327726216235 0.0097711326712240868
leaf_weight=38.861248731613159 29.796419408172369 25.992950664833188 26.039122773800045 23.197179913520813 16.583305992186069 62.914468938484788 21.810196958482265 58.61410953104496 22.981136867776513 36.435113020706922 29.668561317026615 77.059860192704946 21.128553368616849 21.872598281130195 28.413950035348535 15.847062563523648 33.052005675155669 29.385187581181526 86.496263701003045 51.531607576645911 34.248660515993834 22.056623545009643 22.215949927456677 12.574506293050943 39.79147223662585 31.892067130189389 16.242045360151678 20.904541640542448 19.555155409500003 21.577466451562941 129.50446270452812 50.475253917276859 22.950088277459145 92.14759457949549 44.85585250146687 60.834218981675804 46.892697568517178 26.766529176384211 20.792995180934668 18.44080254342407 34.53926603961736 24.66945345280692 34.615126404445618 39.138673178851604 106.84053865168244 128.36470493488014 225.60070461221039 21.037838554941118 13.004254124592988 75.130397152155638 32.496927756816149 783.44787320587784 23.206670409068465 46.130211791023612 27.12943568918854 21.070320365019143 16.539478227496147 45.95759990811348 47.706054770387709 18.899210134055465 30.391906966455281 398.95498026628047
leaf_count=275 349 408 287 329 203 397 188 935 358 304 223 546 255 181 414 120 305 252 1251 866 388 186 431 393 497 587 232 271 258 184 2496 532 356 1215 364 756 642 256 265 226 339 259 388 305 1226 1434 2901 242 205 510 236 8072 306 645 272 195 271 533 503 184 229 5413
internal_value=0.000423629 0.00266517 0.00188427 0.00241617 0.0107458 0.000711818 -0.00495447 0.0331985 -0.00357605 -0.00472031 0.00846474 0.0178225 -0.00844488 -0.000260059 0.00320528 -0.0175009 0.0216176 0.00657724 -0.020167 -0.0128465 -0.02213 -0.00372368 0.0038279 -0.00993631 -0.0230741 -0.0184025 -0.00130732 -0.00748593 0.00326228 -0.0192777 -0.0159401 0.00904661 -0.0091667 0.0128408 -0.00250215 0.0215743 0.00955199 -0.00237043 0.00641268 -0.0190107 0.00391189 -0.0118481 0.0134796 0.00375438 0.000566876 0.00824688 -0.0143436 0.0066527 -0.0321921 0.0181317 0.0254115 0.00325893 -0.00579573 -0.0205324 0.00680002 -0.00213817 -0.0381665 0.00488742 -0.0142944 0.0206083 0.0313414 0.00394026
internal_weight=3707.27 3047.82 2901.34 2827.21 480.222 2346.99 832.736 75.1974 810.926 787.945 173.555 143.887 614.389 322.718 300.845 291.671 82.259 405.025 275.824 189.328 128.262 218.586 1514.25 659.448 61.8481 74.1271 42.235 76.7307 1491.05 55.8261 367.68 378.986 65.3395 313.646 113.772 199.875 107.727 291.768 53.845 68.9161 156.738 59.2087 97.5296 1471.5 265.002 158.161 355.105 61.0656 35.9543 146.489 107.627 1449.28 220.921 101.808 119.112 95.9058 62.6697 1228.36 68.7764 40.0278 107.452 1182.4
internal_count=43649 34594 33573 32346 5973 26373 8840 1138 8652 8294 1302 1079 6992 3231 3050 3761 984 4835 3641 2390 1709 2066 17533 9055 683 1227 640 843 17204 572 5790 4548 813 3735 1122 2613 1398 3265 570 758 1383 598 785 16946 3009 1783 5397 681 561 1021 746 16515 2497 1221 1276 970 916 14018 698 439 775 13485
is_linear=0
shrinkage=0.05


Tree=98
num_leaves=63
num_cat=0
split_feature=29 4 22 1 6 10 7 10 1 10 1 10 37 27 7 15 14 10 1 42 34 42 31 37 1 13 1 36 16 2 31 1 36 40 10 12 1 31 14 37 17 22 20 0 37 37 9 1 29 4 26 26 6 15 4 17 26 19 29 35 34 20
split_gain=31.1799 20.9299 13.1989 24.3261 25.2587 13.9729 21.4985 20.987 12.7668 22.8049 12.084 11.7965 11.822 11.0083 10.4618 10.1974 9.9938 14.1013 22.6207 23.3006 16.7328 14.6436 13.6595 10.5806 9.96429 11.5978 12.7006 10.7184 9.64476 10.6092 9.4661 11.3783 9.43032 9.22093 17.6473 11.8162 14.11 20.1999 28.6613 17.5023 13.7788 16.3555 13.1411 13.7971 10.0662 12.4679 16.8247 13.6209 18.364 12.0318 13.7086 14.4874 12.8788 12.0601 12.6188 10.216 12.9186 9.2818 9.75539 9.9407 8.89571 13.371
threshold=0.28285532603017577 222.37500000000003 1.0000000180025095e-35 43.500000000000007 0.15402241029236599 0.085895763143549075 0.16974791166280526 0.48788499850143691 21.500000000000004 0.34114384603478376 35.500000000000007 0.1818181818181818 -1.0000000180025095e-35 3.4305019305019311 0.051641213726018841 0.017683308169982138 0.33261538239491117 0.44803947887433321 16.500000000000004 1.0000000180025095e-35 0.25097406704617337 0.13487626179529005 -0.11545031597297888 19.962704792411735 73.500000000000014 0.050413562278259459 16.500000000000004 12.428599981688828 0.18810897698214948 0.72978735362294456 -0.21038880509468746 19.500000000000004 64.607098767565944 0.042604319958516275 0.31999328164153384 25.500000000000004 41.500000000000007 0.22499023522263686 -0.16534370932173251 -15.977683647725135 0.078691862429707285 1.0000000180025095e-35 59.548231381411881 0.040705162245696862 -7.3986871680415112 -26.119380050353797 0.035100351287828534 6.5000000000000009 0.13699749725441829 623.07500000000016 1.0000000180025095e-35 0.020183877320390991 0.0062597962382445298 0.0012474021100546075 204.62500000000003 -0.0055481946054783569 0.01130306010759107 7.9232936497475328e-05 0.16303180203949177 0.034155683802487687 0.068348917095754982 54.049725685582978
decision_type=2 2 2 2 8 8 8 10 2 10 2 10 8 10 10 2 2 8 2 8 10 10 8 8 2 2 2 10 10 10 8 2 10 10 10 2 2 10 2 10 10 2 10 2 8 10 10 2 2 2 2 2 10 2 2 10 2 10 2 8 10 10
left_child=28 13 5 4 11 -3 7 8 -7 -10 32 -4 -13 16 -11 -6 17 21 20 -20 23 24 -21 -19 25 27 -27 -2 30 -30 31 -1 -9 34 44 36 39 38 -38 -35 41 42 43 -41 45 46 55 -47 -49 50 -46 53 -53 -52 -55 -32 -57 58 -40 -60 -29 -62
right_child=1 2 3 -5 15 6 -8 10 9 14 -12 12 -14 -15 -16 -17 -18 18 19 22 -22 -23 -24 -25 -26 26 -28 60 29 -31 33 -33 -34 35 -36 -37 37 -39 57 40 -42 -43 -44 -45 49 47 -48 48 -50 -51 51 52 -54 54 -56 56 -58 -59 59 -61 61 -63
leaf_value=-0.0070820647093866517 -0.038688580163620284 0.023054975599950869 -0.047656770039022384 -0.050478262974957312 -0.01920810029604296 0.042795006710561995 -0.033227563694455682 -0.010657416462710142 -0.033215733807472898 -0.0017599316953705369 0.0034409868013792902 0.012356449264263712 -0.042994108686826737 -0.033482937330799732 0.04628298746793677 0.025833368788666929 -0.030088266326440762 0.011903671482972666 -0.010456543141610059 -0.01546396647641834 -0.052136496162854651 0.042714525701574371 0.029654242811037831 -0.02668881644486297 -0.036882640492708479 0.0085132462177128655 -0.034128273845711619 0.0022205315985236967 0.048034757702163117 0.0093517165165338031 0.011842789269603754 0.027764472347637237 -0.058422626025848606 0.028865455176905964 0.025598356662508433 -0.023284467365476878 -0.021992936839588046 -0.031357446366690189 0.051828860566545613 -0.0019297923909892872 0.019884387672300722 0.011620662847351004 0.0088603814255221909 -0.042522349519626031 0.01156786046640906 0.042394955104309205 -0.015932935958357163 0.02667650820345753 -0.0012813872667114443 -0.03500218970418268 -0.031496714773929145 0.036510993847819438 -0.0031044354657448069 0.018297535532338382 -0.017606579359060629 0.012863873257499625 -0.040200908402199302 0.0088019367874893669 0.0017142013024292555 0.052719891417266462 -0.002737142849266256 -0.038694063107844442
leaf_weight=32.7994415294379 18.727538546547294 35.218083469197154 44.213786068372428 58.065692335832864 17.837957166600972 27.509071038104594 73.627765218727291 17.661053548566997 27.417870704084635 20.761690760962665 28.550729528069496 23.698499295860529 16.269868321716785 25.885773700661957 24.94778773188591 42.520103322342038 27.983154379762709 52.367973041720688 60.221435429528356 18.596176708117127 20.226362319663167 16.993023416027427 171.3274103840813 26.874118929728866 22.647154655307531 25.145968021824956 57.146992327645421 602.16178719513118 25.682946561835706 57.202911583706737 244.7949951896444 81.972816718742251 24.905484004877508 27.742297999560833 98.443105853162706 61.587330382317305 39.100840704515576 26.070793026126921 46.726527014747262 27.30822504684329 26.811237227171659 35.627226335927844 22.268660355359316 89.668143166229129 158.28852607682347 40.325816262513399 100.66881162393838 104.58764925971627 133.9718003673479 26.290045781061053 70.520645400509238 28.885480842553079 70.80386788956821 37.947226673364639 68.915573174133897 22.768400728702545 23.111850513145328 48.12910561170429 28.512486490420997 14.365407597273586 100.87419844325632 34.765022697858512
leaf_count=320 278 252 2021 2090 396 296 1457 169 289 156 226 195 309 249 294 453 314 415 540 166 342 175 2266 226 200 274 837 8259 262 564 2023 772 317 390 1727 432 373 350 587 286 248 342 197 823 1185 258 829 737 1195 448 602 267 618 326 558 260 246 666 347 238 1360 530
internal_value=0.000247425 -0.00455038 -0.0134185 -0.0231435 -0.0121624 -0.00639658 -0.0106236 -0.000933646 0.0137591 0.00283634 -0.021725 -0.029861 -0.010175 -0.00120771 0.0244614 0.012522 -0.000542554 0.00013068 0.00862354 0.0166436 -0.0115454 -0.00324934 0.0252365 -0.00118456 -0.00415601 -0.00327243 -0.0210985 -0.00133337 0.00465392 0.021338 0.00390196 0.0178061 -0.0386046 0.00297644 0.00529318 -0.00279441 0.000124478 0.00972955 0.015787 -0.00837029 -0.0134922 -0.0186095 -0.0263441 -0.033046 0.00352717 0.00744052 0.00168363 0.0155188 0.0109757 -0.00215425 -0.000170673 -0.00687676 0.00837433 -0.0154479 -0.00485695 0.00778473 -0.0138671 0.0265123 0.036025 0.0188027 -0.000385182 -0.0119531
internal_weight=3687.05 1765.15 483.205 202.606 144.54 280.6 245.381 171.754 100.636 73.1273 71.1173 84.1822 39.9684 1281.94 45.7095 60.3581 1256.06 1228.08 349.613 250.145 99.4685 878.462 189.924 79.2421 861.469 838.822 82.293 756.529 1921.9 82.8859 1839.01 114.772 42.5665 1724.24 1230.32 493.918 432.331 202.905 176.834 229.426 201.683 174.872 139.245 116.976 1131.88 670.229 391.344 278.885 238.559 461.651 435.361 277.073 99.6893 177.383 106.863 290.675 45.8803 137.734 89.6044 42.8779 737.801 135.639
internal_count=43827 25351 8920 5464 3374 3456 3204 1747 1035 739 712 2525 504 16431 450 849 16182 15868 3955 2972 983 11913 2432 641 11738 11538 1111 10427 18476 826 17650 1092 486 16558 11279 5279 4847 2561 2211 2286 1896 1648 1306 1109 9552 5548 3358 2190 1932 4004 3556 2371 885 1486 884 2529 506 1838 1172 585 10149 1890
is_linear=0
shrinkage=0.05


Tree=99
num_leaves=63
num_cat=0
split_feature=29 4 12 12 26 4 29 34 17 8 19 7 34 1 1 3 4 21 16 39 33 9 18 11 7 0 14 0 12 21 19 1 1 34 1 20 11 21 21 9 20 34 17 1 8 17 21 12 12 18 2 21 31 11 32 1 22 12 10 21 4 31
split_gain=31.8966 15.5024 14.2137 13.5677 13.5135 13.2753 13.6566 14.1125 12.8162 13.4031 15.5041 13.4898 30.1195 23.9916 16.7349 13.6222 11.7697 13.8963 12.0061 11.6405 10.8834 14.8824 15.4109 12.8995 30.4578 13.0899 10.9964 10.7164 24.6174 16.3357 15.1242 10.5918 10.446 10.3581 26.7235 24.3102 20.3213 16.9989 19.8898 17.0604 15.4697 17.1674 15.6541 15.8373 14.8103 14.5369 14.0842 12.7702 22.4058 11.9002 18.3971 15.7339 11.8167 10.8278 10.6079 10.5988 17.1255 12.4896 11.3752 10.516 12.4552 10.4832
threshold=0.45968303832328578 98.375000000000014 13.500000000000002 14.500000000000002 0.020183877320390991 717.65000000000009 0.095936122428622095 1.200055279159757 0.10624000019654926 0.25210906918814496 -0.0017187837766992618 0.049480568824376764 0.14044184501642223 73.500000000000014 25.500000000000004 -0.048479198887029167 18.675000000000001 0.00028740114573888082 0.00049181596271333629 0.0037529620718595295 0.12024120208349666 0.13262991959660578 0.0030508539798334016 1.0000000180025095e-35 0.4317282219654483 0.012660956574845103 -0.020518330575278597 0.0049144085883491406 32.500000000000007 0.00031885514566855301 0.00062720733937193806 17.500000000000004 23.500000000000004 0.090977422873397065 37.500000000000007 54.877254994288144 2.5000000000000004 0.00098503399877528076 0.0015793030917018685 0.047164451114922852 49.151443361066107 -0.10738280732123943 -0.0005073507173656847 30.500000000000004 0.092895455852746625 0.014979237102906814 0.00096829543842269332 31.500000000000004 26.500000000000004 -0.00013767760273764027 -0.35911389869438565 0.0007813693755483155 -0.076147218294456906 2.5000000000000004 0.030065683872602892 30.500000000000004 1.0000000180025095e-35 19.500000000000004 0.31614987080103368 0.00074357879551946026 125.17500000000003 -0.045966156591101752
decision_type=2 2 2 2 2 2 2 10 10 10 10 8 10 2 2 2 2 8 10 8 8 8 10 2 8 2 2 2 2 8 10 2 2 10 2 10 2 8 10 10 10 8 10 2 10 10 10 2 2 10 8 10 10 2 8 2 2 2 8 10 2 10
left_child=5 4 -3 -4 -2 6 20 8 9 11 -11 12 -8 15 -14 31 18 -18 -17 -5 21 22 23 24 -1 -25 -23 -19 29 30 -29 -13 -27 37 45 36 46 40 39 -39 41 42 43 52 61 -35 -36 48 49 54 51 59 -31 -47 -42 56 57 -43 -59 60 -51 -41
right_child=1 2 3 19 -6 -7 7 -9 -10 10 -12 13 14 -15 -16 16 17 27 -20 -21 -22 26 -24 25 -26 32 -28 28 -30 33 -32 -33 -34 34 35 -37 -38 38 -40 44 47 55 -44 -45 -46 53 -48 -49 -50 50 -52 -53 -54 -55 -56 -57 -58 58 -60 -61 -62 -63
leaf_value=0.024729338818629844 0.0020282812415746967 -0.00011416814091543754 -0.049620081250998177 -0.060265994125932809 -0.032186578924086121 -0.031582736165648245 -0.016762808240792501 -0.03633284552321709 0.044387028044957921 -0.0023437727462752049 -0.041242458642236371 -0.006378785709010632 0.0057872396367570737 -0.035030540698578604 0.045058312983547261 0.042515357898213764 -0.030544617460360236 -0.014039423822603148 -0.0042614165297400353 -0.014606301465348951 0.040879287511179328 0.023112872600209312 0.043606171317419472 -0.0016984761247262462 -0.043199623417925027 0.0084081389110190127 -0.012044089437846775 0.043675833511533362 0.055065868701565435 -0.049631176571503142 -0.015224016382249737 0.023682094526166892 0.035966978094804196 -0.036226165664589215 0.035907346731640859 -0.032205282502425006 0.040015110202348936 0.032268864460216387 -0.024451083931136673 0.0076708983273952843 0.035388541627820506 0.035042357426676052 -0.035630220637108738 0.0075284682784043369 0.019605808895376078 0.022904722850543166 -0.01547595747787271 0.038869564582878588 -0.040132865707520442 -0.0010068290566602883 -0.0096542719481359836 0.038405200753528351 0.0021189104746840537 -0.02990183907983858 -0.0048079788274964655 0.011164598774779492 -0.043581193200923796 -0.033939087941000805 0.008422451246999323 -0.021102786512115793 0.030769639243994021 -0.028181091946873623
leaf_weight=33.303962979465723 319.20328876934946 116.07575908536091 35.603882034309208 14.702966139186172 31.727313663810492 28.441034366842359 49.280004618689418 24.800881394185126 17.35825403034687 76.418094214983284 38.533037133514881 39.231624036096036 44.04185713455081 45.123146055266261 70.638292420189828 33.071636321023107 36.624723415821791 117.13322521792725 23.440676299855113 275.76438595307991 27.617381736636162 27.765876248478889 39.880089474841952 67.853087186813354 32.708187133073807 57.255937989801168 111.79447600711137 40.121300331316888 21.261643953621387 28.990874263457954 14.963908720761536 115.78102912474424 86.080458084121346 91.29162320215255 18.199789834208786 33.307894477620721 50.912517389282584 103.96623545140028 33.837403339333832 44.136647227220237 53.737047102302313 20.571589067578316 83.816179814748466 70.975004359148443 102.63819847116247 22.443252338096499 49.902343538589776 25.447918355464935 28.953959291800857 81.540071086026728 188.02774289064109 44.204476143233478 17.806297679431736 17.106546888127923 23.630883152596653 120.00698551908135 28.639628183096647 27.671387121081352 37.086838005110621 31.644539947621524 49.59317178465426 37.896337597630918
leaf_count=308 3787 1599 1142 442 303 802 614 298 341 805 514 417 419 379 1152 296 697 1425 334 3997 216 210 325 382 186 362 824 639 147 401 226 1328 748 1326 233 322 1190 878 441 350 511 342 1152 629 891 270 583 153 346 1041 2294 627 214 269 337 1136 454 414 278 304 528 320
internal_value=-2.98369e-05 -0.0089117 -0.0151395 -0.0204883 -0.00106505 0.00240879 0.00274681 0.00118695 0.00158274 0.00126436 -0.0153831 0.00212686 0.0159286 0.00102554 0.0299766 0.00183513 0.000644998 -6.11477e-05 0.0231129 -0.0169175 0.0103996 0.00855622 0.0145447 0.0103637 -0.0089286 0.0163939 -0.00504953 0.000572671 0.00161356 0.000913351 0.0276757 0.0160741 0.0249586 -2.68429e-05 -0.00868333 0.00555269 0.0161198 0.00188098 0.0118162 0.0160679 -0.00144824 -0.00841987 -0.0191141 -0.00735987 0.00694701 -0.0252566 -0.00174415 0.00431621 0.00256226 0.00517922 0.00166702 0.0119516 -0.0299403 6.42042e-05 0.0231111 0.000794003 -0.010126 0.00110275 -0.00967876 0.00476772 0.0110107 -0.00889145
internal_weight=3681.58 793.078 442.147 326.071 350.931 2888.51 2860.07 2375.81 2351.01 2333.65 114.951 2218.7 163.96 2054.74 114.68 2009.61 1854.6 1798.09 56.5123 290.467 484.259 456.642 317.082 277.202 66.0122 211.189 139.56 1761.46 1644.33 1623.07 55.0852 155.013 143.336 1567.98 283.164 152.323 119.015 1284.82 322.475 288.637 962.345 435.565 201.588 117.772 184.671 130.841 68.1021 526.78 501.332 472.378 395.01 206.982 46.7972 39.5498 77.3679 233.976 113.969 85.3298 64.7582 162.778 131.133 82.033
internal_count=43898 11270 7180 5581 4090 32628 31826 28265 27967 27626 1319 26307 2185 24122 1571 23743 21998 21368 630 4439 3561 3345 2311 1986 494 1492 1034 20671 19246 19099 865 1745 1110 18234 4193 2328 2006 14041 2880 2439 11161 5020 2396 1244 1561 1865 816 6141 5988 5642 4794 2500 615 539 848 2624 1488 1034 692 1873 1569 670
is_linear=0
shrinkage=0.05


Tree=100
num_leaves=63
num_cat=0
split_feature=12 9 1 1 10 18 41 34 34 12 0 12 11 11 1 37 26 10 11 32 4 20 12 4 32 10 11 12 12 11 11 1 41 37 4 1 41 1 7 21 21 12 10 36 21 6 10 6 9 41 14 41 9 32 36 1 7 20 10 4 41 5
split_gain=13.1718 18.2141 30.1578 25.2735 23.2605 20.5119 19.0981 22.1303 18.5531 19.0295 39.4227 28.5858 36.8645 19.5615 23.9136 18.7245 17.161 15.7458 28.0686 39.7288 23.0936 20.3885 18.0728 16.9539 45.2533 19.2481 28.7582 37.8031 36.6034 33.1325 26.5702 38.1009 16.4723 15.8235 14.63 19.5031 13.8509 13.6287 14.2321 13.5112 13.4312 15.6541 17.9697 13.3146 13.2194 12.7559 12.6931 12.5901 11.9096 11.8934 11.9421 11.8003 11.5178 10.4994 14.6876 20.3715 14.8056 11.6522 19.7276 11.1943 10.02 9.83804
threshold=13.500000000000002 0.12575108181569677 73.500000000000014 73.500000000000014 0.31999328164153384 0.0023926134548620808 0.087904361996094485 0.36062131965202765 0.20945169176002756 31.500000000000004 0.0055245826768997751 26.500000000000004 1.5000000000000002 1.0000000180025095e-35 36.500000000000007 38.466761729090194 -0.0042383700148087939 0.2136329966329967 1.0000000180025095e-35 -1.0000000180025095e-35 152.82500000000002 43.162569777775751 14.500000000000002 18.675000000000001 -0.086476619880649572 0.12042656601382898 2.5000000000000004 25.500000000000004 24.500000000000004 3.5000000000000004 3.5000000000000004 41.500000000000007 0.021794877384709702 -10.620400505580735 63.625000000000007 20.500000000000004 0.036727189187595349 19.500000000000004 1.15681096624096 0.00068086818434892539 0.0011859367795189742 19.500000000000004 0.54880290202625592 82.088153430220103 0.00063085556001019462 0.051808645787832779 0.36633673252338955 0.20949978258603116 0.2457951004130137 0.03693636385777898 -0.052785274270914416 0.042615262999476135 0.042046888750651108 -0.39500697424984177 33.210464463258639 16.500000000000004 0.96885635160122996 59.163876168081551 0.098225142009680036 175.22500000000002 0.039084204528720724 0.085281419794694155
decision_type=2 10 2 2 10 10 8 10 10 2 2 2 2 2 2 10 2 10 2 10 2 8 2 2 8 10 2 2 2 2 2 2 10 8 2 2 10 2 8 8 8 2 10 10 8 10 8 10 10 10 2 10 8 10 10 2 8 10 10 2 10 8
left_child=53 2 4 5 8 6 7 48 9 11 52 15 13 -13 -15 17 -17 18 19 20 21 -2 -22 24 -20 26 27 33 30 32 31 44 -30 -25 35 -9 39 -23 -39 -32 41 -6 -43 -8 -28 -19 -36 -34 49 -3 -51 -47 -11 -1 55 -55 57 59 -59 -56 -49 -35
right_child=1 3 -4 -5 40 -7 43 34 -10 10 -12 12 -14 14 -16 16 -18 45 23 -21 22 37 -24 25 -26 -27 28 -29 29 -31 36 -33 47 61 46 -37 -38 38 -40 -41 -42 42 -44 -45 -46 51 -48 60 -50 50 -52 -53 -54 54 56 -57 -58 58 -60 -61 -62 -63
leaf_value=0.031217589692368958 0.037718878851968181 0.0053817393256908909 -0.038299276743831802 0.039230499343537756 0.036474643670866704 -0.027204062632398957 0.024430361319351692 -0.035855180576688503 -0.026165055695543993 0.0090257770199102926 0.040717133134553309 -0.030124028988820911 -0.045165359310362474 -0.0097458207971681757 0.051931620869808182 0.012507483920807845 -0.049626853069458653 -0.0079194481366538904 -0.015330794113515109 0.030042940991533984 -0.011461659962535408 0.0060709119643215124 -0.057951384553148591 0.017290957255073486 0.078698867307728348 -0.013197862860353085 -0.01096549643898315 0.059995047058870182 0.022356582488971086 -0.039946994917573836 0.027987168864188894 -0.040131595766841908 -0.0385002181265309 0.009847715888869478 -0.060743214496309143 0.037386613236427411 0.054517818421782507 -0.046204801959493537 0.012463713672800582 -0.020140268622067768 -0.029323504848319432 0.017880928004521134 -0.035477380734762039 -0.016011950891012695 0.031970021874885388 0.053488978743012262 -0.022956972325451935 0.024406744752486872 0.016031276182276077 0.015070964529459314 -0.022367761283810725 0.010330003993877899 -0.034443165817564708 -0.056683518770417413 0.024673510261513237 -0.00029551920883932902 -0.010833503849272211 0.044328137998966032 -0.012279418415534687 0.0079005945636252076 -0.018581088237004825 -0.025267348380144633
leaf_weight=39.211099694482982 20.343051265925169 115.67071202024817 47.477965578902513 27.634098285343498 90.179974891245365 134.31118662841618 77.346519251354039 16.006765358150005 64.394340905360878 31.373678500298411 84.033533069305122 33.119671769440174 77.684081999119371 35.933555537834764 27.931653614621609 16.904549253638834 32.434332946781069 23.733418401330709 24.755477046594024 43.464492076076567 32.490668791346252 37.529737276956439 58.625993601512164 250.65601189946756 26.485354329459369 142.91481903987005 27.66522860666737 44.933864230290055 49.436518728267401 88.682087839581072 66.772099019028246 46.788308170624077 32.365511250682175 38.668372214306146 26.500312466174364 21.031775096431375 35.817826243117452 44.562305662781 13.459238987416027 18.657898121047765 14.11305567063391 86.030818097293377 19.322917517274618 27.618448958732188 50.931725039612502 36.854514895007014 137.75834375713021 24.725449100136757 73.859541724435985 25.703184342011809 124.33731488976628 27.772482486441731 29.631403323728591 21.788843508809805 161.54072452988476 60.46884407941252 96.267477737739682 18.223460655659437 99.018898674752563 258.91437411401421 30.005980719812214 41.196715240366757
leaf_count=433 143 1157 410 252 1852 1759 1420 178 616 256 513 444 1149 323 183 230 498 224 313 508 377 317 1222 2952 340 1852 348 414 400 1178 768 620 434 624 427 307 656 790 125 217 178 979 141 295 443 383 1752 207 789 292 1526 313 258 268 2011 556 1012 327 1027 2887 242 498
internal_value=0.000148883 -0.00139317 0.00109082 -0.00776127 0.0020151 -0.0094258 -0.00572853 -0.00951628 0.000192468 0.0011627 0.0185066 -0.000405291 -0.0194997 0.00105827 0.017229 0.00192762 -0.0283383 0.00300948 0.00161287 -0.013415 -0.0225396 -0.0077319 -0.0413739 0.00522714 0.0332712 0.00377595 0.00663892 0.0169654 -0.00157799 -0.0161512 0.0117297 -0.00440853 -0.000695241 0.0111156 -0.0226523 0.00573406 0.0284186 -0.0174085 -0.0325955 0.0174761 0.0177834 0.0211834 0.00809449 0.0137892 0.0168572 0.0234295 -0.0290531 -0.0137795 -0.00172925 -0.00666613 -0.0159542 0.0349421 -0.012088 0.00602501 0.00464579 -0.0152319 0.00722494 0.0104581 -0.00348067 0.0143448 0.000839078 -0.00826565
internal_weight=3634.07 2878.64 2070.86 807.778 2023.38 780.144 645.833 540.868 1813.74 1749.34 145.039 1604.3 174.669 96.9849 63.8652 1429.63 49.3389 1380.3 1291.93 250.475 207.011 115.894 91.1167 1041.46 51.2408 990.218 847.304 375.455 471.849 225.216 246.633 125.385 136.533 330.521 201.297 37.0385 121.248 95.5513 58.0215 85.43 209.647 195.534 105.354 104.965 78.597 88.3604 164.259 87.0969 339.571 265.711 150.04 64.627 61.0051 755.434 716.223 82.2577 633.965 537.697 117.242 420.455 54.7314 79.8651
internal_count=43613 35092 24938 10154 24528 9902 8143 6428 21378 20762 1027 19735 2099 950 506 17636 728 16908 15988 3482 2974 1375 1599 12506 653 11853 10001 4488 5513 2461 3052 1411 1283 4074 2664 485 1641 1232 915 985 3150 2972 1120 1715 791 920 2179 883 3764 2975 1818 696 514 8521 8088 824 7264 6252 1354 4898 449 1122
is_linear=0
shrinkage=0.05


Tree=101
num_leaves=63
num_cat=0
split_feature=41 41 14 4 21 26 0 24 21 37 12 21 12 37 22 11 11 1 1 10 21 21 37 40 14 26 1 13 2 20 20 4 17 36 1 40 4 26 42 21 13 1 21 34 21 21 1 28 41 34 5 39 21 4 33 32 1 6 41 33 6 13
split_gain=13.853 20.3884 12.1173 12.0287 10.9181 10.236 51.9952 12.61 11.5885 15.4494 13.2319 37.3975 35.0045 21.0506 18.8975 39.7158 56.0184 59.0393 38.5783 37.3137 35.0191 41.1453 32.1093 30.5403 39.2963 25.571 24.1139 26.6791 21.8273 20.1922 18.3603 16.6014 16.2916 17.772 16.0137 15.9027 14.2203 15.8546 12.7064 12.589 12.5354 12.3911 11.8228 13.6723 10.6139 10.3385 9.8205 9.69841 9.66782 9.52658 11.5863 9.42467 9.23422 8.89824 8.57282 8.38914 9.35599 8.01043 7.70203 7.59987 7.33827 7.27037
threshold=0.15364559918408813 0.10209534395304017 0.33261538239491117 717.65000000000009 0.0019994888060118261 -0.024220208743608616 0.038990455285937586 0.0070827376219132097 0.00028740114573888082 -16.81086754550947 27.500000000000004 0.00067550332515618403 26.500000000000004 -24.192605545462602 1.0000000180025095e-35 1.5000000000000002 2.5000000000000004 38.500000000000007 18.500000000000004 0.14063431168057219 0.00055435057907011391 0.0014390624818419061 47.150996291304317 0.051119937400735872 -0.10285675641888005 0.0090828558043910892 69.500000000000014 -0.021299599569409588 0.34729136705195834 61.051774443992748 45.595796049962225 34.525000000000006 0.020940227757102425 16.685722335340099 19.500000000000004 0.043602203463413321 219.82500000000002 -0.0086787786212087544 0.036703728994860844 0.0016450752130667907 -0.0095659188008022939 39.500000000000007 0.00065792056126528044 -0.16642353189871403 0.0010438115251357614 0.00070998722256005473 44.500000000000007 -1.0000000180025095e-35 0.018328043357412824 -0.28660150964164766 0.012055459473600014 0.023038075035956933 0.00037889197119452114 313.37500000000006 -0.011235078479876424 -0.0087266010515343311 35.500000000000007 0.19655730180379632 0.021794877384709702 0.0032322611201325295 0.31847780102946022 -0.00099274908728560281
decision_type=10 10 2 2 10 2 2 2 8 10 2 10 2 8 2 2 2 2 2 8 10 10 10 8 2 2 2 2 10 10 10 2 8 10 2 8 2 2 10 10 2 2 8 8 10 10 2 10 10 10 10 10 10 2 8 10 2 10 10 10 10 2
left_child=1 3 -3 4 5 6 -1 8 9 -7 12 30 14 -14 15 20 17 -17 23 41 28 29 38 -18 -25 36 27 -19 31 45 34 52 -32 -34 51 -24 -16 46 -21 40 42 -20 58 44 -44 -22 47 -38 -33 -47 -51 -12 -10 -39 -15 -40 -57 -52 -27 -30 -43 -5
right_child=-2 2 -4 61 -6 7 -8 -9 10 -11 11 -13 13 54 25 16 18 26 19 22 21 -23 35 24 -26 39 -28 -29 59 -31 32 48 33 -35 -36 -37 37 53 55 -41 -42 60 43 -45 -46 49 -48 -49 -50 50 57 -53 -54 -55 -56 56 -58 -59 -60 -61 -62 -63
leaf_value=0.059949769726429562 -0.041347002227377055 0.033301077491742041 -0.016936116451445667 -0.002182109929909836 -0.036474359815882311 -0.037727937033211228 -0.028838653322901295 0.0050062126788033299 -0.02762018062151372 0.018433988489836291 0.013998496420037313 0.04721148467394562 0.011570216859442593 -0.016562129146076673 0.032149228375271698 0.057249511268538417 -0.047026873625773659 0.047596659566211452 0.0071869425748285606 0.036344577848861609 -0.0595155559155819 0.01328174083109745 -0.043667575018347352 0.042065606485603195 -0.026309269256785811 -0.0070325026129641243 -0.03384774948547286 -0.0021919438891933466 -0.04632391073814987 -0.0050144849218358737 -0.035859621175286641 0.044683873021956082 -0.017883866754681097 0.035664373515303924 0.031890763034430614 0.011673460023548904 -0.0050925985227082988 0.0052793097480931077 -0.0042514107514169432 -0.05838886508404343 -0.025276086154851912 -0.042083265876417232 -0.02731517775156804 0.019658232375326712 0.012895568950782255 0.0051256262949668221 -0.0096265530830049965 0.030869033824509895 0.013316946985128919 -0.0027254095842617616 -0.054841810485546531 -0.025301511341909645 0.0088929456960742635 -0.018173053905228657 -0.050248880765883921 0.0073480442750303914 0.05028848282565717 -0.023142513028678858 -0.042336418174355357 -0.010262499012609118 -0.0024986319815867583 -0.051447021845609647
leaf_weight=35.926380115561187 20.531221880577505 67.870118016377091 14.58207189850509 12.514201696030797 20.917463916353881 47.609910945408046 30.476348989643157 767.77125345775858 36.835262044332922 16.485305792652071 32.555295085534453 50.915730497334152 24.444933750201017 26.46213598176837 34.241994207724929 106.09425900876522 64.356261380948126 45.49408373516053 30.766977574676275 131.61758844181895 44.607248991727829 71.734223643317819 27.199973841197789 32.521432861685753 59.384442964568734 31.17851491831243 27.878433723002672 65.852944964542985 20.874377839267254 59.55689100921154 49.740317162126303 28.984199557453394 41.757920833304524 24.63636676967144 60.220279428176582 24.832666373811662 26.270334182307124 58.411098359152675 42.259988702833652 17.681872339919209 165.1775580518879 44.896190665662289 45.447154911234975 59.68276774417609 25.685980347916484 15.556264684535561 38.101614478044212 65.477541524451226 161.13346060924232 20.490569036453962 60.379107752814889 28.70761414244771 32.676661833189428 131.50018635531887 65.968471036292613 29.568428913131356 22.216170226223767 29.74878603965044 30.622389785945415 48.687909753061831 15.838196875527499 18.649449157062918
leaf_count=308 160 1467 200 352 188 886 320 8875 306 281 231 360 214 323 310 1700 847 701 277 1891 711 748 164 566 674 460 195 616 196 618 500 259 362 209 379 259 280 581 448 319 2399 633 460 513 219 152 484 652 1701 226 1038 218 258 1954 1014 296 433 389 408 475 135 749
internal_value=-0.000393737 -0.000158195 0.0244164 -0.000739229 -0.000460382 -0.000241087 0.0191992 -0.000624277 -0.00228629 -0.0232831 -0.0017558 0.00832429 -0.00304937 -0.0296921 -0.0015885 0.00180739 0.00942313 0.0291507 0.000212961 0.00902692 -0.00749147 -0.0197852 0.0181513 -0.0206115 -0.00211442 -0.00811532 0.00773851 0.0181506 0.00378954 -0.0300833 -8.29743e-06 0.0104538 -0.0142233 0.00198583 0.0135809 -0.017256 0.00152575 -0.0017536 0.0263155 -0.017205 -0.0151698 -0.0186645 -0.00650312 0.00201119 -0.0127952 -0.0388255 0.0117109 0.0205721 0.018099 -0.0315108 -0.036663 -0.00441737 -0.0104558 -0.0109598 -0.0406046 0.0122795 0.02577 -0.0443787 -0.0245256 -0.0210839 -0.0317605 -0.031664
internal_weight=3590.26 3569.73 82.4522 3487.28 3456.12 3435.2 66.4027 3368.8 2601.03 64.0952 2536.93 288.534 2248.4 116.876 2131.52 1402.04 770.778 245.32 525.458 369.196 631.265 302.073 277.695 156.262 91.9059 729.479 139.225 111.347 329.192 230.339 237.618 259.63 116.135 66.3943 121.483 52.0326 354.003 319.761 225.662 375.476 357.794 91.5014 192.617 130.816 71.1331 170.782 129.849 91.7479 190.118 126.175 110.618 61.2629 69.5119 189.911 92.4306 94.0446 51.7846 90.1279 61.8009 69.5623 60.7344 31.1637
internal_count=43547 43387 1667 41720 40619 40431 628 39803 30928 1167 29761 2259 27502 1551 25951 16912 9835 3212 6623 4536 7077 3882 3491 2087 1240 9039 1512 1317 3195 3134 1899 2524 1071 571 828 423 4261 3951 3068 4778 4459 1045 2060 1192 679 2516 1416 932 1960 1805 1653 449 564 2535 1337 1177 729 1427 868 671 768 1101
is_linear=0
shrinkage=0.05


Tree=102
num_leaves=63
num_cat=0
split_feature=29 4 29 4 21 32 33 25 21 32 14 18 6 16 43 26 19 24 10 5 8 14 26 39 18 29 14 21 25 34 5 20 36 12 10 21 18 34 20 34 12 26 12 37 18 32 40 36 36 0 20 25 16 21 18 21 8 5 25 33 9 34
split_gain=34.0612 18.9934 12.7057 17.3734 12.0104 14.8343 10.2775 13.9698 12.0388 12.7576 10.1398 19.812 16.4188 15.0366 14.4647 13.4834 12.5226 12.0824 10.5406 13.2181 12.4231 19.1407 11.5663 11.2423 10.1018 9.72601 13.5485 9.30454 9.19609 12.5936 16.796 9.16222 9.02958 8.67604 10.1656 8.66718 8.65857 8.64489 10.6565 8.52235 9.29618 8.86384 8.77476 9.23523 12.2004 9.79249 9.20498 8.52234 16.4379 9.90913 8.46356 12.9649 14.4478 8.37309 8.38282 8.28407 8.24214 8.18205 9.01874 8.97268 9.77997 14.0818
threshold=0.41708323892319316 299.90000000000003 0.14123754683996606 623.07500000000016 0.0016723951175247962 -0.069638574229828096 0.10742815986718436 562.50000000000011 0.0017370826834338484 0.10292910890508301 -0.24197122748776548 0.003295986628805148 0.53716487658438072 -0.12123011498535129 2.0725753355257099 0.01130306010759107 0.0018061624678031853 0.0076697499955219592 0.27191405400704444 0.17179404140573376 0.19946257446257451 0.0057655235076791876 -0.0086787786212087544 0.014931113872128766 0.0013802648079579429 0.56307992582294764 0.0078838667581561783 0.00068498468964292884 817.50000000000011 0.26931118753004385 0.018407166800690298 41.402115992377844 67.151573022174119 19.500000000000004 0.59258656127361686 0.0007773214026626751 -0.0052781377638758111 -0.24028281795641956 50.422199370149997 0.14588562697806409 13.500000000000002 0.017963673017191012 16.500000000000004 1.2109553332040568 -7.4121521060954696e-05 -0.032547429104833318 0.051399043624113058 16.685722335340099 31.006531673309144 0.023315272728180434 46.738166484865182 817.50000000000011 0.025785436951486624 0.0017223780046719309 -0.0077077119105765637 0.00036269713125871179 0.033861474729955009 0.24580326077580014 797.50000000000011 0.15542151087973013 0.12713597268750104 1.0000000180025095e-35
decision_type=2 2 2 2 8 10 10 2 10 10 2 10 10 8 10 2 8 2 8 10 10 2 2 8 10 2 2 8 2 10 10 10 10 2 8 8 8 10 8 10 2 2 2 8 8 8 10 10 10 2 8 2 8 8 10 10 10 10 2 10 8 10
left_child=2 6 4 10 57 -6 7 -2 9 25 11 12 15 14 16 -4 56 18 19 36 21 22 -20 -23 28 26 39 -8 32 30 -30 33 -25 34 -11 -21 -15 38 -38 40 41 -9 -42 44 45 -44 -46 -24 -49 -50 51 -3 -53 54 -22 -28 -12 59 -59 60 61 -1
right_child=1 50 3 -5 5 -7 27 8 -10 31 13 -13 -14 17 -16 -17 -18 -19 20 35 53 23 47 24 -26 -27 55 -29 29 -31 -32 -33 -34 -35 -36 -37 37 -39 -40 -41 42 -43 43 -45 46 -47 -48 48 49 -51 -52 52 -54 -55 -56 -57 -58 58 -60 -61 -62 -63
leaf_value=0.0062014189316162158 -0.04886490922589129 -0.02733353503913066 0.032600957993535074 -0.038772861095399659 -0.037191260665076248 0.011966305998819149 0.00041709571102590301 0.025592424623930667 0.031928674493990276 0.024472715336788263 0.018968883922779244 0.053133811465511549 -0.027293335427849803 0.02240710090425883 -0.046433066377229729 -0.005996583345864585 -0.030125016081157974 0.011205651857096731 0.014140188982624705 0.0044154278757751707 -0.046015257622401246 0.043416843089670178 -0.032723444862830221 0.01564886605577246 -0.018770255861500735 -0.012329200273031176 0.040820837738236575 -0.035196535308369581 -0.012319836065023695 -0.032021252339859044 0.047980274692674948 -0.037542011038801539 0.04733631038584802 -0.026000638936232879 -0.029780922532265993 0.045995285912132394 -0.041526598977789549 -0.0059781604054006633 -0.0051346267168196034 -0.030758864734628872 -0.026035517804603656 -0.012987725952332703 0.0024076236578384146 -0.037176988741629252 -0.011481192816200414 0.03903628358941455 0.021270181431065984 0.027166371597709377 -0.033637140449064719 0.0089804781041181985 -0.039124551892061009 -0.032529580238806609 0.041972484467092203 0.020106794628961953 -0.0083145412870881015 0.0093899819665512075 -0.013710010330258558 0.04303553935206663 0.0068623149624310823 0.036254523698486883 -0.0012760867041518124 0.025927612295187526
leaf_weight=367.602793244645 16.32959736790508 62.269945214502513 51.457075388170779 27.599831106606871 31.660417284816504 29.785021309740841 29.030907060950994 58.8530845772475 25.094763700850308 27.950357872061431 43.062811590731144 26.239310654811561 29.416347026824951 23.43190841935575 29.567873734049499 40.38467659521848 39.847695077769458 266.09741198644042 63.007943316362798 38.699314982630312 21.712109412066638 37.333061734214425 35.843301953282207 60.610638503916562 21.639016017317772 132.53892579022795 31.687886027619243 49.802790109068155 23.806909726932645 18.355244845151901 22.42666769400239 40.744564488064498 35.737946435809135 36.130051231943071 12.493300855159758 18.5357985207811 41.179648207500577 456.32292742468417 39.327174324542284 22.939043314196169 37.758816873654723 19.929420029744506 39.821251371875405 15.673112264834343 122.09053015429527 33.679818479344249 26.027291206642985 28.860735009424388 39.055426679551601 20.95905670337379 58.3933912422508 10.464880425948648 17.207504826132212 15.709792396984993 45.946358891204 61.945015048608184 34.958958528935909 36.61482475977391 32.548407265916467 27.171647841110826 239.83525948505849 120.00650608353317
leaf_count=2699 145 1328 532 958 196 366 295 630 357 509 466 352 319 220 311 347 519 3312 551 470 242 495 409 1347 226 1535 354 482 171 189 348 696 518 445 155 221 538 5929 621 336 585 175 521 192 1792 411 342 247 498 267 1875 321 237 283 551 848 395 428 267 209 1916 1159
internal_value=8.42118e-05 -0.00780682 0.00310591 0.000572937 0.00796205 -0.0133627 -0.00489574 -0.00311702 -0.00211476 -0.00330087 0.00122338 0.0137406 0.00521623 1.03617e-05 -0.0151642 0.0156288 -0.00732036 0.00163797 -0.000658773 -0.00500647 0.00480898 0.0084057 -0.0033209 0.0184162 0.013304 -0.000365562 0.00300525 -0.0220816 0.0176166 0.00301883 0.0169301 -0.0183865 0.0274025 -0.008194 0.00771342 0.0178812 -0.00734462 -0.00864325 -0.0237493 -0.00122489 0.000689804 0.0158329 -0.00364762 -8.51664e-05 0.002538 0.0191917 -0.00572612 -0.0121423 -0.00384189 -0.0187536 -0.024302 -0.0146787 0.013798 -0.0127775 -0.020413 0.020027 0.00432656 0.00955266 0.0260123 0.00804407 0.00699035 0.0110563
internal_weight=3571.21 988.856 2582.36 1697.13 885.225 61.4454 840.521 761.687 745.357 720.262 1669.53 147.497 121.258 1522.04 147.437 91.8418 117.869 1374.6 1108.5 617.497 491.004 407.636 187.726 219.909 182.576 602.944 470.405 78.8337 160.937 64.5888 46.2336 117.318 96.3486 76.5737 40.4437 57.2351 560.262 536.83 80.5068 376.772 353.833 78.7825 275.051 237.292 221.619 73.5011 148.118 124.719 88.8752 60.0145 148.336 89.9423 27.6724 83.3683 67.6585 93.6329 78.0218 823.779 69.1632 754.616 727.445 487.609
internal_count=43658 14566 29092 21852 7240 562 10805 10028 9883 9526 20894 1550 1198 19344 1691 879 1380 17653 14341 7999 6342 5266 1972 3294 2799 7721 6186 777 2573 708 519 1805 1865 1109 664 691 7308 7088 1159 4984 4648 805 3843 3258 3066 932 2134 1421 1012 765 3761 1886 558 1076 793 1202 861 6678 695 5983 5774 3858
is_linear=0
shrinkage=0.05


Tree=103
num_leaves=63
num_cat=0
split_feature=29 4 29 18 12 21 12 4 1 7 21 41 21 20 20 9 24 43 21 41 41 4 12 7 21 12 12 11 0 11 8 11 1 27 20 29 9 0 40 1 0 27 21 4 9 1 19 11 36 40 6 21 37 1 4 21 20 21 7 16 1 0
split_gain=38.8195 20.4918 17.1334 14.7684 11.8797 17.1945 14.2162 11.996 11.8158 11.626 13.9972 11.6181 11.3425 11.1735 12.1962 11.0476 9.89893 9.62799 8.94814 8.37321 18.478 8.00243 12.3937 8.91813 13.5348 14.8282 9.63831 9.23557 17.7668 11.1574 10.6388 8.59415 8.71135 8.51527 8.21072 9.27462 9.44581 7.97786 9.26948 14.1592 15.0231 15.6537 12.898 11.2983 10.2995 14.4401 10.1577 9.6315 9.38802 9.8941 10.1641 9.26472 17.7411 15.7153 15.7026 15.8234 12.7692 10.4909 10.1399 10.5284 9.36788 9.02185
threshold=0.23500150782096366 476.47500000000008 0.55018308918600212 -0.01005217979854711 13.500000000000002 0.00044006716317366494 20.500000000000004 104.27500000000002 59.500000000000007 0.67417969661230903 0.0014253560323163519 0.039528585160474812 0.0012523980159364781 56.249239003494289 35.083302340064179 0.47818705633513137 0.029281068019954958 0.83738519761476515 0.00031121942140749668 0.083990605173897989 0.043830690104595831 185.02500000000003 19.500000000000004 0.15312415907323743 0.00063777209433832913 27.500000000000004 29.500000000000004 1.5000000000000002 0.021644168665600004 3.5000000000000004 0.0334694081578246 2.5000000000000004 51.500000000000007 1.3749015748031499 46.738166484865182 0.45548163711066764 0.11728489824385842 0.10129295597352418 0.042243376254232544 19.500000000000004 0.030556627390908482 0.4091063226363329 0.00075910203043738059 299.90000000000003 0.056059807772136573 28.500000000000004 -0.00042317137635194951 2.5000000000000004 32.061667445443177 0.079167374501904683 0.36828371585529424 0.00045046723148156961 -5.1026485680908502 33.500000000000007 66.575000000000003 0.00051352392160719735 45.538177027792251 0.00073787210420577897 0.20691688154154225 0.023930323083347065 13.500000000000002 0.010333406971955629
decision_type=2 2 2 8 2 10 2 2 2 10 10 8 10 10 8 10 2 10 10 8 10 2 2 10 10 2 2 2 2 2 10 2 2 10 10 2 10 2 10 2 2 8 8 2 8 2 10 2 10 10 10 10 10 2 2 10 8 10 8 10 2 2
left_child=37 2 3 19 9 6 7 -6 13 10 11 17 -11 14 -8 16 21 -5 -16 20 -2 23 34 26 31 27 33 30 -29 -30 -26 32 -25 -7 -23 36 -36 38 42 43 41 -41 51 -40 47 46 -46 -44 -42 50 -50 61 54 60 -53 -56 -55 58 -57 -60 -54 -1
right_child=1 -3 -4 4 5 15 8 -9 -10 12 -12 -13 -14 -15 18 -17 -18 -19 -20 -21 -22 22 -24 24 25 -27 -28 28 29 -31 -32 -33 -34 -35 35 -37 -38 -39 39 40 48 -43 44 -45 45 -47 -48 -49 49 -51 -52 52 53 56 55 57 -58 -59 59 -61 -62 -63
leaf_value=0.0015927683922173337 0.03803955540385992 -0.027161021681118849 -0.014979877948067001 0.016353084379378425 0.04400856905260514 0.014651515825922065 -0.019947440663921161 0.0063554335182976034 0.030436600777350747 -0.01888168643473967 -0.027624195350736031 0.023700351648845104 0.014717182872874497 -0.02560459894693734 -0.0068579391602694925 -0.046340470624737742 -0.039514511973476982 -0.022235174413637735 0.018097400677691718 0.043704147671536617 -0.034552536043611366 0.0023402665321258314 -0.033994219881750685 -0.0011516578171047603 0.0052850361827383391 0.045556878697619534 -0.016559401269057736 -0.047678791247192653 0.00078375117906020651 0.035435967161149128 -0.028654050585325365 -0.043899946860074347 -0.042629505650945004 -0.024092888779836816 0.0020663364709097953 -0.048094644594179989 -0.03297563848576264 0.035474334472955893 -0.0068426859380584185 0.00087853955821284239 -0.016069934739044524 -0.045197333555498424 0.036734561919345335 -0.044121245558020654 0.0081453418906222135 -0.0029166800957023064 0.04877051560735559 0.0034686122218076233 0.0065418726949167706 0.040043667018480479 0.040874119021417202 -0.01934263470547452 -0.0041606614304795985 0.039289594807862788 -0.019714314575056305 -0.0056539101618139952 -0.0074177418905346255 -0.010898273174559308 0.033415486575456024 0.0014714489796878016 -0.032013054047142241 0.020034054892765083
leaf_weight=114.61588753852993 20.250846418552101 95.41920358594507 274.09165424061939 34.583458093926311 36.115896587725729 140.73216476663947 52.714799384120852 51.057737472467124 26.726229052990675 73.873752728104591 20.193530874326825 147.41202986147255 38.059991614893079 50.326652829535306 60.213524824939668 18.981973261572421 23.847329792566597 30.350879019126296 89.03540066536516 26.519087173976004 15.457791875116525 97.397194146178663 59.923835852183402 44.638093098066747 35.714823593385518 15.330925285816191 40.723549127578735 15.247815487906335 91.917509788647294 31.085498382337391 65.324528285767883 34.919342087581754 17.669729817658663 15.770627283491192 53.674719357863069 20.392869200091809 29.968276752158999 22.555851753801107 126.95187581982464 63.896840943954885 28.51623704098165 25.907591475173831 89.628305612131953 24.19951693713665 31.366324523463845 96.504511637613177 30.202461394481361 28.734549084678292 193.0183787709102 32.278321938589215 24.268320757895708 43.192349309101701 49.173735681921244 22.64642849098891 31.641219953075051 27.712269796058536 41.353601171635091 27.215014956891537 129.932198850438 32.183262431994081 78.198255675844848 157.39832837693393
leaf_count=1030 231 3052 3518 399 1027 1864 487 833 152 967 227 1793 327 1026 691 246 351 387 1046 413 246 1447 1263 601 407 91 355 272 1193 613 944 624 314 144 628 418 407 282 1240 511 260 230 698 208 228 742 244 279 1968 567 294 326 444 400 248 207 407 208 911 272 677 1843
internal_value=7.91406e-05 -0.00455091 -0.00341556 -0.00146637 -0.00241684 -0.00473295 0.00433001 0.0219551 -0.00117661 0.0057823 0.0121552 0.0159381 -0.00745731 -0.00452554 0.000727078 -0.00862247 -0.00776429 -0.00168341 0.00802933 0.0224212 0.00661541 -0.00683002 -0.0140315 -0.00340215 -0.00817301 -0.00211311 0.00510896 -0.00516724 0.00323027 0.00954111 -0.0166575 -0.0240428 -0.0129143 0.0107473 -0.00809284 -0.0178602 -0.0104888 0.00595219 0.00552278 7.26603e-05 0.00536612 -0.0124138 0.00826468 -0.012811 0.0175054 0.00915402 0.028074 0.0286587 0.011108 0.0142135 0.0103764 0.00488244 0.000727667 -0.0111037 0.00848505 0.0133183 0.00910966 0.0181339 0.0222961 0.0270739 -0.0212602 0.0122636
internal_weight=3568.95 1995.66 1900.24 1626.15 1563.92 1219.45 366.19 87.1736 279.017 344.474 232.54 212.346 111.934 252.29 201.964 853.261 834.279 64.9343 149.249 62.2277 35.7086 810.432 261.357 549.075 351.848 254.621 197.226 239.29 138.251 123.003 101.039 97.2272 62.3078 156.503 201.433 104.036 83.643 1573.29 1550.74 519.037 367.886 89.8044 1031.7 151.151 276.436 158.073 61.5688 118.363 278.081 249.565 217.287 755.263 483.248 191.372 291.876 248.684 64 217.043 189.828 162.115 127.372 272.014
internal_count=43728 29004 25952 22434 21544 17444 5262 1860 3402 4100 2806 2579 1294 3250 2224 12182 11936 786 1737 890 477 11585 4163 7422 5059 3520 2363 3429 2078 1806 1351 1539 915 2008 2900 1453 1035 14724 14442 5278 3830 741 9164 1448 2191 1214 472 977 3089 2829 2262 6973 4100 1928 2172 1846 807 1598 1390 1183 1121 2873
is_linear=0
shrinkage=0.05


Tree=104
num_leaves=63
num_cat=0
split_feature=29 29 4 18 13 26 34 1 34 21 22 7 37 12 26 1 11 29 41 21 12 34 13 20 11 41 21 34 29 17 1 18 0 29 4 12 11 12 11 21 29 1 32 29 34 12 37 14 11 37 20 11 18 20 32 11 27 1 18 5 7 31
split_gain=29.8393 13.9523 11.3515 10.403 23.9964 19.9149 16.1451 13.355 28.1171 44.2252 37.6892 21.1833 27.2989 24.4739 19.085 31.5302 19.5324 17.9151 17.4006 17.341 25.9557 25.8556 16.3653 12.5108 12.3213 12.1942 12.4528 18.803 15.4869 15.6542 14.7142 12.3461 11.1908 12.4403 10.8683 19.1976 18.772 29.0017 39.1755 32.9572 25.9116 23.1329 16.7739 14.3757 13.0424 10.8325 17.1547 10.5195 13.4961 14.3462 19.2434 18.6478 12.1085 10.4922 14.7227 13.3944 12.1447 11.5408 10.0699 10.0314 13.5081 17.8423
threshold=0.50635927927429247 0.060804556956539357 317.02500000000003 0.00017805919974578369 -0.0091105927937145965 -0.024220208743608616 -0.076478818820789315 21.500000000000004 0.3942099851439605 0.0010438115251357614 1.0000000180025095e-35 0.4317282219654483 1.2109553332040568 10.000000000000002 0.020183877320390991 39.500000000000007 2.5000000000000004 0.12428591414675717 0.038778806532396078 0.0003487547761416355 19.500000000000004 -0.20990137109569254 -0.094521137785903597 36.57613872828184 2.5000000000000004 0.018603387045516444 0.00065473179065631188 -0.12710215952770101 0.1584448362294395 -0.024172074601869351 19.500000000000004 0.0036028559410987708 0.040112720013911175 0.3436508672603088 258.27500000000003 29.500000000000004 2.5000000000000004 27.500000000000004 1.0000000180025095e-35 0.0010211601010804996 0.24161719349063657 33.500000000000007 0.028107643402858765 0.3589966983329706 -0.13417780688469569 24.500000000000004 9.5921746158854742 -0.022606047912851739 1.0000000180025095e-35 -18.027464971594771 50.422199370149997 2.5000000000000004 0.00032014200424501654 63.385145023036976 -0.051498581267021275 1.0000000180025095e-35 0.048926063149123629 62.500000000000007 0.0030256903031919973 0.13827593974652796 0.29356573657509333 0.27351232974121259
decision_type=2 2 2 8 2 2 8 2 10 10 2 10 10 2 2 2 2 2 10 10 2 10 2 10 2 8 10 8 2 8 2 10 2 2 2 2 2 2 2 10 2 2 8 2 10 2 10 2 2 10 10 2 10 10 10 2 8 2 8 8 8 10
left_child=1 -1 -2 7 25 -6 32 8 9 10 19 22 13 -13 15 -15 -17 -18 -16 23 21 -21 -9 -3 -12 -5 47 -28 31 -30 -31 -29 -7 -34 35 36 37 38 -24 40 41 -40 45 59 -42 46 -38 48 -27 51 -51 52 -50 54 57 56 -56 -8 -53 60 61 -36
right_child=2 3 -4 4 5 6 53 11 -10 -11 24 12 -14 14 18 16 17 -19 -20 20 -22 -23 34 -25 -26 26 27 28 29 30 -32 -33 33 -35 43 -37 42 -39 39 -41 44 -43 -44 -45 -46 -47 -48 -49 49 50 -52 58 -54 -55 55 -57 -58 -59 -60 -61 -62 -63
leaf_value=0.018185002806339664 -0.0087595730157047601 -0.0065668832073984525 -0.031835868242763077 0.032633998592265075 0.044818579722135155 -0.011100155317477481 -0.039866849293120322 -0.026556396210413502 -0.03334362044933066 0.054161023929746047 -0.041296226585142558 0.041501859922123935 -0.042039835762877786 0.035775478778844495 0.0051142779081370738 0.008782734855389147 0.0083553991798044607 -0.048756284588886957 -0.050969500304803628 -0.03105358317762992 -0.013734623514151837 0.040477263854094572 0.035014975960336689 0.045771150897069166 0.0026612618836453126 -0.030394618541830738 0.020991453215435829 -0.0013095389423256965 -0.021873456090477167 0.030321644898924111 -0.011215889084166287 0.038863731679393658 0.025319160236405205 -0.012112647407450812 0.023513033129394532 -0.018852437945784502 0.046879260715721245 0.047932240693773179 -0.0127148679022173 -0.049452040860655987 0.017826291788402737 0.041615105394457792 0.046321810307990902 -0.016866222629991007 -0.033725599297870439 -0.025684725392573132 -0.02691266462116923 0.023451102729075933 -0.0087546347882160886 -0.056997507409813422 0.00089492605760818221 -0.025728503565984953 0.039825188361035962 -0.037158547861946216 0.032290799638770955 -0.016096920108231227 -0.01190605657358562 0.0057283883228684508 0.0094930278972498242 0.039743046735236771 -0.013207192641621249 -0.025875067563618171
leaf_weight=120.62166309356689 461.86265010805801 16.070259213447571 60.243151299655437 34.151190130971372 16.00700415391475 125.06302541820332 72.038513101637363 28.294437325093895 67.86565622780472 36.204842234030366 71.131474697031081 33.245574890635908 41.91168418340385 53.981494678650051 22.606157808564603 68.385598273482174 20.47680445574224 41.682685459032655 35.625939354300499 16.497886840254068 134.77549838740379 53.92651910148561 80.382903106510639 39.441184331662953 20.546205037739128 57.706499321386218 160.57340955361724 39.317699518054724 100.60902529489249 38.19968768209219 48.250306349247694 37.237519821152091 60.647425808012486 35.010302606970072 110.66944693634287 35.484185520559549 26.801507711410522 48.480401404201984 30.832273826003075 36.373382829129696 16.557881597429514 53.7453095857054 96.345254957675934 62.447035659570247 47.365634361281991 14.441871980205176 11.153640870936213 27.519655727781355 17.960516643244773 25.090956813655794 33.544586663134396 46.108379886485636 44.875575205311179 62.450519225560129 34.540574578568339 120.02632011193782 28.260704878252 17.190072222612798 36.24549262970686 25.603911867365241 60.206607183907181 21.907151279039681
leaf_count=872 5625 106 1776 411 148 1593 969 264 944 408 1265 316 555 560 195 703 105 541 406 151 1372 861 1305 604 291 708 2161 331 1232 398 607 260 580 341 1219 263 591 325 216 505 176 342 1958 1094 588 197 193 374 119 230 335 537 649 962 390 1670 400 190 272 233 609 209
internal_value=-0.000384864 0.00152285 -0.0114222 0.000829837 -0.00244971 -0.0101649 -0.0117501 0.00356432 -0.00364907 0.00153691 -0.00386975 0.00649106 -0.00444081 0.00126866 -0.00424124 0.0036343 -0.00965635 -0.0299423 -0.0291973 0.00582685 -0.000880172 0.0237202 0.0107972 0.0306196 -0.0314448 0.00344708 0.00204956 0.00750331 -0.000712628 -0.00846556 0.00713831 0.0182313 -0.00125382 0.0116193 0.0121542 0.01659 0.0193093 0.0123733 0.00587425 -0.00679606 0.00365196 0.0218094 0.0339393 0.004289 -0.0203723 0.011171 0.0251945 -0.00595389 -0.00904803 -0.00300444 -0.023878 0.00542545 0.0259396 -0.018676 -0.0144333 -0.0063075 0.0124021 -0.0310828 -0.0102268 0.0103383 0.00643295 0.0153521
internal_weight=3542.82 3020.71 522.106 2900.09 1318.62 571.234 555.227 1581.47 456.46 388.594 352.389 1125.01 317.916 276.004 242.759 184.527 130.545 62.1595 58.2321 260.711 205.2 70.4244 807.093 55.5114 91.6777 747.391 713.239 424.188 263.614 187.059 86.45 76.5552 220.721 95.6577 778.798 497.964 462.48 313.738 265.257 184.874 148.501 84.5776 148.742 280.834 63.9235 52.397 37.9551 289.052 261.532 203.826 58.6355 145.19 62.8361 334.507 272.056 182.828 62.8013 89.2286 82.3539 218.387 192.783 132.577
internal_count=43810 36409 7401 35537 15867 7243 7095 19670 6002 5058 4650 13668 3381 2826 2510 1909 1349 646 601 3094 2384 1012 10287 710 1556 8624 8213 4989 2828 2237 1005 591 2514 921 10023 6659 6396 3457 3132 1827 1322 558 2939 3364 764 981 784 3224 2850 2142 565 1577 768 4581 3619 2460 790 1159 809 2270 2037 1428
is_linear=0
shrinkage=0.05


Tree=105
num_leaves=63
num_cat=0
split_feature=29 29 4 4 34 30 12 7 37 18 25 31 18 12 4 31 17 2 41 7 41 27 0 17 41 25 10 34 25 34 0 27 21 5 18 42 21 18 29 25 0 14 10 41 18 14 25 29 17 4 36 20 2 25 20 21 18 29 36 41 8 9
split_gain=30.3693 14.759 12.5755 12.1863 12.9832 12.8265 11.73 17.3827 26.5025 17.7425 16.8244 16.6484 13.011 12.6788 12.6404 12.2518 20.251 11.4428 10.7458 9.41286 9.05852 10.0768 9.63297 8.54389 11.3252 15.0162 10.6162 10.4249 8.98242 23.4021 9.1344 8.30567 8.244 8.71725 17.6605 8.33098 8.03255 10.2879 12.2801 8.27752 9.00622 8.03475 13.2216 13.3096 9.65693 7.93414 9.47287 7.92126 7.8064 9.13576 20.7011 8.25964 7.78159 9.03682 9.40528 7.74549 7.63479 7.57146 7.54046 10.6318 7.50545 8.21533
threshold=0.48921512630115149 0.10935726490855696 476.47500000000008 335.05000000000007 1.200055279159757 -0.10093490607252074 19.500000000000004 0.52348729129207405 2.0890816403880574 0.0019654486153304345 782.50000000000011 -0.12572601000760483 0.0070909209737639598 32.500000000000007 152.82500000000002 -0.052165651641824178 0.0059365580549128267 -0.010104711713847409 0.090993535599196221 0.20947079832910251 0.033126344813118651 1.4562020460358058 0.033158206601411326 0.029345096878727737 0.043136354964403205 732.50000000000011 0.052487938657529203 -0.24028281795641956 832.50000000000011 -0.26854304427587261 0.067527627772599588 0.38103666245259166 0.0016723951175247962 0.11207348145506048 0.0033321579345213519 0.056583251587261317 0.00053258135743983681 0.0013802648079579429 0.2870918951549622 867.50000000000011 0.036186167126522222 0.19358253592162453 0.21851197274868492 0.042615262999476135 -0.0082220610274075217 -0.042141939035316926 817.50000000000011 0.23029582001638266 -0.033233618197689579 18.675000000000001 10.912544625248907 55.652540699191654 -0.96479377038187464 767.50000000000011 59.463505121136727 0.0012932258718301338 -0.0014540704640027544 0.31447009229023098 82.088153430220103 0.10456164763761995 0.096932540792603217 0.013724152739147942
decision_type=2 2 2 2 10 10 2 8 10 8 2 10 10 2 2 10 10 10 10 10 10 8 2 8 10 2 10 10 2 10 2 10 8 10 10 10 8 10 2 2 2 2 10 10 10 2 2 2 8 2 10 8 10 2 10 8 10 2 10 10 10 8
left_child=1 32 58 4 5 56 7 9 12 11 17 -7 23 18 31 -12 -17 47 20 -18 22 52 48 24 25 26 -9 57 29 30 -26 -13 33 -1 35 45 -5 41 39 40 -39 42 44 -44 55 46 -35 -11 -8 -50 51 -51 -22 -54 -55 -38 -3 -27 59 -2 61 -46
right_child=2 3 -4 36 -6 6 13 8 -10 10 15 14 -14 -15 -16 16 19 -19 -20 -21 21 -23 -24 -25 28 27 -28 -29 -30 -31 -32 -33 -34 34 -36 -37 37 38 -40 -41 -42 -43 43 -45 60 -47 -48 -49 49 50 -52 -53 53 54 -56 -57 -58 -59 -60 -61 -62 -63
leaf_value=0.0068425664880520272 -0.008923226999010752 -0.045124285522172618 -0.051316787419034816 -0.024991069370704864 -0.03416988850198821 -0.015793569473883121 0.023145115086967732 0.0069504708216620165 -0.050499848584511356 0.022715822343817679 0.038072076057498037 0.039946696520618476 0.039688368937182042 0.028615548635344004 0.014464579330867176 -0.038645110791375198 -0.001391639055347383 -0.04228618646954363 0.03755700415307895 0.042578744458361496 -0.035942487228728878 -0.042869172220319926 0.02883444147065849 0.022750355326158128 -0.054504823338337352 0.057711359267521203 -0.037258515446694444 -0.0040309985674658834 -0.031596238899640493 0.027445308604033405 -0.0091079854163098727 0.0073627250150487371 -0.013177948571545911 0.027489938211011151 0.052005991257074939 0.032994393469211451 0.036676461795350682 -0.029696240206456004 -0.039021247814975596 0.018654179193628589 0.011108813321380452 -0.022978824556851862 0.0327528712809117 -0.011036863570422328 0.0046282137521505189 -0.018690736667186007 -0.0087040030209049029 -0.017096500886855621 0.028875090644362701 -0.016148562217148939 0.0008534461433547133 -0.058347468314031974 0.002324390940927114 -0.020176979880155248 0.016739657837963835 -0.0065247322439750113 -0.0047289427131063239 0.018680897204823025 -0.034945073865876634 0.022755848760204811 0.022478010058015637 -0.02533082562996597
leaf_weight=385.31753589399159 534.34131040051579 21.105549545027316 17.722118142992258 52.775874712504447 23.861461373977363 29.500308913178742 34.598852373659611 29.993627212941647 25.069650919176638 19.586408019065857 35.607782796025276 118.4129527346231 22.339502701535821 36.302065458148718 174.36338617280126 21.280434449203312 25.235934181138873 27.513022510334849 17.229495086707175 23.5107700843364 20.748096159659326 19.822130751796067 31.685509797185659 36.573310801759362 18.265117454342544 20.552024208009243 24.81429235637188 27.329782742075622 45.422160152345896 34.404688539914787 28.170987850055099 23.426292845979333 37.537895832210779 45.81769423186779 35.12099811155349 35.923642860725522 22.236481946893036 38.989279446657747 39.970354057848454 25.149181684479117 20.702589672058821 30.788041863590479 60.234325875528157 24.374328550882638 33.283146221656352 26.254674216732383 29.859384603798389 34.502985036931932 23.277538577094674 26.780425947159529 348.47661152482033 20.45082844235003 200.19558561686426 112.25880200043321 20.386287647299469 19.450603251345456 26.239037925377488 31.423818171024323 25.901875159703195 27.866429569199681 14.411106538493184 73.229535120073706
leaf_count=2870 7284 178 910 1349 320 447 316 329 357 179 412 2684 294 238 2326 267 238 422 369 175 208 223 274 318 251 263 275 342 513 515 313 443 350 400 329 314 193 454 982 228 173 360 665 346 515 212 195 372 222 262 4098 256 2593 1460 287 348 276 257 263 298 143 1055
internal_value=0.000366501 0.0024854 -0.00981875 0.000680078 0.00247463 0.00295066 0.00363026 0.00775812 -0.000997532 0.0134156 0.00101923 0.0201296 0.00288924 -0.000339614 0.0234811 0.0141924 0.00204999 -0.0160336 -0.00153966 0.0198155 -0.00232414 -0.00817852 0.00218076 0.000120848 -0.00305776 0.00706021 -0.0130652 0.0209688 -0.0138048 -0.00380836 -0.0269643 0.0345651 0.00950365 0.0110287 0.0203536 0.0122896 -0.00664916 -0.00424607 -0.0161717 -0.00540677 -0.0155441 0.00110793 0.00410763 0.0201378 -0.00423308 0.00499266 0.0132091 -0.00267999 0.000318843 -0.0015661 -0.0033568 -0.0344204 -0.00623377 -0.00438183 -0.0145032 0.0165194 -0.0227366 0.0341141 -0.00856825 -0.00735302 -0.0113873 -0.0159692
internal_weight=3517.98 2912.14 605.832 2316.31 1860.72 1836.86 1789.51 877.299 344.359 532.94 187.237 345.703 319.289 912.212 316.203 105.635 70.0271 81.6024 875.91 48.7467 858.681 373.411 485.27 296.95 260.376 134.114 54.8079 79.3056 126.263 80.8408 46.4361 141.839 595.832 558.294 172.976 137.855 455.595 402.819 124.811 84.8411 59.6919 278.008 247.22 84.6087 162.611 101.932 75.6771 54.0894 453.584 418.985 395.708 47.2313 353.589 332.841 132.645 41.6871 47.3446 51.9758 588.11 562.208 120.924 106.513
internal_count=43808 35053 8755 30383 23572 23252 22798 11992 4027 7965 2065 5900 3670 10806 5453 1092 680 973 10568 413 10199 4771 5428 3376 3058 1466 604 862 1592 1079 564 3127 4670 4320 1450 1121 6811 5462 1837 855 627 3625 3265 1011 2254 807 595 551 5154 4838 4616 518 4548 4340 1747 541 454 520 7845 7582 1713 1570
is_linear=0
shrinkage=0.05


end of trees

feature_importances:
f_dte=600
f_idx_vol_24=573
f_bars_left=526
f_dow=521
f_dist_lo_75=459
f_req_move=363
f_close=354
f_dist_hi_75=300
f_ret_48=245
f_idx_ret_24=234
f_vol_48=219
f_moneyness=191
f_idx_rsi=187
f_atr_rel=160
f_tsi=158
f_is_ce=150
f_ema_rel_48=124
f_hma_slope=123
f_minute_of_day=115
f_vol_24=114
f_ret_24=105
f_dist_hi_24=87
f_hma_rel=81
f_dist_lo_24=77
f_rsi=70
f_vol_12=55
f_log_close=54
f_dist_hi_12=45
f_bb_pos=44
f_oi_chg_24=38
f_idx_ret_6=34
f_vol_6=33
f_dist_lo_12=26
f_ret_12=26
f_ema_rel_12=24
f_oi_chg_6=15
f_ret_3=14
f_lower_wick=9
f_ret_6=5
f_vol_rel=5
f_hl_range=4
f_body=3
f_ret_1=1
f_upper_wick=1

parameters:
[boosting: gbdt]
[objective: binary]
[metric: binary_logloss]
[tree_learner: serial]
[device_type: cpu]
[data_sample_strategy: bagging]
[data: ]
[valid: ]
[num_iterations: 400]
[learning_rate: 0.05]
[num_leaves: 63]
[num_threads: -1]
[seed: 0]
[deterministic: 0]
[force_col_wise: 0]
[force_row_wise: 0]
[histogram_pool_size: -1]
[max_depth: -1]
[min_data_in_leaf: 200]
[min_sum_hessian_in_leaf: 0.001]
[bagging_fraction: 0.8]
[pos_bagging_fraction: 1]
[neg_bagging_fraction: 1]
[bagging_freq: 1]
[bagging_seed: 3]
[bagging_by_query: 0]
[feature_fraction: 0.8]
[feature_fraction_bynode: 1]
[feature_fraction_seed: 2]
[extra_trees: 0]
[extra_seed: 6]
[early_stopping_round: 0]
[early_stopping_min_delta: 0]
[first_metric_only: 0]
[max_delta_step: 0]
[lambda_l1: 0]
[lambda_l2: 0]
[linear_lambda: 0]
[min_gain_to_split: 0]
[drop_rate: 0.1]
[max_drop: 50]
[skip_drop: 0.5]
[xgboost_dart_mode: 0]
[uniform_drop: 0]
[drop_seed: 4]
[top_rate: 0.2]
[other_rate: 0.1]
[min_data_per_group: 100]
[max_cat_threshold: 32]
[cat_l2: 10]
[cat_smooth: 10]
[max_cat_to_onehot: 4]
[top_k: 20]
[monotone_constraints: ]
[monotone_constraints_method: basic]
[monotone_penalty: 0]
[feature_contri: ]
[forcedsplits_filename: ]
[refit_decay_rate: 0.9]
[cegb_tradeoff: 1]
[cegb_penalty_split: 0]
[cegb_penalty_feature_lazy: ]
[cegb_penalty_feature_coupled: ]
[path_smooth: 0]
[interaction_constraints: ]
[verbosity: -1]
[saved_feature_importance_type: 0]
[use_quantized_grad: 0]
[num_grad_quant_bins: 4]
[quant_train_renew_leaf: 0]
[stochastic_rounding: 1]
[linear_tree: 0]
[max_bin: 255]
[max_bin_by_feature: ]
[min_data_in_bin: 3]
[bin_construct_sample_cnt: 200000]
[data_random_seed: 1]
[is_enable_sparse: 1]
[enable_bundle: 1]
[use_missing: 1]
[zero_as_missing: 0]
[feature_pre_filter: 1]
[pre_partition: 0]
[two_round: 0]
[header: 0]
[label_column: ]
[weight_column: ]
[group_column: ]
[ignore_column: ]
[categorical_feature: ]
[forcedbins_filename: ]
[precise_float_parser: 0]
[parser_config_file: ]
[objective_seed: 5]
[num_class: 1]
[is_unbalance: 0]
[scale_pos_weight: 1]
[sigmoid: 1]
[boost_from_average: 1]
[reg_sqrt: 0]
[alpha: 0.9]
[fair_c: 1]
[poisson_max_delta_step: 0.7]
[tweedie_variance_power: 1.5]
[lambdarank_truncation_level: 30]
[lambdarank_norm: 1]
[label_gain: ]
[lambdarank_position_bias_regularization: 0]
[eval_at: ]
[multi_error_top_k: 1]
[auc_mu_weights: ]
[num_machines: 1]
[local_listen_port: 12400]
[time_out: 120]
[machine_list_filename: ]
[machines: ]
[gpu_platform_id: -1]
[gpu_device_id: -1]
[gpu_device_id_list: ]
[gpu_use_dp: 0]
[num_gpu: 1]

end of parameters

pandas_categorical:[]
